filename,projectname,country,version,date,formatted_date,crc,release,file_size,full_path
BK2007_DE_0.11.4.241126_E98C_beta_Encrypt.bin,BK2007,DE,0.11.4,241126,2026-11-24,E98C,beta,67744,D:\Data\Document\ProductsLibrary\C线产品资料库\BK2007\beta\BK2007_0.11.4.241126_beta\DE\BK2007_DE_0.11.4.241126_E98C_beta_Encrypt.bin
BK2007_DE_0.11.4.241126_EFE1_beta_Open.bin,BK2007,DE,0.11.4,241126,2026-11-24,EFE1,beta,67724,D:\Data\Document\ProductsLibrary\C线产品资料库\BK2007\beta\BK2007_0.11.4.241126_beta\DE\BK2007_DE_0.11.4.241126_EFE1_beta_Open.bin
BK2007_UK_0.11.4.241126_E9A5_beta_Encrypt.bin,BK2007,UK,0.11.4,241126,2026-11-24,E9A5,beta,67744,D:\Data\Document\ProductsLibrary\C线产品资料库\BK2007\beta\BK2007_0.11.4.241126_beta\UK\BK2007_UK_0.11.4.241126_E9A5_beta_Encrypt.bin
BK2007_UK_0.11.4.241126_EFFA_beta_Open.bin,BK2007,UK,0.11.4,241126,2026-11-24,EFFA,beta,67724,D:\Data\Document\ProductsLibrary\C线产品资料库\BK2007\beta\BK2007_0.11.4.241126_beta\UK\BK2007_UK_0.11.4.241126_EFFA_beta_Open.bin
BK2007_US_0.11.4.241126_E8E1_beta_Encrypt.bin,BK2007,US,0.11.4,241126,2026-11-24,E8E1,beta,67744,D:\Data\Document\ProductsLibrary\C线产品资料库\BK2007\beta\BK2007_0.11.4.241126_beta\US\BK2007_US_0.11.4.241126_E8E1_beta_Encrypt.bin
BK2007_US_0.11.4.241126_EF36_beta_Open.bin,BK2007,US,0.11.4,241126,2026-11-24,EF36,beta,67724,D:\Data\Document\ProductsLibrary\C线产品资料库\BK2007\beta\BK2007_0.11.4.241126_beta\US\BK2007_US_0.11.4.241126_EF36_beta_Open.bin
BK2007_DE_0.11.8.250409_B8A9_beta_Open.bin,BK2007,DE,0.11.8,250409,2009-04-25,B8A9,beta,69392,D:\Data\Document\ProductsLibrary\C线产品资料库\BK2007\beta\BK2007_0.11.8.250409_beta\DE\BK2007_DE_0.11.8.250409_B8A9_beta_Open.bin
BK2007_UK_0.11.8.250409_B8C2_beta_Open.bin,BK2007,UK,0.11.8,250409,2009-04-25,B8C2,beta,69392,D:\Data\Document\ProductsLibrary\C线产品资料库\BK2007\beta\BK2007_0.11.8.250409_beta\UK\BK2007_UK_0.11.8.250409_B8C2_beta_Open.bin
BK2007_US_0.11.8.250409_98C4_beta_Open.bin,BK2007,US,0.11.8,250409,2009-04-25,98C4,beta,69392,D:\Data\Document\ProductsLibrary\C线产品资料库\BK2007\beta\BK2007_0.11.8.250409_beta\US\BK2007_US_0.11.8.250409_98C4_beta_Open.bin
BK2007_DE_0.12.1.250418_14A2_beta_Open.bin,BK2007,DE,0.12.1,250418,2018-04-25,14A2,beta,68816,D:\Data\Document\ProductsLibrary\C线产品资料库\BK2007\beta\BK2007_0.12.1.250418_beta\DE\BK2007_DE_0.12.1.250418_14A2_beta_Open.bin
BK2007_UK_0.12.1.250418_14BB_beta_Open.bin,BK2007,UK,0.12.1,250418,2018-04-25,14BB,beta,68816,D:\Data\Document\ProductsLibrary\C线产品资料库\BK2007\beta\BK2007_0.12.1.250418_beta\UK\BK2007_UK_0.12.1.250418_14BB_beta_Open.bin
BK2007_US_0.12.1.250418_F6C4_beta_Open.bin,BK2007,US,0.12.1,250418,2018-04-25,F6C4,beta,68812,D:\Data\Document\ProductsLibrary\C线产品资料库\BK2007\beta\BK2007_0.12.1.250418_beta\US\BK2007_US_0.12.1.250418_F6C4_beta_Open.bin
BK2007_DE_0.12.3.250429_F15B_beta_Open.bin,BK2007,DE,0.12.3,250429,2029-04-25,F15B,beta,65656,D:\Data\Document\ProductsLibrary\C线产品资料库\BK2007\beta\BK2007_0.12.3.250429_beta\DE\BK2007_DE_0.12.3.250429_F15B_beta_Open.bin
BK2007_UK_0.12.3.250429_F174_beta_Open.bin,BK2007,UK,0.12.3,250429,2029-04-25,F174,beta,65656,D:\Data\Document\ProductsLibrary\C线产品资料库\BK2007\beta\BK2007_0.12.3.250429_beta\UK\BK2007_UK_0.12.3.250429_F174_beta_Open.bin
BK2007_US_0.12.3.250429_D477_beta_Open.bin,BK2007,US,0.12.3,250429,2029-04-25,D477,beta,65652,D:\Data\Document\ProductsLibrary\C线产品资料库\BK2007\beta\BK2007_0.12.3.250429_beta\US\BK2007_US_0.12.3.250429_D477_beta_Open.bin
BK2007_DE_0.12.4.250623_F389_beta_Open.bin,BK2007,DE,0.12.4,250623,2023-06-25,F389,beta,65880,D:\Data\Document\ProductsLibrary\C线产品资料库\BK2007\beta\BK2007_0.12.4.250623_beta\DE\BK2007_DE_0.12.4.250623_F389_beta_Open.bin
BK2007_UK_0.12.4.250623_F3A2_beta_Open.bin,BK2007,UK,0.12.4,250623,2023-06-25,F3A2,beta,65880,D:\Data\Document\ProductsLibrary\C线产品资料库\BK2007\beta\BK2007_0.12.4.250623_beta\UK\BK2007_UK_0.12.4.250623_F3A2_beta_Open.bin
BK2007_US_0.12.4.250623_F2DE_beta_Open.bin,BK2007,US,0.12.4,250623,2023-06-25,F2DE,beta,65880,D:\Data\Document\ProductsLibrary\C线产品资料库\BK2007\beta\BK2007_0.12.4.250623_beta\US\BK2007_US_0.12.4.250623_F2DE_beta_Open.bin
BK2007_DE_0.12.4.250623_F389_beta_Open.bin,BK2007,DE,0.12.4,250623,2023-06-25,F389,beta,65880,D:\Data\Document\ProductsLibrary\C线产品资料库\BK2007\固件\beta\BK2007_0.12.4.250623_beta\DE\BK2007_DE_0.12.4.250623_F389_beta_Open.bin
BK2007_UK_0.12.4.250623_F3A2_beta_Open.bin,BK2007,UK,0.12.4,250623,2023-06-25,F3A2,beta,65880,D:\Data\Document\ProductsLibrary\C线产品资料库\BK2007\固件\beta\BK2007_0.12.4.250623_beta\UK\BK2007_UK_0.12.4.250623_F3A2_beta_Open.bin
BK2007_US_0.12.4.250623_F2DE_beta_Open.bin,BK2007,US,0.12.4,250623,2023-06-25,F2DE,beta,65880,D:\Data\Document\ProductsLibrary\C线产品资料库\BK2007\固件\beta\BK2007_0.12.4.250623_beta\US\BK2007_US_0.12.4.250623_F2DE_beta_Open.bin
BK2007_DE_ES_IT_0.12.5.250806_FC7D_beta_Open.bin,BK2007_DE_ES,IT,0.12.5,250806,2006-08-25,FC7D,beta,65900,D:\Data\Document\ProductsLibrary\C线产品资料库\BK2007\固件\beta\BK2007_0.12.5.250806_beta\DE_ES_IT\BK2007_DE_ES_IT_0.12.5.250806_FC7D_beta_Open.bin
BK2007_FR_0.12.5.250806_3D2E_beta_Open.bin,BK2007,FR,0.12.5,250806,2006-08-25,3D2E,beta,66056,D:\Data\Document\ProductsLibrary\C线产品资料库\BK2007\固件\beta\BK2007_0.12.5.250806_beta\FR\BK2007_FR_0.12.5.250806_3D2E_beta_Open.bin
BK2007_DE_0.11.4.241126_E98C_release_Encrypt.bin,BK2007,DE,0.11.4,241126,2026-11-24,E98C,release,67744,D:\Data\Document\ProductsLibrary\C线产品资料库\BK2007\固件\release\BK2007_0.11.4.241126_release\DE\BK2007_DE_0.11.4.241126_E98C_release_Encrypt.bin
BK2007_DE_0.11.4.241126_EFE1_release_Open.bin,BK2007,DE,0.11.4,241126,2026-11-24,EFE1,release,67724,D:\Data\Document\ProductsLibrary\C线产品资料库\BK2007\固件\release\BK2007_0.11.4.241126_release\DE\BK2007_DE_0.11.4.241126_EFE1_release_Open.bin
BK2007_UK_0.11.4.241126_E9A5_release_Encrypt.bin,BK2007,UK,0.11.4,241126,2026-11-24,E9A5,release,67744,D:\Data\Document\ProductsLibrary\C线产品资料库\BK2007\固件\release\BK2007_0.11.4.241126_release\UK\BK2007_UK_0.11.4.241126_E9A5_release_Encrypt.bin
BK2007_UK_0.11.4.241126_EFFA_release_Open.bin,BK2007,UK,0.11.4,241126,2026-11-24,EFFA,release,67724,D:\Data\Document\ProductsLibrary\C线产品资料库\BK2007\固件\release\BK2007_0.11.4.241126_release\UK\BK2007_UK_0.11.4.241126_EFFA_release_Open.bin
BK2007_US_0.11.4.241126_E8E1_release_Encrypt.bin,BK2007,US,0.11.4,241126,2026-11-24,E8E1,release,67744,D:\Data\Document\ProductsLibrary\C线产品资料库\BK2007\固件\release\BK2007_0.11.4.241126_release\US\BK2007_US_0.11.4.241126_E8E1_release_Encrypt.bin
BK2007_US_0.11.4.241126_EF36_release_Open.bin,BK2007,US,0.11.4,241126,2026-11-24,EF36,release,67724,D:\Data\Document\ProductsLibrary\C线产品资料库\BK2007\固件\release\BK2007_0.11.4.241126_release\US\BK2007_US_0.11.4.241126_EF36_release_Open.bin
BK2007_DE_0.12.3.250429_F15B_release_Open.bin,BK2007,DE,0.12.3,250429,2029-04-25,F15B,release,65656,D:\Data\Document\ProductsLibrary\C线产品资料库\BK2007\固件\release\BK2007_0.12.3.250429_release\DE\BK2007_DE_0.12.3.250429_F15B_release_Open.bin
BK2007_UK_0.12.3.250429_F174_release_Open.bin,BK2007,UK,0.12.3,250429,2029-04-25,F174,release,65656,D:\Data\Document\ProductsLibrary\C线产品资料库\BK2007\固件\release\BK2007_0.12.3.250429_release\UK\BK2007_UK_0.12.3.250429_F174_release_Open.bin
BK2007_US_0.12.3.250429_D477_release_Open.bin,BK2007,US,0.12.3,250429,2029-04-25,D477,release,65652,D:\Data\Document\ProductsLibrary\C线产品资料库\BK2007\固件\release\BK2007_0.12.3.250429_release\US\BK2007_US_0.12.3.250429_D477_release_Open.bin
BK2007_DE_0.12.4.250623_F389_release_Open.bin,BK2007,DE,0.12.4,250623,2023-06-25,F389,release,65880,D:\Data\Document\ProductsLibrary\C线产品资料库\BK2007\固件\release\BK2007_0.12.4.250623_release\DE\BK2007_DE_0.12.4.250623_F389_release_Open.bin
BK2007_UK_0.12.4.250623_F3A2_release_Open.bin,BK2007,UK,0.12.4,250623,2023-06-25,F3A2,release,65880,D:\Data\Document\ProductsLibrary\C线产品资料库\BK2007\固件\release\BK2007_0.12.4.250623_release\UK\BK2007_UK_0.12.4.250623_F3A2_release_Open.bin
BK2007_US_0.12.4.250623_F2DE_release_Open.bin,BK2007,US,0.12.4,250623,2023-06-25,F2DE,release,65880,D:\Data\Document\ProductsLibrary\C线产品资料库\BK2007\固件\release\BK2007_0.12.4.250623_release\US\BK2007_US_0.12.4.250623_F2DE_release_Open.bin
BK2007_DE_ES_IT_0.12.5.250806_FC7D_release_Open.bin,BK2007_DE_ES,IT,0.12.5,250806,2006-08-25,FC7D,release,65900,D:\Data\Document\ProductsLibrary\C线产品资料库\BK2007\固件\release\BK2007_0.12.5.250806_release\DE_ES_IT\BK2007_DE_ES_IT_0.12.5.250806_FC7D_release_Open.bin
BK2007_FR_0.12.5.250806_3D2E_release_Open.bin,BK2007,FR,0.12.5,250806,2006-08-25,3D2E,release,66056,D:\Data\Document\ProductsLibrary\C线产品资料库\BK2007\固件\release\BK2007_0.12.5.250806_release\FR\BK2007_FR_0.12.5.250806_3D2E_release_Open.bin
BK2007_DE_ES_IT_0.12.7.250904_4321_release_Open.bin,BK2007_DE_ES,IT,0.12.7,250904,2004-09-25,4321,release,65292,D:\Data\Document\ProductsLibrary\C线产品资料库\BK2007\固件\release\BK2007_0.12.7.250904_release\DE_ES_IT\BK2007_DE_ES_IT_0.12.7.250904_4321_release_Open.bin
BK2007_FR_0.12.7.250904_8926_release_Open.bin,BK2007,FR,0.12.7,250904,2004-09-25,8926,release,64656,D:\Data\Document\ProductsLibrary\C线产品资料库\BK2007\固件\release\BK2007_0.12.7.250904_release\FR\BK2007_FR_0.12.7.250904_8926_release_Open.bin
BK2007_UK_0.12.7.250904_4240_release_Open.bin,BK2007,UK,0.12.7,250904,2004-09-25,4240,release,65284,D:\Data\Document\ProductsLibrary\C线产品资料库\BK2007\固件\release\BK2007_0.12.7.250904_release\UK\BK2007_UK_0.12.7.250904_4240_release_Open.bin
BK2007_US_0.12.7.250904_417C_release_Open.bin,BK2007,US,0.12.7,250904,2004-09-25,417C,release,65284,D:\Data\Document\ProductsLibrary\C线产品资料库\BK2007\固件\release\BK2007_0.12.7.250904_release\US\BK2007_US_0.12.7.250904_417C_release_Open.bin
Classic_DE_0.0.14.250318_D7B1_beta_Open.bin,Classic,DE,0.0.14,250318,2018-03-25,D7B1,beta,83640,D:\Data\Document\ProductsLibrary\C线产品资料库\KB002_black\固件\beta\Classic_0.0.14.250318_beta\DE\Classic_DE_0.0.14.250318_D7B1_beta_Open.bin
Classic_UK_0.0.14.250318_D808_beta_Open.bin,Classic,UK,0.0.14,250318,2018-03-25,D808,beta,83676,D:\Data\Document\ProductsLibrary\C线产品资料库\KB002_black\固件\beta\Classic_0.0.14.250318_beta\UK\Classic_UK_0.0.14.250318_D808_beta_Open.bin
Classic_US_0.0.14.250318_90F6_beta_Open.bin,Classic,US,0.0.14,250318,2018-03-25,90F6,beta,83468,D:\Data\Document\ProductsLibrary\C线产品资料库\KB002_black\固件\beta\Classic_0.0.14.250318_beta\US\Classic_US_0.0.14.250318_90F6_beta_Open.bin
KB002_DE_0.0.10.250228_7F63_beta_Open.bin,KB002,DE,0.0.10,250228,2028-02-25,7F63,beta,83360,D:\Data\Document\ProductsLibrary\C线产品资料库\KB002_black\固件\beta\KB002_0.0.10.250228_beta\DE\KB002_DE_0.0.10.250228_7F63_beta_Open.bin
KB002_UK_0.0.10.250228_9714_beta_Open.bin,KB002,UK,0.0.10,250228,2028-02-25,9714,beta,83392,D:\Data\Document\ProductsLibrary\C线产品资料库\KB002_black\固件\beta\KB002_0.0.10.250228_beta\UK\KB002_UK_0.0.10.250228_9714_beta_Open.bin
KB002_US_0.0.10.250228_51EA_beta_Open.bin,KB002,US,0.0.10,250228,2028-02-25,51EA,beta,83196,D:\Data\Document\ProductsLibrary\C线产品资料库\KB002_black\固件\beta\KB002_0.0.10.250228_beta\US\KB002_US_0.0.10.250228_51EA_beta_Open.bin
KB002_JP_0.0.16.250703_9C32_beta_Open.bin,KB002,JP,0.0.16,250703,2003-07-25,9C32,beta,83528,D:\Data\Document\ProductsLibrary\C线产品资料库\KB002_black\固件\beta\KB002_0.0.16.250703_beta\JP\KB002_JP_0.0.16.250703_9C32_beta_Open.bin
KB002_JP_0.0.17.250715_99BD_beta_Open.bin,KB002,JP,0.0.17,250715,2015-07-25,99BD,beta,83496,D:\Data\Document\ProductsLibrary\C线产品资料库\KB002_black\固件\beta\KB002_0.0.17.250715_beta\JP\KB002_JP_0.0.17.250715_99BD_beta_Open.bin
KB002_DE_0.0.5.250108_89D7_beta_Open.bin,KB002,DE,0.0.5,250108,2008-01-25,89D7,beta,83372,D:\Data\Document\ProductsLibrary\C线产品资料库\KB002_black\固件\beta\KB002_0.0.5.250108_beta\DE\KB002_DE_0.0.5.250108_89D7_beta_Open.bin
KB002_UK_0.0.5.250108_97FA_beta_Open.bin,KB002,UK,0.0.5,250108,2008-01-25,97FA,beta,83400,D:\Data\Document\ProductsLibrary\C线产品资料库\KB002_black\固件\beta\KB002_0.0.5.250108_beta\UK\KB002_UK_0.0.5.250108_97FA_beta_Open.bin
KB002_US_0.0.5.250108_4DCE_beta_Open.bin,KB002,US,0.0.5,250108,2008-01-25,4DCE,beta,83204,D:\Data\Document\ProductsLibrary\C线产品资料库\KB002_black\固件\beta\KB002_0.0.5.250108_beta\US\KB002_US_0.0.5.250108_4DCE_beta_Open.bin
KB002_DE_0.0.6.250114_89D7_beta_Open.bin,KB002,DE,0.0.6,250114,2014-01-25,89D7,beta,83372,D:\Data\Document\ProductsLibrary\C线产品资料库\KB002_black\固件\beta\KB002_0.0.6.250114_beta\DE\KB002_DE_0.0.6.250114_89D7_beta_Open.bin
KB002_UK_0.0.6.250114_97F6_beta_Open.bin,KB002,UK,0.0.6,250114,2014-01-25,97F6,beta,83400,D:\Data\Document\ProductsLibrary\C线产品资料库\KB002_black\固件\beta\KB002_0.0.6.250114_beta\UK\KB002_UK_0.0.6.250114_97F6_beta_Open.bin
KB002_US_0.0.6.250114_4DCE_beta_Open.bin,KB002,US,0.0.6,250114,2014-01-25,4DCE,beta,83204,D:\Data\Document\ProductsLibrary\C线产品资料库\KB002_black\固件\beta\KB002_0.0.6.250114_beta\US\KB002_US_0.0.6.250114_4DCE_beta_Open.bin
KB002_DE_0.0.9.250207_A92C_beta_Open.bin,KB002,DE,0.0.9,250207,2007-02-25,A92C,beta,83424,D:\Data\Document\ProductsLibrary\C线产品资料库\KB002_black\固件\beta\KB002_0.0.9.250207_beta\DE\KB002_DE_0.0.9.250207_A92C_beta_Open.bin
KB002_UK_0.0.9.250207_B8DD_beta_Open.bin,KB002,UK,0.0.9,250207,2007-02-25,B8DD,beta,83452,D:\Data\Document\ProductsLibrary\C线产品资料库\KB002_black\固件\beta\KB002_0.0.9.250207_beta\UK\KB002_UK_0.0.9.250207_B8DD_beta_Open.bin
KB002_US_0.0.9.250207_65DE_beta_Open.bin,KB002,US,0.0.9,250207,2007-02-25,65DE,beta,83244,D:\Data\Document\ProductsLibrary\C线产品资料库\KB002_black\固件\beta\KB002_0.0.9.250207_beta\US\KB002_US_0.0.9.250207_65DE_beta_Open.bin
N0001_DE_0.0.12.250311_9ECE_beta_Open.bin,N0001,DE,0.0.12,250311,2011-03-25,9ECE,beta,83452,D:\Data\Document\ProductsLibrary\C线产品资料库\KB002_black\固件\beta\N0001_0.0.12.250311_beta\DE\N0001_DE_0.0.12.250311_9ECE_beta_Open.bin
N0001_UK_0.0.12.250311_A302_beta_Open.bin,N0001,UK,0.0.12,250311,2011-03-25,A302,beta,83488,D:\Data\Document\ProductsLibrary\C线产品资料库\KB002_black\固件\beta\N0001_0.0.12.250311_beta\UK\N0001_UK_0.0.12.250311_A302_beta_Open.bin
N0001_US_0.0.12.250311_43EA_beta_Open.bin,N0001,US,0.0.12,250311,2011-03-25,43EA,beta,83276,D:\Data\Document\ProductsLibrary\C线产品资料库\KB002_black\固件\beta\N0001_0.0.12.250311_beta\US\N0001_US_0.0.12.250311_43EA_beta_Open.bin
N0001_DE_0.0.13.250313_D051_beta_Open.bin,N0001,DE,0.0.13,250313,2013-03-25,D051,beta,83640,D:\Data\Document\ProductsLibrary\C线产品资料库\KB002_black\固件\beta\N0001_0.0.13.250313_beta\DE\N0001_DE_0.0.13.250313_D051_beta_Open.bin
N0001_UK_0.0.13.250313_D0A8_beta_Open.bin,N0001,UK,0.0.13,250313,2013-03-25,D0A8,beta,83676,D:\Data\Document\ProductsLibrary\C线产品资料库\KB002_black\固件\beta\N0001_0.0.13.250313_beta\UK\N0001_UK_0.0.13.250313_D0A8_beta_Open.bin
N0001_US_0.0.13.250313_8996_beta_Open.bin,N0001,US,0.0.13,250313,2013-03-25,8996,beta,83468,D:\Data\Document\ProductsLibrary\C线产品资料库\KB002_black\固件\beta\N0001_0.0.13.250313_beta\US\N0001_US_0.0.13.250313_8996_beta_Open.bin
Classic_DE_0.0.14.250318_D7B1_release_Open.bin,Classic,DE,0.0.14,250318,2018-03-25,D7B1,release,83640,D:\Data\Document\ProductsLibrary\C线产品资料库\KB002_black\固件\release\Classic_0.0.14.250318_release\DE\Classic_DE_0.0.14.250318_D7B1_release_Open.bin
Classic_UK_0.0.14.250318_D808_release_Open.bin,Classic,UK,0.0.14,250318,2018-03-25,D808,release,83676,D:\Data\Document\ProductsLibrary\C线产品资料库\KB002_black\固件\release\Classic_0.0.14.250318_release\UK\Classic_UK_0.0.14.250318_D808_release_Open.bin
Classic_US_0.0.14.250318_90F6_release_Open.bin,Classic,US,0.0.14,250318,2018-03-25,90F6,release,83468,D:\Data\Document\ProductsLibrary\C线产品资料库\KB002_black\固件\release\Classic_0.0.14.250318_release\US\Classic_US_0.0.14.250318_90F6_release_Open.bin
KB002_JP_0.0.17.250715_99BD_release_Open.bin,KB002,JP,0.0.17,250715,2015-07-25,99BD,release,83496,D:\Data\Document\ProductsLibrary\C线产品资料库\KB002_black\固件\release\KB002_0.0.17.250715_release\JP\KB002_JP_0.0.17.250715_99BD_release_Open.bin
KB002_FR_0.2.2.251022_1066_release_Open.bin,KB002,FR,0.2.2,251022,2022-10-25,1066,release,83872,D:\Data\Document\ProductsLibrary\C线产品资料库\KB002_black\固件\release\KB002_0.2.2.251022_release\FR\KB002_FR_0.2.2.251022_1066_release_Open.bin
KB01103_DE_0.0.11.250109_3013_beta_Open.bin,KB01103,DE,0.0.11,250109,2009-01-25,3013,beta,84712,D:\Data\Document\ProductsLibrary\C线产品资料库\KB01103\固件\beta\KB01103_0.0.11.250109_beta\DE\KB01103_DE_0.0.11.250109_3013_beta_Open.bin
KB01103_UK_0.0.11.250109_3BBA_beta_Open.bin,KB01103,UK,0.0.11,250109,2009-01-25,3BBA,beta,84748,D:\Data\Document\ProductsLibrary\C线产品资料库\KB01103\固件\beta\KB01103_0.0.11.250109_beta\UK\KB01103_UK_0.0.11.250109_3BBA_beta_Open.bin
KB01103_US_0.0.11.250109_D431_beta_Open.bin,KB01103,US,0.0.11,250109,2009-01-25,D431,beta,84548,D:\Data\Document\ProductsLibrary\C线产品资料库\KB01103\固件\beta\KB01103_0.0.11.250109_beta\US\KB01103_US_0.0.11.250109_D431_beta_Open.bin
KB01103_DE_0.0.7.241225_EC69_beta_Open.bin,KB01103,DE,0.0.7,241225,2025-12-24,EC69,beta,83836,D:\Data\Document\ProductsLibrary\C线产品资料库\KB01103\固件\beta\KB01103_0.0.7.241225_beta\DE\KB01103_DE_0.0.7.241225_EC69_beta_Open.bin
KB01103_UK_0.0.7.241225_E817_beta_Open.bin,KB01103,UK,0.0.7,241225,2025-12-24,E817,beta,83868,D:\Data\Document\ProductsLibrary\C线产品资料库\KB01103\固件\beta\KB01103_0.0.7.241225_beta\UK\KB01103_UK_0.0.7.241225_E817_beta_Open.bin
KB01103_US_0.0.7.241225_88A0_beta_Open.bin,KB01103,US,0.0.7,241225,2025-12-24,88A0,beta,83672,D:\Data\Document\ProductsLibrary\C线产品资料库\KB01103\固件\beta\KB01103_0.0.7.241225_beta\US\KB01103_US_0.0.7.241225_88A0_beta_Open.bin
KB01103_DE_0.0.9.241227_CB09_beta_Open.bin,KB01103,DE,0.0.9,241227,2027-12-24,CB09,beta,84536,D:\Data\Document\ProductsLibrary\C线产品资料库\KB01103\固件\beta\KB01103_0.0.9.241227_beta\DE\KB01103_DE_0.0.9.241227_CB09_beta_Open.bin
KB01103_UK_0.0.9.241227_D133_beta_Open.bin,KB01103,UK,0.0.9,241227,2027-12-24,D133,beta,84568,D:\Data\Document\ProductsLibrary\C线产品资料库\KB01103\固件\beta\KB01103_0.0.9.241227_beta\UK\KB01103_UK_0.0.9.241227_D133_beta_Open.bin
KB01103_US_0.0.9.241227_8FBB_beta_Open.bin,KB01103,US,0.0.9,241227,2027-12-24,8FBB,beta,84356,D:\Data\Document\ProductsLibrary\C线产品资料库\KB01103\固件\beta\KB01103_0.0.9.241227_beta\US\KB01103_US_0.0.9.241227_8FBB_beta_Open.bin
KB01103_DE_0.0.11.250109_3013_release_Open.bin,KB01103,DE,0.0.11,250109,2009-01-25,3013,release,84712,D:\Data\Document\ProductsLibrary\C线产品资料库\KB01103\固件\release\KB01103_0.0.11.250109_release\DE\KB01103_DE_0.0.11.250109_3013_release_Open.bin
KB01103_UK_0.0.11.250109_3BBA_release_Open.bin,KB01103,UK,0.0.11,250109,2009-01-25,3BBA,release,84748,D:\Data\Document\ProductsLibrary\C线产品资料库\KB01103\固件\release\KB01103_0.0.11.250109_release\UK\KB01103_UK_0.0.11.250109_3BBA_release_Open.bin
KB01103_US_0.0.11.250109_D431_release_Open.bin,KB01103,US,0.0.11,250109,2009-01-25,D431,release,84548,D:\Data\Document\ProductsLibrary\C线产品资料库\KB01103\固件\release\KB01103_0.0.11.250109_release\US\KB01103_US_0.0.11.250109_D431_release_Open.bin
KB01104_DE_2.2.2.241105_beta.bin,KB01104,DE,2.2.2,241105,2005-11-24,,beta,80824,D:\Data\Document\ProductsLibrary\C线产品资料库\KB01104\固件\beta\新PCBA\KB01104_2.2.2.241105_beta\DE\KB01104_DE_2.2.2.241105_beta.bin
KB01104_UK_2.2.2.241105_beta.bin,KB01104,UK,2.2.2,241105,2005-11-24,,beta,80824,D:\Data\Document\ProductsLibrary\C线产品资料库\KB01104\固件\beta\新PCBA\KB01104_2.2.2.241105_beta\UK\KB01104_UK_2.2.2.241105_beta.bin
KB01104_US_2.2.2.241105_beta.bin,KB01104,US,2.2.2,241105,2005-11-24,,beta,80824,D:\Data\Document\ProductsLibrary\C线产品资料库\KB01104\固件\beta\新PCBA\KB01104_2.2.2.241105_beta\US\KB01104_US_2.2.2.241105_beta.bin
KB01104_DE_2.2.3.241112_beta.bin,KB01104,DE,2.2.3,241112,2012-11-24,,beta,81888,D:\Data\Document\ProductsLibrary\C线产品资料库\KB01104\固件\beta\新PCBA\KB01104_2.2.3.241112_beta\DE\KB01104_DE_2.2.3.241112_beta.bin
KB01104_DE_2.2.3.241112_beta_Encrypt.bin,KB01104,DE,2.2.3,241112,2012-11-24,,beta,81908,D:\Data\Document\ProductsLibrary\C线产品资料库\KB01104\固件\beta\新PCBA\KB01104_2.2.3.241112_beta\DE\KB01104_DE_2.2.3.241112_beta_Encrypt.bin
KB01104_UK_2.2.3.241112_beta.bin,KB01104,UK,2.2.3,241112,2012-11-24,,beta,81888,D:\Data\Document\ProductsLibrary\C线产品资料库\KB01104\固件\beta\新PCBA\KB01104_2.2.3.241112_beta\UK\KB01104_UK_2.2.3.241112_beta.bin
KB01104_UK_2.2.3.241112_beta_Encrypt.bin,KB01104,UK,2.2.3,241112,2012-11-24,,beta,81908,D:\Data\Document\ProductsLibrary\C线产品资料库\KB01104\固件\beta\新PCBA\KB01104_2.2.3.241112_beta\UK\KB01104_UK_2.2.3.241112_beta_Encrypt.bin
KB01104_US_2.2.3.241112_beta.bin,KB01104,US,2.2.3,241112,2012-11-24,,beta,81888,D:\Data\Document\ProductsLibrary\C线产品资料库\KB01104\固件\beta\新PCBA\KB01104_2.2.3.241112_beta\US\KB01104_US_2.2.3.241112_beta.bin
KB01104_US_2.2.3.241112_beta_Encrypt.bin,KB01104,US,2.2.3,241112,2012-11-24,,beta,81908,D:\Data\Document\ProductsLibrary\C线产品资料库\KB01104\固件\beta\新PCBA\KB01104_2.2.3.241112_beta\US\KB01104_US_2.2.3.241112_beta_Encrypt.bin
KB01104_DE_2.2.4.241118_beta.bin,KB01104,DE,2.2.4,241118,2018-11-24,,beta,81888,D:\Data\Document\ProductsLibrary\C线产品资料库\KB01104\固件\beta\新PCBA\KB01104_2.2.4.241118_beta\DE\KB01104_DE_2.2.4.241118_beta.bin
KB01104_DE_2.2.4.241118_beta_Encrypt.bin,KB01104,DE,2.2.4,241118,2018-11-24,,beta,81908,D:\Data\Document\ProductsLibrary\C线产品资料库\KB01104\固件\beta\新PCBA\KB01104_2.2.4.241118_beta\DE\KB01104_DE_2.2.4.241118_beta_Encrypt.bin
KB01104_UK_2.2.4.241118_beta.bin,KB01104,UK,2.2.4,241118,2018-11-24,,beta,81888,D:\Data\Document\ProductsLibrary\C线产品资料库\KB01104\固件\beta\新PCBA\KB01104_2.2.4.241118_beta\UK\KB01104_UK_2.2.4.241118_beta.bin
KB01104_UK_2.2.4.241118_beta_Encrypt.bin,KB01104,UK,2.2.4,241118,2018-11-24,,beta,81908,D:\Data\Document\ProductsLibrary\C线产品资料库\KB01104\固件\beta\新PCBA\KB01104_2.2.4.241118_beta\UK\KB01104_UK_2.2.4.241118_beta_Encrypt.bin
KB01104_US_2.2.4.241118_beta.bin,KB01104,US,2.2.4,241118,2018-11-24,,beta,81888,D:\Data\Document\ProductsLibrary\C线产品资料库\KB01104\固件\beta\新PCBA\KB01104_2.2.4.241118_beta\US\KB01104_US_2.2.4.241118_beta.bin
KB01104_US_2.2.4.241118_beta_Encrypt.bin,KB01104,US,2.2.4,241118,2018-11-24,,beta,81908,D:\Data\Document\ProductsLibrary\C线产品资料库\KB01104\固件\beta\新PCBA\KB01104_2.2.4.241118_beta\US\KB01104_US_2.2.4.241118_beta_Encrypt.bin
KB01104_DE_2.2.5.241210_C66D_beta_Open.bin,KB01104,DE,2.2.5,241210,2010-12-24,C66D,beta,82656,D:\Data\Document\ProductsLibrary\C线产品资料库\KB01104\固件\beta\新PCBA\KB01104_2.2.5.241210_beta\DE\KB01104_DE_2.2.5.241210_C66D_beta_Open.bin
KB01104_UK_2.2.5.241210_C686_beta_Open.bin,KB01104,UK,2.2.5,241210,2010-12-24,C686,beta,82656,D:\Data\Document\ProductsLibrary\C线产品资料库\KB01104\固件\beta\新PCBA\KB01104_2.2.5.241210_beta\UK\KB01104_UK_2.2.5.241210_C686_beta_Open.bin
KB01104_US_2.2.5.241210_C5C8_beta_Open.bin,KB01104,US,2.2.5,241210,2010-12-24,C5C8,beta,82656,D:\Data\Document\ProductsLibrary\C线产品资料库\KB01104\固件\beta\新PCBA\KB01104_2.2.5.241210_beta\US\KB01104_US_2.2.5.241210_C5C8_beta_Open.bin
KB01104_DE_2.2.6.241213_EA61_beta_Open.bin,KB01104,DE,2.2.6,241213,2013-12-24,EA61,beta,82736,D:\Data\Document\ProductsLibrary\C线产品资料库\KB01104\固件\beta\新PCBA\KB01104_2.2.6.241213_beta\DE\KB01104_DE_2.2.6.241213_EA61_beta_Open.bin
KB01104_UK_2.2.6.241213_EA7A_beta_Open.bin,KB01104,UK,2.2.6,241213,2013-12-24,EA7A,beta,82736,D:\Data\Document\ProductsLibrary\C线产品资料库\KB01104\固件\beta\新PCBA\KB01104_2.2.6.241213_beta\UK\KB01104_UK_2.2.6.241213_EA7A_beta_Open.bin
KB01104_US_2.2.6.241213_E9BC_beta_Open.bin,KB01104,US,2.2.6,241213,2013-12-24,E9BC,beta,82736,D:\Data\Document\ProductsLibrary\C线产品资料库\KB01104\固件\beta\新PCBA\KB01104_2.2.6.241213_beta\US\KB01104_US_2.2.6.241213_E9BC_beta_Open.bin
KB01104_DE_2.2.1.241105_beta.bin,KB01104,DE,2.2.1,241105,2005-11-24,,beta,80824,D:\Data\Document\ProductsLibrary\C线产品资料库\KB01104\固件\beta\旧PCBA\KB01104_2.2.1.241105_beta\DE\KB01104_DE_2.2.1.241105_beta.bin
KB01104_DE_2.2.6.241213_EA61_release_Open.bin,KB01104,DE,2.2.6,241213,2013-12-24,EA61,release,82736,D:\Data\Document\ProductsLibrary\C线产品资料库\KB01104\固件\release\新PCBA\KB01104_2.2.6.241213_release\DE\KB01104_DE_2.2.6.241213_EA61_release_Open.bin
KB01104_UK_2.2.6.241213_EA7A_release_Open.bin,KB01104,UK,2.2.6,241213,2013-12-24,EA7A,release,82736,D:\Data\Document\ProductsLibrary\C线产品资料库\KB01104\固件\release\新PCBA\KB01104_2.2.6.241213_release\UK\KB01104_UK_2.2.6.241213_EA7A_release_Open.bin
KB01104_US_2.2.6.241213_E9BC_release_Open.bin,KB01104,US,2.2.6,241213,2013-12-24,E9BC,release,82736,D:\Data\Document\ProductsLibrary\C线产品资料库\KB01104\固件\release\新PCBA\KB01104_2.2.6.241213_release\US\KB01104_US_2.2.6.241213_E9BC_release_Open.bin
KB01105_FR_0.0.10.250528_91D1_beta_Open.bin,KB01105,FR,0.0.10,250528,2028-05-25,91D1,beta,82848,D:\Data\Document\ProductsLibrary\C线产品资料库\KB01105\固件\beta\KB01105_0.0.10.250528_beta\FR\KB01105_FR_0.0.10.250528_91D1_beta_Open.bin
KB01105_IT_0.0.10.250528_8AEC_beta_Open.bin,KB01105,IT,0.0.10,250528,2028-05-25,8AEC,beta,82816,D:\Data\Document\ProductsLibrary\C线产品资料库\KB01105\固件\beta\KB01105_0.0.10.250528_beta\IT\KB01105_IT_0.0.10.250528_8AEC_beta_Open.bin
KB01105_DE_0.0.4.240924_beta.bin,KB01105,DE,0.0.4,240924,2024-09-24,,beta,81732,D:\Data\Document\ProductsLibrary\C线产品资料库\KB01105\固件\beta\KB01105_0.0.4.240924_beta\DE\KB01105_DE_0.0.4.240924_beta.bin
KB01105_UK_0.0.4.240924_beta.bin,KB01105,UK,0.0.4,240924,2024-09-24,,beta,81644,D:\Data\Document\ProductsLibrary\C线产品资料库\KB01105\固件\beta\KB01105_0.0.4.240924_beta\UK\KB01105_UK_0.0.4.240924_beta.bin
KB01105_US_0.0.4.240924_beta.bin,KB01105,US,0.0.4,240924,2024-09-24,,beta,81464,D:\Data\Document\ProductsLibrary\C线产品资料库\KB01105\固件\beta\KB01105_0.0.4.240924_beta\US\KB01105_US_0.0.4.240924_beta.bin
KB01105_DE_0.0.5.240927_beta.bin,KB01105,DE,0.0.5,240927,2027-09-24,,beta,82880,D:\Data\Document\ProductsLibrary\C线产品资料库\KB01105\固件\beta\KB01105_0.0.5.240927_beta\DE\KB01105_DE_0.0.5.240927_beta.bin
KB01105_UK_0.0.5.240927_beta.bin,KB01105,UK,0.0.5,240927,2027-09-24,,beta,82832,D:\Data\Document\ProductsLibrary\C线产品资料库\KB01105\固件\beta\KB01105_0.0.5.240927_beta\UK\KB01105_UK_0.0.5.240927_beta.bin
KB01105_US_0.0.5.240927_beta.bin,KB01105,US,0.0.5,240927,2027-09-24,,beta,82624,D:\Data\Document\ProductsLibrary\C线产品资料库\KB01105\固件\beta\KB01105_0.0.5.240927_beta\US\KB01105_US_0.0.5.240927_beta.bin
KB01105_DE_0.0.7.241128_ABB5_beta_Open.bin,KB01105,DE,0.0.7,241128,2028-11-24,ABB5,beta,82948,D:\Data\Document\ProductsLibrary\C线产品资料库\KB01105\固件\beta\KB01105_0.0.7.241128_beta\DE\KB01105_DE_0.0.7.241128_ABB5_beta_Open.bin
KB01105_UK_0.0.7.241128_A228_beta_Open.bin,KB01105,UK,0.0.7,241128,2028-11-24,A228,beta,82896,D:\Data\Document\ProductsLibrary\C线产品资料库\KB01105\固件\beta\KB01105_0.0.7.241128_beta\UK\KB01105_UK_0.0.7.241128_A228_beta_Open.bin
KB01105_US_0.0.7.241128_8CAC_beta_Open.bin,KB01105,US,0.0.7,241128,2028-11-24,8CAC,beta,82676,D:\Data\Document\ProductsLibrary\C线产品资料库\KB01105\固件\beta\KB01105_0.0.7.241128_beta\US\KB01105_US_0.0.7.241128_8CAC_beta_Open.bin
KB01105_DE_0.0.8.241129_A417_beta_Open.bin,KB01105,DE,0.0.8,241129,2029-11-24,A417,beta,82940,D:\Data\Document\ProductsLibrary\C线产品资料库\KB01105\固件\beta\KB01105_0.0.8.241129_beta\DE\KB01105_DE_0.0.8.241129_A417_beta_Open.bin
KB01105_UK_0.0.8.241129_A580_beta_Open.bin,KB01105,UK,0.0.8,241129,2029-11-24,A580,beta,82888,D:\Data\Document\ProductsLibrary\C线产品资料库\KB01105\固件\beta\KB01105_0.0.8.241129_beta\UK\KB01105_UK_0.0.8.241129_A580_beta_Open.bin
KB01105_US_0.0.8.241129_87AB_beta_Open.bin,KB01105,US,0.0.8,241129,2029-11-24,87AB,beta,82668,D:\Data\Document\ProductsLibrary\C线产品资料库\KB01105\固件\beta\KB01105_0.0.8.241129_beta\US\KB01105_US_0.0.8.241129_87AB_beta_Open.bin
KB01105_DE_0.0.9.250115_FC82_beta_Open.bin,KB01105,DE,0.0.9,250115,2015-01-25,FC82,beta,83152,D:\Data\Document\ProductsLibrary\C线产品资料库\KB01105\固件\beta\KB01105_0.0.9.250115_beta\DE\KB01105_DE_0.0.9.250115_FC82_beta_Open.bin
KB01105_UK_0.0.9.250115_F069_beta_Open.bin,KB01105,UK,0.0.9,250115,2015-01-25,F069,beta,83108,D:\Data\Document\ProductsLibrary\C线产品资料库\KB01105\固件\beta\KB01105_0.0.9.250115_beta\UK\KB01105_UK_0.0.9.250115_F069_beta_Open.bin
KB01105_US_0.0.9.250115_BE47_beta_Open.bin,KB01105,US,0.0.9,250115,2015-01-25,BE47,beta,82900,D:\Data\Document\ProductsLibrary\C线产品资料库\KB01105\固件\beta\KB01105_0.0.9.250115_beta\US\KB01105_US_0.0.9.250115_BE47_beta_Open.bin
KB01105_FR_0.0.10.250528_91D1_release_Open.bin,KB01105,FR,0.0.10,250528,2028-05-25,91D1,release,82848,D:\Data\Document\ProductsLibrary\C线产品资料库\KB01105\固件\release\KB01105_0.0.10.250528_release\FR\KB01105_FR_0.0.10.250528_91D1_release_Open.bin
KB01105_IT_0.0.10.250528_8AEC_release_Open.bin,KB01105,IT,0.0.10,250528,2028-05-25,8AEC,release,82816,D:\Data\Document\ProductsLibrary\C线产品资料库\KB01105\固件\release\KB01105_0.0.10.250528_release\IT\KB01105_IT_0.0.10.250528_8AEC_release_Open.bin
KB01105_DE_0.0.8.241129_A417_release_Open.bin,KB01105,DE,0.0.8,241129,2029-11-24,A417,release,82940,D:\Data\Document\ProductsLibrary\C线产品资料库\KB01105\固件\release\KB01105_0.0.8.241129_release\DE\KB01105_DE_0.0.8.241129_A417_release_Open.bin
KB01105_UK_0.0.8.241129_A580_release_Open.bin,KB01105,UK,0.0.8,241129,2029-11-24,A580,release,82888,D:\Data\Document\ProductsLibrary\C线产品资料库\KB01105\固件\release\KB01105_0.0.8.241129_release\UK\KB01105_UK_0.0.8.241129_A580_release_Open.bin
KB01105_US_0.0.8.241129_87AB_release_Open.bin,KB01105,US,0.0.8,241129,2029-11-24,87AB,release,82668,D:\Data\Document\ProductsLibrary\C线产品资料库\KB01105\固件\release\KB01105_0.0.8.241129_release\US\KB01105_US_0.0.8.241129_87AB_release_Open.bin
KB01105_DE_0.0.9.250115_FC82_release_Open.bin,KB01105,DE,0.0.9,250115,2015-01-25,FC82,release,83152,D:\Data\Document\ProductsLibrary\C线产品资料库\KB01105\固件\release\KB01105_0.0.9.250115_release\DE\KB01105_DE_0.0.9.250115_FC82_release_Open.bin
KB01105_UK_0.0.9.250115_F069_release_Open.bin,KB01105,UK,0.0.9,250115,2015-01-25,F069,release,83108,D:\Data\Document\ProductsLibrary\C线产品资料库\KB01105\固件\release\KB01105_0.0.9.250115_release\UK\KB01105_UK_0.0.9.250115_F069_release_Open.bin
KB01105_US_0.0.9.250115_BE47_release_Open.bin,KB01105,US,0.0.9,250115,2015-01-25,BE47,release,82900,D:\Data\Document\ProductsLibrary\C线产品资料库\KB01105\固件\release\KB01105_0.0.9.250115_release\US\KB01105_US_0.0.9.250115_BE47_release_Open.bin
KB02027_DE_2.3.3.250417_CA53_beta_Open.bin,KB02027,DE,2.3.3,250417,2017-04-25,CA53,beta,87916,D:\Data\Document\ProductsLibrary\C线产品资料库\KB02027\固件\KB02027_2.3.3.250417_beta\DE\KB02027_DE_2.3.3.250417_CA53_beta_Open.bin
KB02027_DE_2.3.3.250417_DA85_beta_Encrypt.bin,KB02027,DE,2.3.3,250417,2017-04-25,DA85,beta,87940,D:\Data\Document\ProductsLibrary\C线产品资料库\KB02027\固件\KB02027_2.3.3.250417_beta\DE\KB02027_DE_2.3.3.250417_DA85_beta_Encrypt.bin
KB02027_UK_2.3.3.250417_CA6C_beta_Open.bin,KB02027,UK,2.3.3,250417,2017-04-25,CA6C,beta,87916,D:\Data\Document\ProductsLibrary\C线产品资料库\KB02027\固件\KB02027_2.3.3.250417_beta\UK\KB02027_UK_2.3.3.250417_CA6C_beta_Open.bin
KB02027_UK_2.3.3.250417_DA9E_beta_Encrypt.bin,KB02027,UK,2.3.3,250417,2017-04-25,DA9E,beta,87940,D:\Data\Document\ProductsLibrary\C线产品资料库\KB02027\固件\KB02027_2.3.3.250417_beta\UK\KB02027_UK_2.3.3.250417_DA9E_beta_Encrypt.bin
KB02027_US_2.3.3.250417_CA0C_beta_Open.bin,KB02027,US,2.3.3,250417,2017-04-25,CA0C,beta,87916,D:\Data\Document\ProductsLibrary\C线产品资料库\KB02027\固件\KB02027_2.3.3.250417_beta\US\KB02027_US_2.3.3.250417_CA0C_beta_Open.bin
KB02027_US_2.3.3.250417_DA3E_beta_Encrypt.bin,KB02027,US,2.3.3,250417,2017-04-25,DA3E,beta,87940,D:\Data\Document\ProductsLibrary\C线产品资料库\KB02027\固件\KB02027_2.3.3.250417_beta\US\KB02027_US_2.3.3.250417_DA3E_beta_Encrypt.bin
KB02027_DE_2.3.4.250430_15DF_beta_Open.bin,KB02027,DE,2.3.4,250430,2030-04-25,15DF,beta,85076,D:\Data\Document\ProductsLibrary\C线产品资料库\KB02027\固件\KB02027_2.3.4.250428_beta\DE\KB02027_DE_2.3.4.250430_15DF_beta_Open.bin
KB02027_DE_2.3.4.250430_250F_beta_Encrypt.bin,KB02027,DE,2.3.4,250430,2030-04-25,250F,beta,85104,D:\Data\Document\ProductsLibrary\C线产品资料库\KB02027\固件\KB02027_2.3.4.250428_beta\DE\KB02027_DE_2.3.4.250430_250F_beta_Encrypt.bin
KB02027_UK_2.3.4.250430_15F8_beta_Open.bin,KB02027,UK,2.3.4,250430,2030-04-25,15F8,beta,85076,D:\Data\Document\ProductsLibrary\C线产品资料库\KB02027\固件\KB02027_2.3.4.250428_beta\UK\KB02027_UK_2.3.4.250430_15F8_beta_Open.bin
KB02027_UK_2.3.4.250430_2528_beta_Encrypt.bin,KB02027,UK,2.3.4,250430,2030-04-25,2528,beta,85104,D:\Data\Document\ProductsLibrary\C线产品资料库\KB02027\固件\KB02027_2.3.4.250428_beta\UK\KB02027_UK_2.3.4.250430_2528_beta_Encrypt.bin
KB02027_US_2.3.4.250430_1598_beta_Open.bin,KB02027,US,2.3.4,250430,2030-04-25,1598,beta,85076,D:\Data\Document\ProductsLibrary\C线产品资料库\KB02027\固件\KB02027_2.3.4.250428_beta\US\KB02027_US_2.3.4.250430_1598_beta_Open.bin
KB02027_US_2.3.4.250430_24C8_beta_Encrypt.bin,KB02027,US,2.3.4,250430,2030-04-25,24C8,beta,85104,D:\Data\Document\ProductsLibrary\C线产品资料库\KB02027\固件\KB02027_2.3.4.250428_beta\US\KB02027_US_2.3.4.250430_24C8_beta_Encrypt.bin
KB02027_DE_2.3.6.250506_BD4_beta_Encrypt.bin,KB02027,DE,2.3.6,250506,2006-05-25,BD4,beta,85184,D:\Data\Document\ProductsLibrary\C线产品资料库\KB02027\固件\KB02027_2.3.6.250506_beta\DE\KB02027_DE_2.3.6.250506_BD4_beta_Encrypt.bin
KB02027_DE_2.3.6.250506_CEA_beta_Open.bin,KB02027,DE,2.3.6,250506,2006-05-25,CEA,beta,85164,D:\Data\Document\ProductsLibrary\C线产品资料库\KB02027\固件\KB02027_2.3.6.250506_beta\DE\KB02027_DE_2.3.6.250506_CEA_beta_Open.bin
KB02027_UK_2.3.6.250506_BED_beta_Encrypt.bin,KB02027,UK,2.3.6,250506,2006-05-25,BED,beta,85184,D:\Data\Document\ProductsLibrary\C线产品资料库\KB02027\固件\KB02027_2.3.6.250506_beta\UK\KB02027_UK_2.3.6.250506_BED_beta_Encrypt.bin
KB02027_UK_2.3.6.250506_D03_beta_Open.bin,KB02027,UK,2.3.6,250506,2006-05-25,D03,beta,85164,D:\Data\Document\ProductsLibrary\C线产品资料库\KB02027\固件\KB02027_2.3.6.250506_beta\UK\KB02027_UK_2.3.6.250506_D03_beta_Open.bin
KB02027_US_2.3.6.250506_B8D_beta_Encrypt.bin,KB02027,US,2.3.6,250506,2006-05-25,B8D,beta,85184,D:\Data\Document\ProductsLibrary\C线产品资料库\KB02027\固件\KB02027_2.3.6.250506_beta\US\KB02027_US_2.3.6.250506_B8D_beta_Encrypt.bin
KB02027_US_2.3.6.250506_CA3_beta_Open.bin,KB02027,US,2.3.6,250506,2006-05-25,CA3,beta,85164,D:\Data\Document\ProductsLibrary\C线产品资料库\KB02027\固件\KB02027_2.3.6.250506_beta\US\KB02027_US_2.3.6.250506_CA3_beta_Open.bin
KB02027_DE_2.2.2.240717_release.bin,KB02027,DE,2.2.2,240717,2017-07-24,,release,82272,D:\Data\Document\ProductsLibrary\C线产品资料库\KB02027\固件释放\KB02027_DE_2.2.2.240717_release.bin
KB02027_UK_2.2.2.240717_release.bin,KB02027,UK,2.2.2,240717,2017-07-24,,release,82272,D:\Data\Document\ProductsLibrary\C线产品资料库\KB02027\固件释放\KB02027_UK_2.2.2.240717_release.bin
KB02027_US_2.2.2.240717_release.bin,KB02027,US,2.2.2,240717,2017-07-24,,release,82268,D:\Data\Document\ProductsLibrary\C线产品资料库\KB02027\固件释放\KB02027_US_2.2.2.240717_release.bin
KB02027_DE_2.3.6.250506_BD4_release_Encrypt.bin,KB02027,DE,2.3.6,250506,2006-05-25,BD4,release,85184,D:\Data\Document\ProductsLibrary\C线产品资料库\KB02027\固件释放\KB02027_2.3.6.250506_release\DE\KB02027_DE_2.3.6.250506_BD4_release_Encrypt.bin
KB02027_DE_2.3.6.250506_CEA_release_Open.bin,KB02027,DE,2.3.6,250506,2006-05-25,CEA,release,85164,D:\Data\Document\ProductsLibrary\C线产品资料库\KB02027\固件释放\KB02027_2.3.6.250506_release\DE\KB02027_DE_2.3.6.250506_CEA_release_Open.bin
KB02027_UK_2.3.6.250506_BED_release_Encrypt.bin,KB02027,UK,2.3.6,250506,2006-05-25,BED,release,85184,D:\Data\Document\ProductsLibrary\C线产品资料库\KB02027\固件释放\KB02027_2.3.6.250506_release\UK\KB02027_UK_2.3.6.250506_BED_release_Encrypt.bin
KB02027_UK_2.3.6.250506_D03_release_Open.bin,KB02027,UK,2.3.6,250506,2006-05-25,D03,release,85164,D:\Data\Document\ProductsLibrary\C线产品资料库\KB02027\固件释放\KB02027_2.3.6.250506_release\UK\KB02027_UK_2.3.6.250506_D03_release_Open.bin
KB02027_US_2.3.6.250506_B8D_release_Encrypt.bin,KB02027,US,2.3.6,250506,2006-05-25,B8D,release,85184,D:\Data\Document\ProductsLibrary\C线产品资料库\KB02027\固件释放\KB02027_2.3.6.250506_release\US\KB02027_US_2.3.6.250506_B8D_release_Encrypt.bin
KB02027_US_2.3.6.250506_CA3_release_Open.bin,KB02027,US,2.3.6,250506,2006-05-25,CA3,release,85164,D:\Data\Document\ProductsLibrary\C线产品资料库\KB02027\固件释放\KB02027_2.3.6.250506_release\US\KB02027_US_2.3.6.250506_CA3_release_Open.bin
KB02027_DE_2.2.2.240717_release.bin,KB02027,DE,2.2.2,240717,2017-07-24,,release,82272,D:\Data\Document\ProductsLibrary\C线产品资料库\KB02027_black\固件释放\KB02027_DE_2.2.2.240717_release.bin
KB02027_UK_2.2.2.240717_release.bin,KB02027,UK,2.2.2,240717,2017-07-24,,release,82272,D:\Data\Document\ProductsLibrary\C线产品资料库\KB02027_black\固件释放\KB02027_UK_2.2.2.240717_release.bin
KB02028_DE_0.2.9.240911_beta.bin,KB02028,DE,0.2.9,240911,2011-09-24,,beta,83804,D:\Data\Document\ProductsLibrary\C线产品资料库\KB02028\beta\DE\KB02028_DE_0.2.9.240911_beta.bin
KB02028_UK_0.2.9.240911_beta.bin,KB02028,UK,0.2.9,240911,2011-09-24,,beta,83700,D:\Data\Document\ProductsLibrary\C线产品资料库\KB02028\beta\UK\KB02028_UK_0.2.9.240911_beta.bin
KB02028_US_0.2.9.240911_beta.bin,KB02028,US,0.2.9,240911,2011-09-24,,beta,83532,D:\Data\Document\ProductsLibrary\C线产品资料库\KB02028\beta\US\KB02028_US_0.2.9.240911_beta.bin
KB02028_DE_0.3.4.250416_E9F9_beta_Open.bin,KB02028,DE,0.3.4,250416,2016-04-25,E9F9,beta,88116,D:\Data\Document\ProductsLibrary\C线产品资料库\KB02028\固件\KB02028_0.3.4.250416_beta\DE\KB02028_DE_0.3.4.250416_E9F9_beta_Open.bin
KB02028_UK_0.3.4.250416_F732_beta_Open.bin,KB02028,UK,0.3.4,250416,2016-04-25,F732,beta,88056,D:\Data\Document\ProductsLibrary\C线产品资料库\KB02028\固件\KB02028_0.3.4.250416_beta\UK\KB02028_UK_0.3.4.250416_F732_beta_Open.bin
KB02028_US_0.3.4.250416_BC75_beta_Open.bin,KB02028,US,0.3.4,250416,2016-04-25,BC75,beta,87848,D:\Data\Document\ProductsLibrary\C线产品资料库\KB02028\固件\KB02028_0.3.4.250416_beta\US\KB02028_US_0.3.4.250416_BC75_beta_Open.bin
KB02028_DE_0.3.6.250430_E3A1_beta_Open.bin,KB02028,DE,0.3.6,250430,2030-04-25,E3A1,beta,84952,D:\Data\Document\ProductsLibrary\C线产品资料库\KB02028\固件\KB02028_0.3.6.250428_beta\DE\KB02028_DE_0.3.6.250430_E3A1_beta_Open.bin
KB02028_UK_0.3.6.250430_EBCF_beta_Open.bin,KB02028,UK,0.3.6,250430,2030-04-25,EBCF,beta,84892,D:\Data\Document\ProductsLibrary\C线产品资料库\KB02028\固件\KB02028_0.3.6.250428_beta\UK\KB02028_UK_0.3.6.250430_EBCF_beta_Open.bin
KB02028_US_0.3.6.250430_A695_beta_Open.bin,KB02028,US,0.3.6,250430,2030-04-25,A695,beta,84696,D:\Data\Document\ProductsLibrary\C线产品资料库\KB02028\固件\KB02028_0.3.6.250428_beta\US\KB02028_US_0.3.6.250430_A695_beta_Open.bin
KB02028_DE_0.3.7.250506_EDE4_beta_Open.bin,KB02028,DE,0.3.7,250506,2006-05-25,EDE4,beta,85052,D:\Data\Document\ProductsLibrary\C线产品资料库\KB02028\固件\KB02028_0.3.7.250506_beta\DE\KB02028_DE_0.3.7.250506_EDE4_beta_Open.bin
KB02028_UK_0.3.7.250506_DEC4_beta_Open.bin,KB02028,UK,0.3.7,250506,2006-05-25,DEC4,beta,84988,D:\Data\Document\ProductsLibrary\C线产品资料库\KB02028\固件\KB02028_0.3.7.250506_beta\UK\KB02028_UK_0.3.7.250506_DEC4_beta_Open.bin
KB02028_US_0.3.7.250506_CE3E_beta_Open.bin,KB02028,US,0.3.7,250506,2006-05-25,CE3E,beta,84780,D:\Data\Document\ProductsLibrary\C线产品资料库\KB02028\固件\KB02028_0.3.7.250506_beta\US\KB02028_US_0.3.7.250506_CE3E_beta_Open.bin
KB02028_DE_0.3.7.250506_EDE4_release_Open.bin,KB02028,DE,0.3.7,250506,2006-05-25,EDE4,release,85052,D:\Data\Document\ProductsLibrary\C线产品资料库\KB02028\固件释放\KB02028_0.3.7.250506_release\DE\KB02028_DE_0.3.7.250506_EDE4_release_Open.bin
KB02028_UK_0.3.7.250506_DEC4_release_Open.bin,KB02028,UK,0.3.7,250506,2006-05-25,DEC4,release,84988,D:\Data\Document\ProductsLibrary\C线产品资料库\KB02028\固件释放\KB02028_0.3.7.250506_release\UK\KB02028_UK_0.3.7.250506_DEC4_release_Open.bin
KB02028_US_0.3.7.250506_CE3E_release_Open.bin,KB02028,US,0.3.7,250506,2006-05-25,CE3E,release,84780,D:\Data\Document\ProductsLibrary\C线产品资料库\KB02028\固件释放\KB02028_0.3.7.250506_release\US\KB02028_US_0.3.7.250506_CE3E_release_Open.bin
KB04111_DE_0.1.1.250603_5925_beta_Open.bin,KB04111,DE,0.1.1,250603,2003-06-25,5925,beta,82536,D:\Data\Document\ProductsLibrary\C线产品资料库\KB04111\固件\beta\KB04111_0.1.1.250603_beta\DE\KB04111_DE_0.1.1.250603_5925_beta_Open.bin
KB04111_UK_0.1.1.250603_5928_beta_Open.bin,KB04111,UK,0.1.1,250603,2003-06-25,5928,beta,82536,D:\Data\Document\ProductsLibrary\C线产品资料库\KB04111\固件\beta\KB04111_0.1.1.250603_beta\UK\KB04111_UK_0.1.1.250603_5928_beta_Open.bin
KB04111_US_0.1.1.250603_32A8_beta_Open.bin,KB04111,US,0.1.1,250603,2003-06-25,32A8,beta,82372,D:\Data\Document\ProductsLibrary\C线产品资料库\KB04111\固件\beta\KB04111_0.1.1.250603_beta\US\KB04111_US_0.1.1.250603_32A8_beta_Open.bin
KB04111_DE_0.1.1.250609_52EC_beta_Open.bin,KB04111,DE,0.1.1,250609,2009-06-25,52EC,beta,82556,D:\Data\Document\ProductsLibrary\C线产品资料库\KB04111\固件\beta\KB04111_0.1.1.250609_beta\DE\KB04111_DE_0.1.1.250609_52EC_beta_Open.bin
KB04111_UK_0.1.1.250609_52EF_beta_Open.bin,KB04111,UK,0.1.1,250609,2009-06-25,52EF,beta,82556,D:\Data\Document\ProductsLibrary\C线产品资料库\KB04111\固件\beta\KB04111_0.1.1.250609_beta\UK\KB04111_UK_0.1.1.250609_52EF_beta_Open.bin
KB04111_US_0.1.1.250609_21A7_beta_Open.bin,KB04111,US,0.1.1,250609,2009-06-25,21A7,beta,82392,D:\Data\Document\ProductsLibrary\C线产品资料库\KB04111\固件\beta\KB04111_0.1.1.250609_beta\US\KB04111_US_0.1.1.250609_21A7_beta_Open.bin
KB04111_DE_0.1.2.250718_54A3_beta_Open.bin,KB04111,DE,0.1.2,250718,2018-07-25,54A3,beta,82536,D:\Data\Document\ProductsLibrary\C线产品资料库\KB04111\固件\beta\KB04111_0.1.2.250718_beta\DE\KB04111_DE_0.1.2.250718_54A3_beta_Open.bin
KB04111_UK_0.1.2.250718_54A6_beta_Open.bin,KB04111,UK,0.1.2,250718,2018-07-25,54A6,beta,82536,D:\Data\Document\ProductsLibrary\C线产品资料库\KB04111\固件\beta\KB04111_0.1.2.250718_beta\UK\KB04111_UK_0.1.2.250718_54A6_beta_Open.bin
KB04111_US_0.1.2.250718_302B_beta_Open.bin,KB04111,US,0.1.2,250718,2018-07-25,302B,beta,82372,D:\Data\Document\ProductsLibrary\C线产品资料库\KB04111\固件\beta\KB04111_0.1.2.250718_beta\US\KB04111_US_0.1.2.250718_302B_beta_Open.bin
KB04111_DE_0.0.10.240726_beta.bin,KB04111,DE,0.0.10,240726,2026-07-24,,beta,80304,D:\Data\Document\ProductsLibrary\C线产品资料库\KB04111\固件\KB04111_DE_0.0.10.240726_release\KB04111_DE_0.0.10.240726_beta.bin
KB04111_UK_0.0.10.240726_beta.bin,KB04111,UK,0.0.10,240726,2026-07-24,,beta,80304,D:\Data\Document\ProductsLibrary\C线产品资料库\KB04111\固件\KB04111_UK_0.0.10.240726_release\KB04111_UK_0.0.10.240726_beta.bin
KB04111_US_0.0.10.240726_beta.bin,KB04111,US,0.0.10,240726,2026-07-24,,beta,80144,D:\Data\Document\ProductsLibrary\C线产品资料库\KB04111\固件\KB04111_US_0.0.10.240726_release\KB04111_US_0.0.10.240726_beta.bin
KB04111_DE_0.1.2.250718_54A3_release_Open.bin,KB04111,DE,0.1.2,250718,2018-07-25,54A3,release,82536,D:\Data\Document\ProductsLibrary\C线产品资料库\KB04111\固件\release\KB04111_0.1.2.250718_release\DE\KB04111_DE_0.1.2.250718_54A3_release_Open.bin
KB04111_UK_0.1.2.250718_54A6_release_Open.bin,KB04111,UK,0.1.2,250718,2018-07-25,54A6,release,82536,D:\Data\Document\ProductsLibrary\C线产品资料库\KB04111\固件\release\KB04111_0.1.2.250718_release\UK\KB04111_UK_0.1.2.250718_54A6_release_Open.bin
KB04111_US_0.1.2.250718_302B_release_Open.bin,KB04111,US,0.1.2,250718,2018-07-25,302B,release,82372,D:\Data\Document\ProductsLibrary\C线产品资料库\KB04111\固件\release\KB04111_0.1.2.250718_release\US\KB04111_US_0.1.2.250718_302B_release_Open.bin
KB04112_DE_0.0.10.250304_1B38_beta_Open.bin,KB04112,DE,0.0.10,250304,2004-03-25,1B38,beta,87988,D:\Data\Document\ProductsLibrary\C线产品资料库\KB04112_blue\固件\beta\变更版\KB04112_0.0.10.250304_beta\DE\KB04112_DE_0.0.10.250304_1B38_beta_Open.bin
KB04112_UK_0.0.10.250304_1B3B_beta_Open.bin,KB04112,UK,0.0.10,250304,2004-03-25,1B3B,beta,87988,D:\Data\Document\ProductsLibrary\C线产品资料库\KB04112_blue\固件\beta\变更版\KB04112_0.0.10.250304_beta\UK\KB04112_UK_0.0.10.250304_1B3B_beta_Open.bin
KB04112_US_0.0.10.250304_4834_beta_Open.bin,KB04112,US,0.0.10,250304,2004-03-25,4834,beta,87828,D:\Data\Document\ProductsLibrary\C线产品资料库\KB04112_blue\固件\beta\变更版\KB04112_0.0.10.250304_beta\US\KB04112_US_0.0.10.250304_4834_beta_Open.bin
KB04112_DE_0.0.8.250221_4431_beta_Open.bin,KB04112,DE,0.0.8,250221,2021-02-25,4431,beta,85956,D:\Data\Document\ProductsLibrary\C线产品资料库\KB04112_blue\固件\beta\变更版\KB04112_0.0.8.250221_beta\DE\KB04112_DE_0.0.8.250221_4431_beta_Open.bin
KB04112_UK_0.0.8.250221_4434_beta_Open.bin,KB04112,UK,0.0.8,250221,2021-02-25,4434,beta,85956,D:\Data\Document\ProductsLibrary\C线产品资料库\KB04112_blue\固件\beta\变更版\KB04112_0.0.8.250221_beta\UK\KB04112_UK_0.0.8.250221_4434_beta_Open.bin
KB04112_US_0.0.8.250221_3B5E_beta_Open.bin,KB04112,US,0.0.8,250221,2021-02-25,3B5E,beta,85792,D:\Data\Document\ProductsLibrary\C线产品资料库\KB04112_blue\固件\beta\变更版\KB04112_0.0.8.250221_beta\US\KB04112_US_0.0.8.250221_3B5E_beta_Open.bin
KB04112_DE_0.0.3.241216_1354_release_Open.bin,KB04112,DE,0.0.3,241216,2016-12-24,1354,release,81404,D:\Data\Document\ProductsLibrary\C线产品资料库\KB04112_blue\固件\release\降低背光版本\KB04112_0.0.3.241216_release\DE\KB04112_DE_0.0.3.241216_1354_release_Open.bin
KB04112_UK_0.0.3.241216_12F3_release_Open.bin,KB04112,UK,0.0.3,241216,2016-12-24,12F3,release,81408,D:\Data\Document\ProductsLibrary\C线产品资料库\KB04112_blue\固件\release\降低背光版本\KB04112_0.0.3.241216_release\UK\KB04112_UK_0.0.3.241216_12F3_release_Open.bin
KB04112_US_0.0.3.241216_F07_release_Open.bin,KB04112,US,0.0.3,241216,2016-12-24,F07,release,81236,D:\Data\Document\ProductsLibrary\C线产品资料库\KB04112_blue\固件\release\降低背光版本\KB04112_0.0.3.241216_release\US\KB04112_US_0.0.3.241216_F07_release_Open.bin
KB04112_DE_0.0.1.240909_beta.bin,KB04112,DE,0.0.1,240909,2009-09-24,,beta,80384,D:\Data\Document\ProductsLibrary\C线产品资料库\KB04112_gray\固件\beta\DE\KB04112_DE_0.0.1.240909_beta.bin
KB04112_DE_0.0.17.250506_23F9_beta_Open.bin,KB04112,DE,0.0.17,250506,2006-05-25,23F9,beta,83236,D:\Data\Document\ProductsLibrary\C线产品资料库\KB04112_gray\固件\beta\KB04112_0.0.17.250506_beta\DE\KB04112_DE_0.0.17.250506_23F9_beta_Open.bin
KB04112_UK_0.0.17.250506_23FC_beta_Open.bin,KB04112,UK,0.0.17,250506,2006-05-25,23FC,beta,83236,D:\Data\Document\ProductsLibrary\C线产品资料库\KB04112_gray\固件\beta\KB04112_0.0.17.250506_beta\UK\KB04112_UK_0.0.17.250506_23FC_beta_Open.bin
KB04112_US_0.0.17.250506_EA45_beta_Open.bin,KB04112,US,0.0.17,250506,2006-05-25,EA45,beta,83064,D:\Data\Document\ProductsLibrary\C线产品资料库\KB04112_gray\固件\beta\KB04112_0.0.17.250506_beta\US\KB04112_US_0.0.17.250506_EA45_beta_Open.bin
KB04112_DE_0.0.18.250527_651B_beta_Open.bin,KB04112,DE,0.0.18,250527,2027-05-25,651B,beta,82584,D:\Data\Document\ProductsLibrary\C线产品资料库\KB04112_gray\固件\beta\KB04112_0.0.18.250527_beta\DE\KB04112_DE_0.0.18.250527_651B_beta_Open.bin
KB04112_UK_0.0.18.250527_6642_beta_Open.bin,KB04112,UK,0.0.18,250527,2027-05-25,6642,beta,82580,D:\Data\Document\ProductsLibrary\C线产品资料库\KB04112_gray\固件\beta\KB04112_0.0.18.250527_beta\UK\KB04112_UK_0.0.18.250527_6642_beta_Open.bin
KB04112_US_0.0.18.250527_6377_beta_Open.bin,KB04112,US,0.0.18,250527,2027-05-25,6377,beta,82420,D:\Data\Document\ProductsLibrary\C线产品资料库\KB04112_gray\固件\beta\KB04112_0.0.18.250527_beta\US\KB04112_US_0.0.18.250527_6377_beta_Open.bin
KB04112_DE_0.1.1.250529_5649_beta_Open.bin,KB04112,DE,0.1.1,250529,2029-05-25,5649,beta,82536,D:\Data\Document\ProductsLibrary\C线产品资料库\KB04112_gray\固件\beta\KB04112_0.1.1.250529_beta\DE\KB04112_DE_0.1.1.250529_5649_beta_Open.bin
KB04112_UK_0.1.1.250529_564C_beta_Open.bin,KB04112,UK,0.1.1,250529,2029-05-25,564C,beta,82536,D:\Data\Document\ProductsLibrary\C线产品资料库\KB04112_gray\固件\beta\KB04112_0.1.1.250529_beta\UK\KB04112_UK_0.1.1.250529_564C_beta_Open.bin
KB04112_US_0.1.1.250529_2FCC_beta_Open.bin,KB04112,US,0.1.1,250529,2029-05-25,2FCC,beta,82372,D:\Data\Document\ProductsLibrary\C线产品资料库\KB04112_gray\固件\beta\KB04112_0.1.1.250529_beta\US\KB04112_US_0.1.1.250529_2FCC_beta_Open.bin
KB04112_DE_0.1.2.250606_CAAC_beta_Open.bin,KB04112,DE,0.1.2,250606,2006-06-25,CAAC,beta,82884,D:\Data\Document\ProductsLibrary\C线产品资料库\KB04112_gray\固件\beta\KB04112_0.1.2.250606_beta\DE\KB04112_DE_0.1.2.250606_CAAC_beta_Open.bin
KB04112_UK_0.1.2.250606_CAAF_beta_Open.bin,KB04112,UK,0.1.2,250606,2006-06-25,CAAF,beta,82884,D:\Data\Document\ProductsLibrary\C线产品资料库\KB04112_gray\固件\beta\KB04112_0.1.2.250606_beta\UK\KB04112_UK_0.1.2.250606_CAAF_beta_Open.bin
KB04112_US_0.1.2.250606_97B8_beta_Open.bin,KB04112,US,0.1.2,250606,2006-06-25,97B8,beta,82716,D:\Data\Document\ProductsLibrary\C线产品资料库\KB04112_gray\固件\beta\KB04112_0.1.2.250606_beta\US\KB04112_US_0.1.2.250606_97B8_beta_Open.bin
KB04112_DE_0.1.3.250718_CAA2_beta_Open.bin,KB04112,DE,0.1.3,250718,2018-07-25,CAA2,beta,82884,D:\Data\Document\ProductsLibrary\C线产品资料库\KB04112_gray\固件\beta\KB04112_0.1.3.250718_beta\DE\KB04112_DE_0.1.3.250718_CAA2_beta_Open.bin
KB04112_UK_0.1.3.250718_CAA5_beta_Open.bin,KB04112,UK,0.1.3,250718,2018-07-25,CAA5,beta,82884,D:\Data\Document\ProductsLibrary\C线产品资料库\KB04112_gray\固件\beta\KB04112_0.1.3.250718_beta\UK\KB04112_UK_0.1.3.250718_CAA5_beta_Open.bin
KB04112_US_0.1.3.250718_97AE_beta_Open.bin,KB04112,US,0.1.3,250718,2018-07-25,97AE,beta,82716,D:\Data\Document\ProductsLibrary\C线产品资料库\KB04112_gray\固件\beta\KB04112_0.1.3.250718_beta\US\KB04112_US_0.1.3.250718_97AE_beta_Open.bin
KB04112_UK_0.0.1.240909_beta.bin,KB04112,UK,0.0.1,240909,2009-09-24,,beta,80384,D:\Data\Document\ProductsLibrary\C线产品资料库\KB04112_gray\固件\beta\UK\KB04112_UK_0.0.1.240909_beta.bin
KB04112_US_0.0.1.240909_beta.bin,KB04112,US,0.0.1,240909,2009-09-24,,beta,80224,D:\Data\Document\ProductsLibrary\C线产品资料库\KB04112_gray\固件\beta\US\KB04112_US_0.0.1.240909_beta.bin
KB04112_DE_0.0.2.240912_release.bin,KB04112,DE,0.0.2,240912,2012-09-24,,release,81404,D:\Data\Document\ProductsLibrary\C线产品资料库\KB04112_gray\固件\release\KB04112_0.0.2.240912_release\DE\KB04112_DE_0.0.2.240912_release.bin
KB04112_UK_0.0.2.240912_release.bin,KB04112,UK,0.0.2,240912,2012-09-24,,release,81408,D:\Data\Document\ProductsLibrary\C线产品资料库\KB04112_gray\固件\release\KB04112_0.0.2.240912_release\UK\KB04112_UK_0.0.2.240912_release.bin
KB04112_US_0.0.2.240912_release.bin,KB04112,US,0.0.2,240912,2012-09-24,,release,81236,D:\Data\Document\ProductsLibrary\C线产品资料库\KB04112_gray\固件\release\KB04112_0.0.2.240912_release\US\KB04112_US_0.0.2.240912_release.bin
KB04112_DE_0.1.3.250718_CAA2_release_Open.bin,KB04112,DE,0.1.3,250718,2018-07-25,CAA2,release,82884,D:\Data\Document\ProductsLibrary\C线产品资料库\KB04112_gray\固件\release\KB04112_0.1.3.250718_release\DE\KB04112_DE_0.1.3.250718_CAA2_release_Open.bin
KB04112_UK_0.1.3.250718_CAA5_release_Open.bin,KB04112,UK,0.1.3,250718,2018-07-25,CAA5,release,82884,D:\Data\Document\ProductsLibrary\C线产品资料库\KB04112_gray\固件\release\KB04112_0.1.3.250718_release\UK\KB04112_UK_0.1.3.250718_CAA5_release_Open.bin
KB04112_US_0.1.3.250718_97AE_release_Open.bin,KB04112,US,0.1.3,250718,2018-07-25,97AE,release,82716,D:\Data\Document\ProductsLibrary\C线产品资料库\KB04112_gray\固件\release\KB04112_0.1.3.250718_release\US\KB04112_US_0.1.3.250718_97AE_release_Open.bin
KB04122_DE_0.0.13.241203_99AA_beta_Encrypt.bin,KB04122,DE,0.0.13,241203,2003-12-24,99AA,beta,81140,D:\Data\Document\ProductsLibrary\C线产品资料库\KB04122\固件\beta\KB04122_0.0.13.241203_beta\DE\KB04122_DE_0.0.13.241203_99AA_beta_Encrypt.bin
KB04122_DE_0.0.13.241203_AEE1_beta_Open.bin,KB04122,DE,0.0.13,241203,2003-12-24,AEE1,beta,81116,D:\Data\Document\ProductsLibrary\C线产品资料库\KB04122\固件\beta\KB04122_0.0.13.241203_beta\DE\KB04122_DE_0.0.13.241203_AEE1_beta_Open.bin
KB04122_JP_0.0.13.241203_95E8_beta_Open.bin,KB04122,JP,0.0.13,241203,2003-12-24,95E8,beta,80940,D:\Data\Document\ProductsLibrary\C线产品资料库\KB04122\固件\beta\KB04122_0.0.13.241203_beta\JP\KB04122_JP_0.0.13.241203_95E8_beta_Open.bin
KB04122_JP_0.0.13.241203_A786_beta_Encrypt.bin,KB04122,JP,0.0.13,241203,2003-12-24,A786,beta,80972,D:\Data\Document\ProductsLibrary\C线产品资料库\KB04122\固件\beta\KB04122_0.0.13.241203_beta\JP\KB04122_JP_0.0.13.241203_A786_beta_Encrypt.bin
KB04122_UK_0.0.13.241203_99B1_beta_Encrypt.bin,KB04122,UK,0.0.13,241203,2003-12-24,99B1,beta,81140,D:\Data\Document\ProductsLibrary\C线产品资料库\KB04122\固件\beta\KB04122_0.0.13.241203_beta\UK\KB04122_UK_0.0.13.241203_99B1_beta_Encrypt.bin
KB04122_UK_0.0.13.241203_AEE8_beta_Open.bin,KB04122,UK,0.0.13,241203,2003-12-24,AEE8,beta,81116,D:\Data\Document\ProductsLibrary\C线产品资料库\KB04122\固件\beta\KB04122_0.0.13.241203_beta\UK\KB04122_UK_0.0.13.241203_AEE8_beta_Open.bin
KB04122_US_0.0.13.241203_95F9_beta_Open.bin,KB04122,US,0.0.13,241203,2003-12-24,95F9,beta,80940,D:\Data\Document\ProductsLibrary\C线产品资料库\KB04122\固件\beta\KB04122_0.0.13.241203_beta\US\KB04122_US_0.0.13.241203_95F9_beta_Open.bin
KB04122_US_0.0.13.241203_A797_beta_Encrypt.bin,KB04122,US,0.0.13,241203,2003-12-24,A797,beta,80972,D:\Data\Document\ProductsLibrary\C线产品资料库\KB04122\固件\beta\KB04122_0.0.13.241203_beta\US\KB04122_US_0.0.13.241203_A797_beta_Encrypt.bin
KB04122_DE_0.0.4.240906_beta.bin,KB04122,DE,0.0.4,240906,2006-09-24,,beta,80084,D:\Data\Document\ProductsLibrary\C线产品资料库\KB04122\固件\beta\KB04122_0.0.4.240906_beta\DE\KB04122_DE_0.0.4.240906_beta.bin
KB04122_JP_0.0.4.240906_beta.bin,KB04122,JP,0.0.4,240906,2006-09-24,,beta,79932,D:\Data\Document\ProductsLibrary\C线产品资料库\KB04122\固件\beta\KB04122_0.0.4.240906_beta\JP\KB04122_JP_0.0.4.240906_beta.bin
KB04122_UK_0.0.4.240906_beta.bin,KB04122,UK,0.0.4,240906,2006-09-24,,beta,80084,D:\Data\Document\ProductsLibrary\C线产品资料库\KB04122\固件\beta\KB04122_0.0.4.240906_beta\UK\KB04122_UK_0.0.4.240906_beta.bin
KB04122_US_0.0.4.240906_beta.bin,KB04122,US,0.0.4,240906,2006-09-24,,beta,79924,D:\Data\Document\ProductsLibrary\C线产品资料库\KB04122\固件\beta\KB04122_0.0.4.240906_beta\US\KB04122_US_0.0.4.240906_beta.bin
KB04122_DE_0.1.0.241205_9AB7_beta_Encrypt.bin,KB04122,DE,0.1.0,241205,2005-12-24,9AB7,beta,81144,D:\Data\Document\ProductsLibrary\C线产品资料库\KB04122\固件\beta\KB04122_0.1.0.241205_beta\DE\KB04122_DE_0.1.0.241205_9AB7_beta_Encrypt.bin
KB04122_DE_0.1.0.241205_B00E_beta_Open.bin,KB04122,DE,0.1.0,241205,2005-12-24,B00E,beta,81120,D:\Data\Document\ProductsLibrary\C线产品资料库\KB04122\固件\beta\KB04122_0.1.0.241205_beta\DE\KB04122_DE_0.1.0.241205_B00E_beta_Open.bin
KB04122_JP_0.1.0.241205_94FE_beta_Open.bin,KB04122,JP,0.1.0,241205,2005-12-24,94FE,beta,80944,D:\Data\Document\ProductsLibrary\C线产品资料库\KB04122\固件\beta\KB04122_0.1.0.241205_beta\JP\KB04122_JP_0.1.0.241205_94FE_beta_Open.bin
KB04122_JP_0.1.0.241205_A78A_beta_Encrypt.bin,KB04122,JP,0.1.0,241205,2005-12-24,A78A,beta,80972,D:\Data\Document\ProductsLibrary\C线产品资料库\KB04122\固件\beta\KB04122_0.1.0.241205_beta\JP\KB04122_JP_0.1.0.241205_A78A_beta_Encrypt.bin
KB04122_UK_0.1.0.241205_9ABE_beta_Encrypt.bin,KB04122,UK,0.1.0,241205,2005-12-24,9ABE,beta,81144,D:\Data\Document\ProductsLibrary\C线产品资料库\KB04122\固件\beta\KB04122_0.1.0.241205_beta\UK\KB04122_UK_0.1.0.241205_9ABE_beta_Encrypt.bin
KB04122_UK_0.1.0.241205_B015_beta_Open.bin,KB04122,UK,0.1.0,241205,2005-12-24,B015,beta,81120,D:\Data\Document\ProductsLibrary\C线产品资料库\KB04122\固件\beta\KB04122_0.1.0.241205_beta\UK\KB04122_UK_0.1.0.241205_B015_beta_Open.bin
KB04122_US_0.1.0.241205_950F_beta_Open.bin,KB04122,US,0.1.0,241205,2005-12-24,950F,beta,80944,D:\Data\Document\ProductsLibrary\C线产品资料库\KB04122\固件\beta\KB04122_0.1.0.241205_beta\US\KB04122_US_0.1.0.241205_950F_beta_Open.bin
KB04122_US_0.1.0.241205_A79B_beta_Encrypt.bin,KB04122,US,0.1.0,241205,2005-12-24,A79B,beta,80972,D:\Data\Document\ProductsLibrary\C线产品资料库\KB04122\固件\beta\KB04122_0.1.0.241205_beta\US\KB04122_US_0.1.0.241205_A79B_beta_Encrypt.bin
KB04122_DE_0.1.1.241206_C4A3_beta_Open.bin,KB04122,DE,0.1.1,241206,2006-12-24,C4A3,beta,81272,D:\Data\Document\ProductsLibrary\C线产品资料库\KB04122\固件\beta\KB04122_0.1.1.241206_beta\DE\KB04122_DE_0.1.1.241206_C4A3_beta_Open.bin
KB04122_JP_0.1.1.241206_A65C_beta_Open.bin,KB04122,JP,0.1.1,241206,2006-12-24,A65C,beta,81100,D:\Data\Document\ProductsLibrary\C线产品资料库\KB04122\固件\beta\KB04122_0.1.1.241206_beta\JP\KB04122_JP_0.1.1.241206_A65C_beta_Open.bin
KB04122_UK_0.1.1.241206_C4AA_beta_Open.bin,KB04122,UK,0.1.1,241206,2006-12-24,C4AA,beta,81272,D:\Data\Document\ProductsLibrary\C线产品资料库\KB04122\固件\beta\KB04122_0.1.1.241206_beta\UK\KB04122_UK_0.1.1.241206_C4AA_beta_Open.bin
KB04122_US_0.1.1.241206_A66D_beta_Open.bin,KB04122,US,0.1.1,241206,2006-12-24,A66D,beta,81100,D:\Data\Document\ProductsLibrary\C线产品资料库\KB04122\固件\beta\KB04122_0.1.1.241206_beta\US\KB04122_US_0.1.1.241206_A66D_beta_Open.bin
KB04122_DE_0.2.1.241227_3C55_beta_Open.bin,KB04122,DE,0.2.1,241227,2027-12-24,3C55,beta,79112,D:\Data\Document\ProductsLibrary\C线产品资料库\KB04122\固件\beta\KB04122_0.2.1.241227_beta\DE\KB04122_DE_0.2.1.241227_3C55_beta_Open.bin
KB04122_JP_0.2.1.241227_925_beta_Open.bin,KB04122,JP,0.2.1,241227,2027-12-24,925,beta,78948,D:\Data\Document\ProductsLibrary\C线产品资料库\KB04122\固件\beta\KB04122_0.2.1.241227_beta\JP\KB04122_JP_0.2.1.241227_925_beta_Open.bin
KB04122_UK_0.2.1.241227_3BF4_beta_Open.bin,KB04122,UK,0.2.1,241227,2027-12-24,3BF4,beta,79112,D:\Data\Document\ProductsLibrary\C线产品资料库\KB04122\固件\beta\KB04122_0.2.1.241227_beta\UK\KB04122_UK_0.2.1.241227_3BF4_beta_Open.bin
KB04122_US_0.2.1.241227_972_beta_Open.bin,KB04122,US,0.2.1,241227,2027-12-24,972,beta,78948,D:\Data\Document\ProductsLibrary\C线产品资料库\KB04122\固件\beta\KB04122_0.2.1.241227_beta\US\KB04122_US_0.2.1.241227_972_beta_Open.bin
KB04122_DE_0.3.1.250119_4583_beta_Open.bin,KB04122,DE,0.3.1,250119,2019-01-25,4583,beta,79188,D:\Data\Document\ProductsLibrary\C线产品资料库\KB04122\固件\beta\KB04122_0.3.1.250119_beta\DE\KB04122_DE_0.3.1.250119_4583_beta_Open.bin
KB04122_JP_0.3.1.250119_F801_beta_Open.bin,KB04122,JP,0.3.1,250119,2019-01-25,F801,beta,79028,D:\Data\Document\ProductsLibrary\C线产品资料库\KB04122\固件\beta\KB04122_0.3.1.250119_beta\JP\KB04122_JP_0.3.1.250119_F801_beta_Open.bin
KB04122_UK_0.3.1.250119_4653_beta_Open.bin,KB04122,UK,0.3.1,250119,2019-01-25,4653,beta,79188,D:\Data\Document\ProductsLibrary\C线产品资料库\KB04122\固件\beta\KB04122_0.3.1.250119_beta\UK\KB04122_UK_0.3.1.250119_4653_beta_Open.bin
KB04122_US_0.3.1.250119_F84E_beta_Open.bin,KB04122,US,0.3.1,250119,2019-01-25,F84E,beta,79028,D:\Data\Document\ProductsLibrary\C线产品资料库\KB04122\固件\beta\KB04122_0.3.1.250119_beta\US\KB04122_US_0.3.1.250119_F84E_beta_Open.bin
KB04122_DE_0.3.1.250218_30C8_beta_Open.bin,KB04122,DE,0.3.1,250218,2018-02-25,30C8,beta,79096,D:\Data\Document\ProductsLibrary\C线产品资料库\KB04122\固件\beta\KB04122_0.3.1.250218_beta\DE\KB04122_DE_0.3.1.250218_30C8_beta_Open.bin
KB04122_JP_0.3.1.250218_F94D_beta_Open.bin,KB04122,JP,0.3.1,250218,2018-02-25,F94D,beta,78928,D:\Data\Document\ProductsLibrary\C线产品资料库\KB04122\固件\beta\KB04122_0.3.1.250218_beta\JP\KB04122_JP_0.3.1.250218_F94D_beta_Open.bin
KB04122_UK_0.3.1.250218_3194_beta_Open.bin,KB04122,UK,0.3.1,250218,2018-02-25,3194,beta,79092,D:\Data\Document\ProductsLibrary\C线产品资料库\KB04122\固件\beta\KB04122_0.3.1.250218_beta\UK\KB04122_UK_0.3.1.250218_3194_beta_Open.bin
KB04122_US_0.3.1.250218_F95E_beta_Open.bin,KB04122,US,0.3.1,250218,2018-02-25,F95E,beta,78928,D:\Data\Document\ProductsLibrary\C线产品资料库\KB04122\固件\beta\KB04122_0.3.1.250218_beta\US\KB04122_US_0.3.1.250218_F95E_beta_Open.bin
KB04122_DE_0.4.1.250312_DD55_beta_Open.bin,KB04122,DE,0.4.1,250312,2012-03-25,DD55,beta,78780,D:\Data\Document\ProductsLibrary\C线产品资料库\KB04122\固件\beta\KB04122_0.4.1.250312_beta\DE\KB04122_DE_0.4.1.250312_DD55_beta_Open.bin
KB04122_JP_0.4.1.250312_E094_beta_Open.bin,KB04122,JP,0.4.1,250312,2012-03-25,E094,beta,78616,D:\Data\Document\ProductsLibrary\C线产品资料库\KB04122\固件\beta\KB04122_0.4.1.250312_beta\JP\KB04122_JP_0.4.1.250312_E094_beta_Open.bin
KB04122_UK_0.4.1.250312_DD5C_beta_Open.bin,KB04122,UK,0.4.1,250312,2012-03-25,DD5C,beta,78780,D:\Data\Document\ProductsLibrary\C线产品资料库\KB04122\固件\beta\KB04122_0.4.1.250312_beta\UK\KB04122_UK_0.4.1.250312_DD5C_beta_Open.bin
KB04122_US_0.4.1.250312_E0A5_beta_Open.bin,KB04122,US,0.4.1,250312,2012-03-25,E0A5,beta,78616,D:\Data\Document\ProductsLibrary\C线产品资料库\KB04122\固件\beta\KB04122_0.4.1.250312_beta\US\KB04122_US_0.4.1.250312_E0A5_beta_Open.bin
KB04122_DE_0.5.1.250523_462B_beta_Open.bin,KB04122,DE,0.5.1,250523,2023-05-25,462B,beta,81488,D:\Data\Document\ProductsLibrary\C线产品资料库\KB04122\固件\beta\KB04122_0.5.1.250523_beta\DE\KB04122_DE_0.5.1.250523_462B_beta_Open.bin
KB04122_JP_0.5.1.250523_FFC6_beta_Open.bin,KB04122,JP,0.5.1,250523,2023-05-25,FFC6,beta,81324,D:\Data\Document\ProductsLibrary\C线产品资料库\KB04122\固件\beta\KB04122_0.5.1.250523_beta\JP\KB04122_JP_0.5.1.250523_FFC6_beta_Open.bin
KB04122_UK_0.5.1.250523_4632_beta_Open.bin,KB04122,UK,0.5.1,250523,2023-05-25,4632,beta,81488,D:\Data\Document\ProductsLibrary\C线产品资料库\KB04122\固件\beta\KB04122_0.5.1.250523_beta\UK\KB04122_UK_0.5.1.250523_4632_beta_Open.bin
KB04122_US_0.5.1.250523_FFD7_beta_Open.bin,KB04122,US,0.5.1,250523,2023-05-25,FFD7,beta,81324,D:\Data\Document\ProductsLibrary\C线产品资料库\KB04122\固件\beta\KB04122_0.5.1.250523_beta\US\KB04122_US_0.5.1.250523_FFD7_beta_Open.bin
KB04122_DE_ES_FR_IT_0.5.2.250530_4F02_beta_Open.bin,KB04122_DE_ES_FR,IT,0.5.2,250530,2030-05-25,4F02,beta,81520,D:\Data\Document\ProductsLibrary\C线产品资料库\KB04122\固件\beta\KB04122_0.5.2.250530_beta\DE_ES_FR_IT\KB04122_DE_ES_FR_IT_0.5.2.250530_4F02_beta_Open.bin
KB04122_DE_0.3.1.250218_30C8_release_Open.bin,KB04122,DE,0.3.1,250218,2018-02-25,30C8,release,79096,D:\Data\Document\ProductsLibrary\C线产品资料库\KB04122\固件\release\KB04122_0.3.1.250218_release\DE\KB04122_DE_0.3.1.250218_30C8_release_Open.bin
KB04122_JP_0.3.1.250218_F94D_release_Open.bin,KB04122,JP,0.3.1,250218,2018-02-25,F94D,release,78928,D:\Data\Document\ProductsLibrary\C线产品资料库\KB04122\固件\release\KB04122_0.3.1.250218_release\JP\KB04122_JP_0.3.1.250218_F94D_release_Open.bin
KB04122_UK_0.3.1.250218_3194_release_Open.bin,KB04122,UK,0.3.1,250218,2018-02-25,3194,release,79092,D:\Data\Document\ProductsLibrary\C线产品资料库\KB04122\固件\release\KB04122_0.3.1.250218_release\UK\KB04122_UK_0.3.1.250218_3194_release_Open.bin
KB04122_US_0.3.1.250218_F95E_release_Open.bin,KB04122,US,0.3.1,250218,2018-02-25,F95E,release,78928,D:\Data\Document\ProductsLibrary\C线产品资料库\KB04122\固件\release\KB04122_0.3.1.250218_release\US\KB04122_US_0.3.1.250218_F95E_release_Open.bin
KB04122_DE_0.4.1.250314_B740_release_Open.bin,KB04122,DE,0.4.1,250314,2014-03-25,B740,release,78584,D:\Data\Document\ProductsLibrary\C线产品资料库\KB04122\固件\release\KB04122_0.4.1.250314_release\DE\KB04122_DE_0.4.1.250314_B740_release_Open.bin
KB04122_JP_0.4.1.250314_C058_release_Open.bin,KB04122,JP,0.4.1,250314,2014-03-25,C058,release,78424,D:\Data\Document\ProductsLibrary\C线产品资料库\KB04122\固件\release\KB04122_0.4.1.250314_release\JP\KB04122_JP_0.4.1.250314_C058_release_Open.bin
KB04122_UK_0.4.1.250314_B747_release_Open.bin,KB04122,UK,0.4.1,250314,2014-03-25,B747,release,78584,D:\Data\Document\ProductsLibrary\C线产品资料库\KB04122\固件\release\KB04122_0.4.1.250314_release\UK\KB04122_UK_0.4.1.250314_B747_release_Open.bin
KB04122_US_0.4.1.250314_C069_release_Open.bin,KB04122,US,0.4.1,250314,2014-03-25,C069,release,78424,D:\Data\Document\ProductsLibrary\C线产品资料库\KB04122\固件\release\KB04122_0.4.1.250314_release\US\KB04122_US_0.4.1.250314_C069_release_Open.bin
KB04122_JP_0.5.1.250523_FFC6_release_Open.bin,KB04122,JP,0.5.1,250523,2023-05-25,FFC6,release,81324,D:\Data\Document\ProductsLibrary\C线产品资料库\KB04122\固件\release\KB04122_0.5.1.250523_release\JP\KB04122_JP_0.5.1.250523_FFC6_release_Open.bin
KB04122_UK_0.5.1.250523_4632_release_Open.bin,KB04122,UK,0.5.1,250523,2023-05-25,4632,release,81488,D:\Data\Document\ProductsLibrary\C线产品资料库\KB04122\固件\release\KB04122_0.5.1.250523_release\UK\KB04122_UK_0.5.1.250523_4632_release_Open.bin
KB04122_US_0.5.1.250523_FFD7_release_Open.bin,KB04122,US,0.5.1,250523,2023-05-25,FFD7,release,81324,D:\Data\Document\ProductsLibrary\C线产品资料库\KB04122\固件\release\KB04122_0.5.1.250523_release\US\KB04122_US_0.5.1.250523_FFD7_release_Open.bin
KB04122_DE_ES_FR_IT_0.5.2.250530_4F02_release_Open.bin,KB04122_DE_ES_FR,IT,0.5.2,250530,2030-05-25,4F02,release,81520,D:\Data\Document\ProductsLibrary\C线产品资料库\KB04122\固件\release\KB04122_0.5.2.250530_release\DE_ES_FR_IT\KB04122_DE_ES_FR_IT_0.5.2.250530_4F02_release_Open.bin
KB04122_US_0.4.1.250521_5B9A_beta_Open.bin,KB04122,US,0.4.1,250521,2021-05-25,5B9A,beta,76016,D:\Data\Document\ProductsLibrary\C线产品资料库\KB04122\固件\华为平板触控板预研固件\KB04122_0.4.1.250521_beta\US\KB04122_US_0.4.1.250521_5B9A_beta_Open.bin
AceTouch_DE_0.0.14.250428_6901_beta_Open.bin,AceTouch,DE,0.0.14,250428,2028-04-25,6901,beta,86344,D:\Data\Document\ProductsLibrary\C线产品资料库\KB04122-13A_gray\固件\AceTouch_0.0.14.250428_beta\DE\AceTouch_DE_0.0.14.250428_6901_beta_Open.bin
AceTouch_UK_0.0.14.250428_690B_beta_Open.bin,AceTouch,UK,0.0.14,250428,2028-04-25,690B,beta,86344,D:\Data\Document\ProductsLibrary\C线产品资料库\KB04122-13A_gray\固件\AceTouch_0.0.14.250428_beta\UK\AceTouch_UK_0.0.14.250428_690B_beta_Open.bin
AceTouch_US_0.0.14.250428_4B2F_beta_Open.bin,AceTouch,US,0.0.14,250428,2028-04-25,4B2F,beta,86172,D:\Data\Document\ProductsLibrary\C线产品资料库\KB04122-13A_gray\固件\AceTouch_0.0.14.250428_beta\US\AceTouch_US_0.0.14.250428_4B2F_beta_Open.bin
AceTouch_DE_0.0.20.250519_195F_beta_Open.bin,AceTouch,DE,0.0.20,250519,2019-05-25,195F,beta,92000,D:\Data\Document\ProductsLibrary\C线产品资料库\KB04122-13A_gray\固件\AceTouch_0.0.20.250519_beta\DE\AceTouch_DE_0.0.20.250519_195F_beta_Open.bin
AceTouch_UK_0.0.20.250519_1965_beta_Open.bin,AceTouch,UK,0.0.20,250519,2019-05-25,1965,beta,92000,D:\Data\Document\ProductsLibrary\C线产品资料库\KB04122-13A_gray\固件\AceTouch_0.0.20.250519_beta\UK\AceTouch_UK_0.0.20.250519_1965_beta_Open.bin
AceTouch_US_0.0.20.250519_11D2_beta_Open.bin,AceTouch,US,0.0.20,250519,2019-05-25,11D2,beta,91824,D:\Data\Document\ProductsLibrary\C线产品资料库\KB04122-13A_gray\固件\AceTouch_0.0.20.250519_beta\US\AceTouch_US_0.0.20.250519_11D2_beta_Open.bin
AceTouch_DE_0.0.5.250424_FB0_beta_Open.bin,AceTouch,DE,0.0.5,250424,2024-04-25,FB0,beta,93024,D:\Data\Document\ProductsLibrary\C线产品资料库\KB04122-13A_gray\固件\AceTouch_0.0.5.250424_beta\DE\AceTouch_DE_0.0.5.250424_FB0_beta_Open.bin
AceTouch_UK_0.0.5.250424_FBA_beta_Open.bin,AceTouch,UK,0.0.5,250424,2024-04-25,FBA,beta,93024,D:\Data\Document\ProductsLibrary\C线产品资料库\KB04122-13A_gray\固件\AceTouch_0.0.5.250424_beta\UK\AceTouch_UK_0.0.5.250424_FBA_beta_Open.bin
AceTouch_US_0.0.5.250424_ACBA_beta_Open.bin,AceTouch,US,0.0.5,250424,2024-04-25,ACBA,beta,92860,D:\Data\Document\ProductsLibrary\C线产品资料库\KB04122-13A_gray\固件\AceTouch_0.0.5.250424_beta\US\AceTouch_US_0.0.5.250424_ACBA_beta_Open.bin
AceTouch_DE_0.0.20.250522_1D34_beta_Open.bin,AceTouch,DE,0.0.20,250522,2022-05-25,1D34,beta,91984,D:\Data\Document\ProductsLibrary\C线产品资料库\KB04122-13A_gray\固件\beta\AceTouch_0.0.20.250522_beta\DE\AceTouch_DE_0.0.20.250522_1D34_beta_Open.bin
AceTouch_UK_0.0.20.250522_1D3A_beta_Open.bin,AceTouch,UK,0.0.20,250522,2022-05-25,1D3A,beta,91984,D:\Data\Document\ProductsLibrary\C线产品资料库\KB04122-13A_gray\固件\beta\AceTouch_0.0.20.250522_beta\UK\AceTouch_UK_0.0.20.250522_1D3A_beta_Open.bin
AceTouch_US_0.0.20.250522_22AF_beta_Open.bin,AceTouch,US,0.0.20,250522,2022-05-25,22AF,beta,91812,D:\Data\Document\ProductsLibrary\C线产品资料库\KB04122-13A_gray\固件\beta\AceTouch_0.0.20.250522_beta\US\AceTouch_US_0.0.20.250522_22AF_beta_Open.bin
AceTouch_DE_0.1.5.250616_84FD_beta_Open.bin,AceTouch,DE,0.1.5,250616,2016-06-25,84FD,beta,92828,D:\Data\Document\ProductsLibrary\C线产品资料库\KB04122-13A_gray\固件\beta\AceTouch_0.1.5.250616_beta\DE\AceTouch_DE_0.1.5.250616_84FD_beta_Open.bin
AceTouch_JP_0.1.5.250616_6962_beta_Open.bin,AceTouch,JP,0.1.5,250616,2016-06-25,6962,beta,92664,D:\Data\Document\ProductsLibrary\C线产品资料库\KB04122-13A_gray\固件\beta\AceTouch_0.1.5.250616_beta\JP\AceTouch_JP_0.1.5.250616_6962_beta_Open.bin
AceTouch_UK_0.1.5.250616_8602_beta_Open.bin,AceTouch,UK,0.1.5,250616,2016-06-25,8602,beta,92828,D:\Data\Document\ProductsLibrary\C线产品资料库\KB04122-13A_gray\固件\beta\AceTouch_0.1.5.250616_beta\UK\AceTouch_UK_0.1.5.250616_8602_beta_Open.bin
AceTouch_US_0.1.5.250616_69D8_beta_Open.bin,AceTouch,US,0.1.5,250616,2016-06-25,69D8,beta,92664,D:\Data\Document\ProductsLibrary\C线产品资料库\KB04122-13A_gray\固件\beta\AceTouch_0.1.5.250616_beta\US\AceTouch_US_0.1.5.250616_69D8_beta_Open.bin
AceTouch_DE_0.1.6.250626_8BC6_beta_Open.bin,AceTouch,DE,0.1.6,250626,2026-06-25,8BC6,beta,92784,D:\Data\Document\ProductsLibrary\C线产品资料库\KB04122-13A_gray\固件\beta\AceTouch_0.1.6.250626_beta\DE\AceTouch_DE_0.1.6.250626_8BC6_beta_Open.bin
AceTouch_JP_0.1.6.250626_5081_beta_Open.bin,AceTouch,JP,0.1.6,250626,2026-06-25,5081,beta,92616,D:\Data\Document\ProductsLibrary\C线产品资料库\KB04122-13A_gray\固件\beta\AceTouch_0.1.6.250626_beta\JP\AceTouch_JP_0.1.6.250626_5081_beta_Open.bin
AceTouch_UK_0.1.6.250626_8BCC_beta_Open.bin,AceTouch,UK,0.1.6,250626,2026-06-25,8BCC,beta,92784,D:\Data\Document\ProductsLibrary\C线产品资料库\KB04122-13A_gray\固件\beta\AceTouch_0.1.6.250626_beta\UK\AceTouch_UK_0.1.6.250626_8BCC_beta_Open.bin
AceTouch_US_0.1.6.250626_50F7_beta_Open.bin,AceTouch,US,0.1.6,250626,2026-06-25,50F7,beta,92616,D:\Data\Document\ProductsLibrary\C线产品资料库\KB04122-13A_gray\固件\beta\AceTouch_0.1.6.250626_beta\US\AceTouch_US_0.1.6.250626_50F7_beta_Open.bin
AceTouch_DE_0.1.7.250702_9B1D_beta_Open.bin,AceTouch,DE,0.1.7,250702,2002-07-25,9B1D,beta,92828,D:\Data\Document\ProductsLibrary\C线产品资料库\KB04122-13A_gray\固件\beta\AceTouch_0.1.7.250702_beta\DE\AceTouch_DE_0.1.7.250702_9B1D_beta_Open.bin
AceTouch_JP_0.1.7.250702_735A_beta_Open.bin,AceTouch,JP,0.1.7,250702,2002-07-25,735A,beta,92664,D:\Data\Document\ProductsLibrary\C线产品资料库\KB04122-13A_gray\固件\beta\AceTouch_0.1.7.250702_beta\JP\AceTouch_JP_0.1.7.250702_735A_beta_Open.bin
AceTouch_UK_0.1.7.250702_9B23_beta_Open.bin,AceTouch,UK,0.1.7,250702,2002-07-25,9B23,beta,92828,D:\Data\Document\ProductsLibrary\C线产品资料库\KB04122-13A_gray\固件\beta\AceTouch_0.1.7.250702_beta\UK\AceTouch_UK_0.1.7.250702_9B23_beta_Open.bin
AceTouch_US_0.1.7.250702_73D0_beta_Open.bin,AceTouch,US,0.1.7,250702,2002-07-25,73D0,beta,92664,D:\Data\Document\ProductsLibrary\C线产品资料库\KB04122-13A_gray\固件\beta\AceTouch_0.1.7.250702_beta\US\AceTouch_US_0.1.7.250702_73D0_beta_Open.bin
AceTouch_DE_0.2.5.250725_2846_beta_Open.bin,AceTouch,DE,0.2.5,250725,2025-07-25,2846,beta,93244,D:\Data\Document\ProductsLibrary\C线产品资料库\KB04122-13A_gray\固件\beta\AceTouch_0.2.5.250725_beta\DE\AceTouch_DE_0.2.5.250725_2846_beta_Open.bin
AceTouch_JP_0.2.5.250725_C930_beta_Open.bin,AceTouch,JP,0.2.5,250725,2025-07-25,C930,beta,93076,D:\Data\Document\ProductsLibrary\C线产品资料库\KB04122-13A_gray\固件\beta\AceTouch_0.2.5.250725_beta\JP\AceTouch_JP_0.2.5.250725_C930_beta_Open.bin
AceTouch_UK_0.2.5.250725_284C_beta_Open.bin,AceTouch,UK,0.2.5,250725,2025-07-25,284C,beta,93244,D:\Data\Document\ProductsLibrary\C线产品资料库\KB04122-13A_gray\固件\beta\AceTouch_0.2.5.250725_beta\UK\AceTouch_UK_0.2.5.250725_284C_beta_Open.bin
AceTouch_US_0.2.5.250725_C9A6_beta_Open.bin,AceTouch,US,0.2.5,250725,2025-07-25,C9A6,beta,93076,D:\Data\Document\ProductsLibrary\C线产品资料库\KB04122-13A_gray\固件\beta\AceTouch_0.2.5.250725_beta\US\AceTouch_US_0.2.5.250725_C9A6_beta_Open.bin
AceTouch_DE_0.2.1.250708_9511_release_Open.bin,AceTouch,DE,0.2.1,250708,2008-07-25,9511,release,92828,D:\Data\Document\ProductsLibrary\C线产品资料库\KB04122-13A_gray\固件\release\AceTouch_0.2.1.250708_release\DE\AceTouch_DE_0.2.1.250708_9511_release_Open.bin
AceTouch_JP_0.2.1.250708_6D4E_release_Open.bin,AceTouch,JP,0.2.1,250708,2008-07-25,6D4E,release,92664,D:\Data\Document\ProductsLibrary\C线产品资料库\KB04122-13A_gray\固件\release\AceTouch_0.2.1.250708_release\JP\AceTouch_JP_0.2.1.250708_6D4E_release_Open.bin
AceTouch_UK_0.2.1.250708_9517_release_Open.bin,AceTouch,UK,0.2.1,250708,2008-07-25,9517,release,92828,D:\Data\Document\ProductsLibrary\C线产品资料库\KB04122-13A_gray\固件\release\AceTouch_0.2.1.250708_release\UK\AceTouch_UK_0.2.1.250708_9517_release_Open.bin
AceTouch_US_0.2.1.250708_6DC4_release_Open.bin,AceTouch,US,0.2.1,250708,2008-07-25,6DC4,release,92664,D:\Data\Document\ProductsLibrary\C线产品资料库\KB04122-13A_gray\固件\release\AceTouch_0.2.1.250708_release\US\AceTouch_US_0.2.1.250708_6DC4_release_Open.bin
AceTouch_DE_0.2.4.250709_E869_release_Open.bin,AceTouch,DE,0.2.4,250709,2009-07-25,E869,release,93164,D:\Data\Document\ProductsLibrary\C线产品资料库\KB04122-13A_gray\固件\release\AceTouch_0.2.4.250709_release\DE\AceTouch_DE_0.2.4.250709_E869_release_Open.bin
AceTouch_JP_0.2.4.250709_C2FC_release_Open.bin,AceTouch,JP,0.2.4,250709,2009-07-25,C2FC,release,93000,D:\Data\Document\ProductsLibrary\C线产品资料库\KB04122-13A_gray\固件\release\AceTouch_0.2.4.250709_release\JP\AceTouch_JP_0.2.4.250709_C2FC_release_Open.bin
AceTouch_UK_0.2.4.250709_E86F_release_Open.bin,AceTouch,UK,0.2.4,250709,2009-07-25,E86F,release,93164,D:\Data\Document\ProductsLibrary\C线产品资料库\KB04122-13A_gray\固件\release\AceTouch_0.2.4.250709_release\UK\AceTouch_UK_0.2.4.250709_E86F_release_Open.bin
AceTouch_US_0.2.4.250709_C372_release_Open.bin,AceTouch,US,0.2.4,250709,2009-07-25,C372,release,93000,D:\Data\Document\ProductsLibrary\C线产品资料库\KB04122-13A_gray\固件\release\AceTouch_0.2.4.250709_release\US\AceTouch_US_0.2.4.250709_C372_release_Open.bin
AceTouch_DE_0.2.5.250725_2846_release_Open.bin,AceTouch,DE,0.2.5,250725,2025-07-25,2846,release,93244,D:\Data\Document\ProductsLibrary\C线产品资料库\KB04122-13A_gray\固件\release\AceTouch_0.2.5.250725_release\DE\AceTouch_DE_0.2.5.250725_2846_release_Open.bin
AceTouch_JP_0.2.5.250725_C930_release_Open.bin,AceTouch,JP,0.2.5,250725,2025-07-25,C930,release,93076,D:\Data\Document\ProductsLibrary\C线产品资料库\KB04122-13A_gray\固件\release\AceTouch_0.2.5.250725_release\JP\AceTouch_JP_0.2.5.250725_C930_release_Open.bin
AceTouch_UK_0.2.5.250725_284C_release_Open.bin,AceTouch,UK,0.2.5,250725,2025-07-25,284C,release,93244,D:\Data\Document\ProductsLibrary\C线产品资料库\KB04122-13A_gray\固件\release\AceTouch_0.2.5.250725_release\UK\AceTouch_UK_0.2.5.250725_284C_release_Open.bin
AceTouch_US_0.2.5.250725_C9A6_release_Open.bin,AceTouch,US,0.2.5,250725,2025-07-25,C9A6,release,93076,D:\Data\Document\ProductsLibrary\C线产品资料库\KB04122-13A_gray\固件\release\AceTouch_0.2.5.250725_release\US\AceTouch_US_0.2.5.250725_C9A6_release_Open.bin
AceTouch_DE_0.3.5.251117_F3B0_release_Open.bin,AceTouch,DE,0.3.5,251117,2017-11-25,F3B0,release,92664,D:\Data\Document\ProductsLibrary\C线产品资料库\KB04122-13A_gray\固件\release\AceTouch_0.3.5.251117_release\DE\AceTouch_DE_0.3.5.251117_F3B0_release_Open.bin
AceTouch_JP_0.3.5.251117_60B_release_Open.bin,AceTouch,JP,0.3.5,251117,2017-11-25,60B,release,92500,D:\Data\Document\ProductsLibrary\C线产品资料库\KB04122-13A_gray\固件\release\AceTouch_0.3.5.251117_release\JP\AceTouch_JP_0.3.5.251117_60B_release_Open.bin
AceTouch_UK_0.3.5.251117_F3B6_release_Open.bin,AceTouch,UK,0.3.5,251117,2017-11-25,F3B6,release,92664,D:\Data\Document\ProductsLibrary\C线产品资料库\KB04122-13A_gray\固件\release\AceTouch_0.3.5.251117_release\UK\AceTouch_UK_0.3.5.251117_F3B6_release_Open.bin
AceTouch_US_0.3.5.251117_681_release_Open.bin,AceTouch,US,0.3.5,251117,2017-11-25,681,release,92500,D:\Data\Document\ProductsLibrary\C线产品资料库\KB04122-13A_gray\固件\release\AceTouch_0.3.5.251117_release\US\AceTouch_US_0.3.5.251117_681_release_Open.bin
N0046_N0047_AceTouch_DE_0.2.7.250823_A59B_release_Open.bin,N0046_N0047_AceTouch,DE,0.2.7,250823,2023-08-25,A59B,release,92012,D:\Data\Document\ProductsLibrary\C线产品资料库\KB04122-13A_gray\固件\release\N0046_N0047_AceTouch_0.2.7.250823_release\DE\N0046_N0047_AceTouch_DE_0.2.7.250823_A59B_release_Open.bin
N0046_N0047_AceTouch__JP_0.2.7.250823_5A0B_release_Open.bin,N0046_N0047_AceTouch_,JP,0.2.7,250823,2023-08-25,5A0B,release,91844,D:\Data\Document\ProductsLibrary\C线产品资料库\KB04122-13A_gray\固件\release\N0046_N0047_AceTouch_0.2.7.250823_release\JP\N0046_N0047_AceTouch__JP_0.2.7.250823_5A0B_release_Open.bin
N0046_N0047_AceTouch_UK_0.2.7.250823_A5A1_release_Open.bin,N0046_N0047_AceTouch,UK,0.2.7,250823,2023-08-25,A5A1,release,92012,D:\Data\Document\ProductsLibrary\C线产品资料库\KB04122-13A_gray\固件\release\N0046_N0047_AceTouch_0.2.7.250823_release\UK\N0046_N0047_AceTouch_UK_0.2.7.250823_A5A1_release_Open.bin
N0046_N0047_AceTouch_US_0.2.7.250823_5A81_release_Open.bin,N0046_N0047_AceTouch,US,0.2.7,250823,2023-08-25,5A81,release,91844,D:\Data\Document\ProductsLibrary\C线产品资料库\KB04122-13A_gray\固件\release\N0046_N0047_AceTouch_0.2.7.250823_release\US\N0046_N0047_AceTouch_US_0.2.7.250823_5A81_release_Open.bin
N0046_N0047_AceTouch_DE_0.3.4.250929_EC08_release_Open.bin,N0046_N0047_AceTouch,DE,0.3.4,250929,2029-09-25,EC08,release,92648,D:\Data\Document\ProductsLibrary\C线产品资料库\KB04122-13A_gray\固件\release\N0046_N0047_AceTouch_0.3.4.250929_release\DE\N0046_N0047_AceTouch_DE_0.3.4.250929_EC08_release_Open.bin
N0046_N0047_AceTouch_JP_0.3.4.250929_621_release_Open.bin,N0046_N0047_AceTouch,JP,0.3.4,250929,2029-09-25,621,release,92484,D:\Data\Document\ProductsLibrary\C线产品资料库\KB04122-13A_gray\固件\release\N0046_N0047_AceTouch_0.3.4.250929_release\JP\N0046_N0047_AceTouch_JP_0.3.4.250929_621_release_Open.bin
N0046_N0047_AceTouch_UK_0.3.4.250929_EC0E_release_Open.bin,N0046_N0047_AceTouch,UK,0.3.4,250929,2029-09-25,EC0E,release,92648,D:\Data\Document\ProductsLibrary\C线产品资料库\KB04122-13A_gray\固件\release\N0046_N0047_AceTouch_0.3.4.250929_release\UK\N0046_N0047_AceTouch_UK_0.3.4.250929_EC0E_release_Open.bin
N0046_N0047_AceTouch_US_0.3.4.250929_697_release_Open.bin,N0046_N0047_AceTouch,US,0.3.4,250929,2029-09-25,697,release,92484,D:\Data\Document\ProductsLibrary\C线产品资料库\KB04122-13A_gray\固件\release\N0046_N0047_AceTouch_0.3.4.250929_release\US\N0046_N0047_AceTouch_US_0.3.4.250929_697_release_Open.bin
KB04122_RGB_DE_ES_FR_IT_0.0.13.251212_F353_release_Open.bin,KB04122_RGB_DE_ES_FR,IT,0.0.13,251212,2012-12-25,F353,release,82796,D:\Data\Document\ProductsLibrary\C线产品资料库\KB04122-RGB\固件\release\KB04122_RGB_0.0.13.251212_release\DE_ES_FR_IT\KB04122_RGB_DE_ES_FR_IT_0.0.13.251212_F353_release_Open.bin
KB04122_RGB_JP_0.0.13.251212_C446_release_Open.bin,KB04122_RGB,JP,0.0.13,251212,2012-12-25,C446,release,82620,D:\Data\Document\ProductsLibrary\C线产品资料库\KB04122-RGB\固件\release\KB04122_RGB_0.0.13.251212_release\JP\KB04122_RGB_JP_0.0.13.251212_C446_release_Open.bin
KB04122_RGB_UK_0.0.13.251212_F224_release_Open.bin,KB04122_RGB,UK,0.0.13,251212,2012-12-25,F224,release,82788,D:\Data\Document\ProductsLibrary\C线产品资料库\KB04122-RGB\固件\release\KB04122_RGB_0.0.13.251212_release\UK\KB04122_RGB_UK_0.0.13.251212_F224_release_Open.bin
KB04122_RGB_US_0.0.13.251212_C4B5_release_Open.bin,KB04122_RGB,US,0.0.13,251212,2012-12-25,C4B5,release,82620,D:\Data\Document\ProductsLibrary\C线产品资料库\KB04122-RGB\固件\release\KB04122_RGB_0.0.13.251212_release\US\KB04122_RGB_US_0.0.13.251212_C4B5_release_Open.bin
KB05113_DE_1.0.0.240607_release.bin,KB05113,DE,1.0.0,240607,2007-06-24,,release,80368,D:\Data\Document\ProductsLibrary\C线产品资料库\KB05113 自研软件\1.0.0\KB05113_DE_1.0.0.240607_release\KB05113_DE_1.0.0.240607_release.bin
KB05113_DE_1.0.0.240607_release_Encrypt.bin,KB05113,DE,1.0.0,240607,2007-06-24,,release,80392,D:\Data\Document\ProductsLibrary\C线产品资料库\KB05113 自研软件\1.0.0\KB05113_DE_1.0.0.240607_release\KB05113_DE_1.0.0.240607_release_Encrypt.bin
KB05113_UK_1.0.0.240607_release.bin,KB05113,UK,1.0.0,240607,2007-06-24,,release,80368,D:\Data\Document\ProductsLibrary\C线产品资料库\KB05113 自研软件\1.0.0\KB05113_UK_1.0.0.240607_release\KB05113_UK_1.0.0.240607_release.bin
KB05113_UK_1.0.0.240607_release_Encrypt.bin,KB05113,UK,1.0.0,240607,2007-06-24,,release,80392,D:\Data\Document\ProductsLibrary\C线产品资料库\KB05113 自研软件\1.0.0\KB05113_UK_1.0.0.240607_release\KB05113_UK_1.0.0.240607_release_Encrypt.bin
KB05113_US_1.0.0.240607_release.bin,KB05113,US,1.0.0,240607,2007-06-24,,release,80368,D:\Data\Document\ProductsLibrary\C线产品资料库\KB05113 自研软件\1.0.0\KB05113_US_1.0.0.240607_release\KB05113_US_1.0.0.240607_release.bin
KB05113_US_1.0.0.240607_release_Encrypt.bin,KB05113,US,1.0.0,240607,2007-06-24,,release,80392,D:\Data\Document\ProductsLibrary\C线产品资料库\KB05113 自研软件\1.0.0\KB05113_US_1.0.0.240607_release\KB05113_US_1.0.0.240607_release_Encrypt.bin
KB05114_ALL_1.0.11.250205_4E51_beta_Open.bin,KB05114,ALL,1.0.11,250205,2005-02-25,4E51,beta,81552,D:\Data\Document\ProductsLibrary\C线产品资料库\KB05114\beta\新PCBA\KB05114_1.0.11.250205_beta\ALL\KB05114_ALL_1.0.11.250205_4E51_beta_Open.bin
KB05114_DE_1.2.3.250418_90D3_beta_Open.bin,KB05114,DE,1.2.3,250418,2018-04-25,90D3,beta,87876,D:\Data\Document\ProductsLibrary\C线产品资料库\KB05114\beta\新PCBA\KB05114_1.2.3.250418_beta\DE\KB05114_DE_1.2.3.250418_90D3_beta_Open.bin
KB05114_UK_1.2.3.250418_90EC_beta_Open.bin,KB05114,UK,1.2.3,250418,2018-04-25,90EC,beta,87876,D:\Data\Document\ProductsLibrary\C线产品资料库\KB05114\beta\新PCBA\KB05114_1.2.3.250418_beta\UK\KB05114_UK_1.2.3.250418_90EC_beta_Open.bin
KB05114_US_1.2.3.250418_A2D1_beta_Open.bin,KB05114,US,1.2.3,250418,2018-04-25,A2D1,beta,87876,D:\Data\Document\ProductsLibrary\C线产品资料库\KB05114\beta\新PCBA\KB05114_1.2.3.250418_beta\US\KB05114_US_1.2.3.250418_A2D1_beta_Open.bin
KB05114_DE_1.2.4.250430_F72C_beta_Open.bin,KB05114,DE,1.2.4,250430,2030-04-25,F72C,beta,85028,D:\Data\Document\ProductsLibrary\C线产品资料库\KB05114\beta\新PCBA\KB05114_1.2.4.250430_beta\DE\KB05114_DE_1.2.4.250430_F72C_beta_Open.bin
KB05114_UK_1.2.4.250430_F745_beta_Open.bin,KB05114,UK,1.2.4,250430,2030-04-25,F745,beta,85028,D:\Data\Document\ProductsLibrary\C线产品资料库\KB05114\beta\新PCBA\KB05114_1.2.4.250430_beta\UK\KB05114_UK_1.2.4.250430_F745_beta_Open.bin
KB05114_US_1.2.4.250430_F58D_beta_Open.bin,KB05114,US,1.2.4,250430,2030-04-25,F58D,beta,85024,D:\Data\Document\ProductsLibrary\C线产品资料库\KB05114\beta\新PCBA\KB05114_1.2.4.250430_beta\US\KB05114_US_1.2.4.250430_F58D_beta_Open.bin
KB05114_ALL_1.3.1.250529_F810_beta_Open.bin,KB05114,ALL,1.3.1,250529,2029-05-25,F810,beta,85016,D:\Data\Document\ProductsLibrary\C线产品资料库\KB05114\beta\新PCBA\KB05114_1.3.1.250529_beta\ALL\KB05114_ALL_1.3.1.250529_F810_beta_Open.bin
KB06103_DE_0.0.24.241016_beta.bin,KB06103,DE,0.0.24,241016,2016-10-24,,beta,78860,D:\Data\Document\ProductsLibrary\C线产品资料库\KB05114\KB06103\固件\beta\KB06103_0.0.24.241016_beta\DE\KB06103_DE_0.0.24.241016_beta.bin
KB06103_US_0.0.24.241016_beta.bin,KB06103,US,0.0.24,241016,2016-10-24,,beta,78596,D:\Data\Document\ProductsLibrary\C线产品资料库\KB05114\KB06103\固件\beta\KB06103_0.0.24.241016_beta\US\KB06103_US_0.0.24.241016_beta.bin
KB06103_DE_0.1.25.241021_beta.bin,KB06103,DE,0.1.25,241021,2021-10-24,,beta,78920,D:\Data\Document\ProductsLibrary\C线产品资料库\KB05114\KB06103\固件\beta\KB06103_0.1.25.241021_beta\DE\KB06103_DE_0.1.25.241021_beta.bin
KB06103_US_0.1.25.241021_beta.bin,KB06103,US,0.1.25,241021,2021-10-24,,beta,78656,D:\Data\Document\ProductsLibrary\C线产品资料库\KB05114\KB06103\固件\beta\KB06103_0.1.25.241021_beta\US\KB06103_US_0.1.25.241021_beta.bin
KB06103_DE_0.1.27.241022_beta.bin,KB06103,DE,0.1.27,241022,2022-10-24,,beta,78968,D:\Data\Document\ProductsLibrary\C线产品资料库\KB05114\KB06103\固件\beta\KB06103_0.1.27.241022_beta\DE\KB06103_DE_0.1.27.241022_beta.bin
KB06103_US_0.1.27.241022_beta.bin,KB06103,US,0.1.27,241022,2022-10-24,,beta,78704,D:\Data\Document\ProductsLibrary\C线产品资料库\KB05114\KB06103\固件\beta\KB06103_0.1.27.241022_beta\US\KB06103_US_0.1.27.241022_beta.bin
KB06103_DE_0.1.31.241213_8DF4_beta_Open.bin,KB06103,DE,0.1.31,241213,2013-12-24,8DF4,beta,79344,D:\Data\Document\ProductsLibrary\C线产品资料库\KB05114\KB06103\固件\beta\KB06103_0.1.31.241213_beta\DE\KB06103_DE_0.1.31.241213_8DF4_beta_Open.bin
KB06103_US_0.1.31.241213_1FAE_beta_Open.bin,KB06103,US,0.1.31,241213,2013-12-24,1FAE,beta,79076,D:\Data\Document\ProductsLibrary\C线产品资料库\KB05114\KB06103\固件\beta\KB06103_0.1.31.241213_beta\US\KB06103_US_0.1.31.241213_1FAE_beta_Open.bin
KB06103_DE_0.1.32.241218_8B4E_beta_Open.bin,KB06103,DE,0.1.32,241218,2018-12-24,8B4E,beta,79332,D:\Data\Document\ProductsLibrary\C线产品资料库\KB05114\KB06103\固件\beta\KB06103_0.1.32.241218_beta\DE\KB06103_DE_0.1.32.241218_8B4E_beta_Open.bin
KB06103_US_0.1.32.241218_2992_beta_Open.bin,KB06103,US,0.1.32,241218,2018-12-24,2992,beta,79068,D:\Data\Document\ProductsLibrary\C线产品资料库\KB05114\KB06103\固件\beta\KB06103_0.1.32.241218_beta\US\KB06103_US_0.1.32.241218_2992_beta_Open.bin
KB06103_DE_0.1.37.250115_D055_beta_Open.bin,KB06103,DE,0.1.37,250115,2015-01-25,D055,beta,79596,D:\Data\Document\ProductsLibrary\C线产品资料库\KB05114\KB06103\固件\beta\KB06103_0.1.37.250115_beta\DE\KB06103_DE_0.1.37.250115_D055_beta_Open.bin
KB06103_US_0.1.37.250115_89F4_beta_Open.bin,KB06103,US,0.1.37,250115,2015-01-25,89F4,beta,79332,D:\Data\Document\ProductsLibrary\C线产品资料库\KB05114\KB06103\固件\beta\KB06103_0.1.37.250115_beta\US\KB06103_US_0.1.37.250115_89F4_beta_Open.bin
KB06103_DE_0.1.38.250121_CDD7_beta_Open.bin,KB06103,DE,0.1.38,250121,2021-01-25,CDD7,beta,79584,D:\Data\Document\ProductsLibrary\C线产品资料库\KB05114\KB06103\固件\beta\KB06103_0.1.38.250121_beta\DE\KB06103_DE_0.1.38.250121_CDD7_beta_Open.bin
KB06103_US_0.1.38.250121_864D_beta_Open.bin,KB06103,US,0.1.38,250121,2021-01-25,864D,beta,79320,D:\Data\Document\ProductsLibrary\C线产品资料库\KB05114\KB06103\固件\beta\KB06103_0.1.38.250121_beta\US\KB06103_US_0.1.38.250121_864D_beta_Open.bin
KB06103_DE_0.1.39.250124_D426_beta_Open.bin,KB06103,DE,0.1.39,250124,2024-01-25,D426,beta,79752,D:\Data\Document\ProductsLibrary\C线产品资料库\KB05114\KB06103\固件\beta\KB06103_0.1.39.250124_beta\DE\KB06103_DE_0.1.39.250124_D426_beta_Open.bin
KB06103_US_0.1.39.250124_9714_beta_Open.bin,KB06103,US,0.1.39,250124,2024-01-25,9714,beta,79488,D:\Data\Document\ProductsLibrary\C线产品资料库\KB05114\KB06103\固件\beta\KB06103_0.1.39.250124_beta\US\KB06103_US_0.1.39.250124_9714_beta_Open.bin
KB06103_DE_0.1.40.250208_F2EE_beta_Open.bin,KB06103,DE,0.1.40,250208,2008-02-25,F2EE,beta,79836,D:\Data\Document\ProductsLibrary\C线产品资料库\KB05114\KB06103\固件\beta\KB06103_0.1.40.250208_beta\DE\KB06103_DE_0.1.40.250208_F2EE_beta_Open.bin
KB06103_US_0.1.40.250208_B6AE_beta_Open.bin,KB06103,US,0.1.40,250208,2008-02-25,B6AE,beta,79572,D:\Data\Document\ProductsLibrary\C线产品资料库\KB05114\KB06103\固件\beta\KB06103_0.1.40.250208_beta\US\KB06103_US_0.1.40.250208_B6AE_beta_Open.bin
KB06103_DE_0.1.30.241203_10D6_release_Encrypt.bin,KB06103,DE,0.1.30,241203,2003-12-24,10D6,release,79036,D:\Data\Document\ProductsLibrary\C线产品资料库\KB05114\KB06103\固件\release\KB06103_0.1.30.241203_release\DE\KB06103_DE_0.1.30.241203_10D6_release_Encrypt.bin
KB06103_DE_0.1.30.241203_3313_release_Open.bin,KB06103,DE,0.1.30,241203,2003-12-24,3313,release,79016,D:\Data\Document\ProductsLibrary\C线产品资料库\KB05114\KB06103\固件\release\KB06103_0.1.30.241203_release\DE\KB06103_DE_0.1.30.241203_3313_release_Open.bin
KB06103_US_0.1.30.241203_DDD5_release_Encrypt.bin,KB06103,US,0.1.30,241203,2003-12-24,DDD5,release,78776,D:\Data\Document\ProductsLibrary\C线产品资料库\KB05114\KB06103\固件\release\KB06103_0.1.30.241203_release\US\KB06103_US_0.1.30.241203_DDD5_release_Encrypt.bin
KB06103_US_0.1.30.241203_FD37_release_Open.bin,KB06103,US,0.1.30,241203,2003-12-24,FD37,release,78760,D:\Data\Document\ProductsLibrary\C线产品资料库\KB05114\KB06103\固件\release\KB06103_0.1.30.241203_release\US\KB06103_US_0.1.30.241203_FD37_release_Open.bin
KB06103_DE_0.1.32.241218_8B4E_release_Open.bin,KB06103,DE,0.1.32,241218,2018-12-24,8B4E,release,79332,D:\Data\Document\ProductsLibrary\C线产品资料库\KB05114\KB06103\固件\release\KB06103_0.1.32.241218_release\DE\KB06103_DE_0.1.32.241218_8B4E_release_Open.bin
KB06103_US_0.1.32.241218_2992_release_Open.bin,KB06103,US,0.1.32,241218,2018-12-24,2992,release,79068,D:\Data\Document\ProductsLibrary\C线产品资料库\KB05114\KB06103\固件\release\KB06103_0.1.32.241218_release\US\KB06103_US_0.1.32.241218_2992_release_Open.bin
KB06103_DE_0.1.40.250208_F2EE_release_Open.bin,KB06103,DE,0.1.40,250208,2008-02-25,F2EE,release,79836,D:\Data\Document\ProductsLibrary\C线产品资料库\KB05114\KB06103\固件\release\KB06103_0.1.40.250208_release\DE\KB06103_DE_0.1.40.250208_F2EE_release_Open.bin
KB06103_US_0.1.40.250208_B6AE_release_Open.bin,KB06103,US,0.1.40,250208,2008-02-25,B6AE,release,79572,D:\Data\Document\ProductsLibrary\C线产品资料库\KB05114\KB06103\固件\release\KB06103_0.1.40.250208_release\US\KB06103_US_0.1.40.250208_B6AE_release_Open.bin
KB05114_ALL_1.0.5.240918_release.bin,KB05114,ALL,1.0.5,240918,2018-09-24,,release,81320,D:\Data\Document\ProductsLibrary\C线产品资料库\KB05114\固件释放\0918-release\KB05114_ALL_1.0.5.240918_release.bin
KB05114_ALL_1.3.1.250529_F810_release_Open.bin,KB05114,ALL,1.3.1,250529,2029-05-25,F810,release,85016,D:\Data\Document\ProductsLibrary\C线产品资料库\KB05114\固件释放\KB05114_1.3.1.250529_release\ALL\KB05114_ALL_1.3.1.250529_F810_release_Open.bin
KB05114_ALL_1.3.2.250605_5D1_release_Open.bin,KB05114,ALL,1.3.2,250605,2005-06-25,5D1,release,85128,D:\Data\Document\ProductsLibrary\C线产品资料库\KB05114\固件释放\KB05114_1.3.2.250605_release\ALL\KB05114_ALL_1.3.2.250605_5D1_release_Open.bin
KB06006_DE_0.0.1.241008_beta.bin,KB06006,DE,0.0.1,241008,2008-10-24,,beta,62284,D:\Data\Document\ProductsLibrary\C线产品资料库\KB06006\固件\beta\键盘\KB06006_0.0.1.241008_beta\DE\KB06006_DE_0.0.1.241008_beta.bin
KB06006_DE_0.0.1.241008_beta.bin,KB06006,DE,0.0.1,241008,2008-10-24,,beta,62284,D:\Data\Document\ProductsLibrary\C线产品资料库\KB06006\固件\beta\键盘\KB06006_0.0.1.241008_beta\KB06006_0.0.1.241008_beta\DE\KB06006_DE_0.0.1.241008_beta.bin
KB06006_UK_0.0.1.241008_beta.bin,KB06006,UK,0.0.1,241008,2008-10-24,,beta,62284,D:\Data\Document\ProductsLibrary\C线产品资料库\KB06006\固件\beta\键盘\KB06006_0.0.1.241008_beta\KB06006_0.0.1.241008_beta\UK\KB06006_UK_0.0.1.241008_beta.bin
KB06006_US_0.0.1.241008_beta.bin,KB06006,US,0.0.1,241008,2008-10-24,,beta,62280,D:\Data\Document\ProductsLibrary\C线产品资料库\KB06006\固件\beta\键盘\KB06006_0.0.1.241008_beta\KB06006_0.0.1.241008_beta\US\KB06006_US_0.0.1.241008_beta.bin
KB06006_UK_0.0.1.241008_beta.bin,KB06006,UK,0.0.1,241008,2008-10-24,,beta,62284,D:\Data\Document\ProductsLibrary\C线产品资料库\KB06006\固件\beta\键盘\KB06006_0.0.1.241008_beta\UK\KB06006_UK_0.0.1.241008_beta.bin
KB06006_US_0.0.1.241008_beta.bin,KB06006,US,0.0.1,241008,2008-10-24,,beta,62280,D:\Data\Document\ProductsLibrary\C线产品资料库\KB06006\固件\beta\键盘\KB06006_0.0.1.241008_beta\US\KB06006_US_0.0.1.241008_beta.bin
KB06006_DE_0.0.2.241015_beta.bin,KB06006,DE,0.0.2,241015,2015-10-24,,beta,64924,D:\Data\Document\ProductsLibrary\C线产品资料库\KB06006\固件\beta\键盘\KB06006_0.0.2.241015_beta\DE\KB06006_DE_0.0.2.241015_beta.bin
KB06006_UK_0.0.2.241015_beta.bin,KB06006,UK,0.0.2,241015,2015-10-24,,beta,64924,D:\Data\Document\ProductsLibrary\C线产品资料库\KB06006\固件\beta\键盘\KB06006_0.0.2.241015_beta\UK\KB06006_UK_0.0.2.241015_beta.bin
KB06006_US_0.0.2.241015_beta.bin,KB06006,US,0.0.2,241015,2015-10-24,,beta,64924,D:\Data\Document\ProductsLibrary\C线产品资料库\KB06006\固件\beta\键盘\KB06006_0.0.2.241015_beta\US\KB06006_US_0.0.2.241015_beta.bin
MS06006_ALL_0.0.1.241014_beta.bin,MS06006,ALL,0.0.1,241014,2014-10-24,,beta,55112,D:\Data\Document\ProductsLibrary\C线产品资料库\KB06006\固件\beta\鼠标\MS06006_0.0.1.241014_beta\ALL\MS06006_ALL_0.0.1.241014_beta.bin
KB06007_DE_0.0.1.241114_beta.bin,KB06007,DE,0.0.1,241114,2014-11-24,,beta,67508,D:\Data\Document\ProductsLibrary\C线产品资料库\KB06007\固件\beta\KB06007_0.0.1.241114_beta\DE\KB06007_DE_0.0.1.241114_beta.bin
KB06007_DE_0.0.2.241118_beta.bin,KB06007,DE,0.0.2,241118,2018-11-24,,beta,67516,D:\Data\Document\ProductsLibrary\C线产品资料库\KB06007\固件\beta\KB06007_0.0.2.241118_beta\DE\KB06007_DE_0.0.2.241118_beta.bin
KB06007_DE_0.0.3.241126_9E02_beta_Open.bin,KB06007,DE,0.0.3,241126,2026-11-24,9E02,beta,67128,D:\Data\Document\ProductsLibrary\C线产品资料库\KB06007\固件\beta\KB06007_0.0.3.241126_beta\DE\KB06007_DE_0.0.3.241126_9E02_beta_Open.bin
KB06007_DE_0.0.3.241126_9F94_beta_Encrypt.bin,KB06007,DE,0.0.3,241126,2026-11-24,9F94,beta,67148,D:\Data\Document\ProductsLibrary\C线产品资料库\KB06007\固件\beta\KB06007_0.0.3.241126_beta\DE\KB06007_DE_0.0.3.241126_9F94_beta_Encrypt.bin
KB06007_DE_0.0.4.241127_9C1E_beta_Open.bin,KB06007,DE,0.0.4,241127,2027-11-24,9C1E,beta,67116,D:\Data\Document\ProductsLibrary\C线产品资料库\KB06007\固件\beta\KB06007_0.0.4.241127_beta\DE\KB06007_DE_0.0.4.241127_9C1E_beta_Open.bin
KB06007_DE_0.0.4.241127_9FBC_beta_Encrypt.bin,KB06007,DE,0.0.4,241127,2027-11-24,9FBC,beta,67136,D:\Data\Document\ProductsLibrary\C线产品资料库\KB06007\固件\beta\KB06007_0.0.4.241127_beta\DE\KB06007_DE_0.0.4.241127_9FBC_beta_Encrypt.bin
KB06007_DE_0.0.5.241129_AE64_beta_Open.bin,KB06007,DE,0.0.5,241129,2029-11-24,AE64,beta,67172,D:\Data\Document\ProductsLibrary\C线产品资料库\KB06007\固件\beta\KB06007_0.0.5.241129_beta\DE\KB06007_DE_0.0.5.241129_AE64_beta_Open.bin
KB06007_DE_0.0.5.241129_B1FB_beta_Encrypt.bin,KB06007,DE,0.0.5,241129,2029-11-24,B1FB,beta,67192,D:\Data\Document\ProductsLibrary\C线产品资料库\KB06007\固件\beta\KB06007_0.0.5.241129_beta\DE\KB06007_DE_0.0.5.241129_B1FB_beta_Encrypt.bin
KB06007_DE_0.0.6.250102_56AC_beta_Open.bin,KB06007,DE,0.0.6,250102,2002-01-25,56AC,beta,67608,D:\Data\Document\ProductsLibrary\C线产品资料库\KB06007\固件\beta\KB06007_0.0.6.250102_beta\DE\KB06007_DE_0.0.6.250102_56AC_beta_Open.bin
KB06007_DE_0.0.6.250102_56AC_release_Open.bin,KB06007,DE,0.0.6,250102,2002-01-25,56AC,release,67608,D:\Data\Document\ProductsLibrary\C线产品资料库\KB06007\固件\release\KB06007_0.0.6.250102_release\DE\KB06007_DE_0.0.6.250102_56AC_release_Open.bin
KB06101_DE_0.2.20.240925_beta.bin,KB06101,DE,0.2.20,240925,2025-09-24,,beta,75916,D:\Data\Document\ProductsLibrary\C线产品资料库\KB06101\beta固件\KB06101_0.2.20.240925_beta\DE\KB06101_DE_0.2.20.240925_beta.bin
KB06101_UK_0.2.20.240925_beta.bin,KB06101,UK,0.2.20,240925,2025-09-24,,beta,75840,D:\Data\Document\ProductsLibrary\C线产品资料库\KB06101\beta固件\KB06101_0.2.20.240925_beta\UK\KB06101_UK_0.2.20.240925_beta.bin
KB06101_US_0.2.20.240925_beta.bin,KB06101,US,0.2.20,240925,2025-09-24,,beta,75672,D:\Data\Document\ProductsLibrary\C线产品资料库\KB06101\beta固件\KB06101_0.2.20.240925_beta\US\KB06101_US_0.2.20.240925_beta.bin
KB06101_DE_0.2.20.240926_beta.bin,KB06101,DE,0.2.20,240926,2026-09-24,,beta,75792,D:\Data\Document\ProductsLibrary\C线产品资料库\KB06101\beta固件\KB06101_0.2.20.240926_beta\DE\KB06101_DE_0.2.20.240926_beta.bin
KB06101_UK_0.2.20.240926_beta.bin,KB06101,UK,0.2.20,240926,2026-09-24,,beta,75708,D:\Data\Document\ProductsLibrary\C线产品资料库\KB06101\beta固件\KB06101_0.2.20.240926_beta\UK\KB06101_UK_0.2.20.240926_beta.bin
KB06101_US_0.2.20.240926_beta.bin,KB06101,US,0.2.20,240926,2026-09-24,,beta,75548,D:\Data\Document\ProductsLibrary\C线产品资料库\KB06101\beta固件\KB06101_0.2.20.240926_beta\US\KB06101_US_0.2.20.240926_beta.bin
KB06101_DE_0.2.24.241210_6368_beta_Open.bin,KB06101,DE,0.2.24,241210,2010-12-24,6368,beta,76192,D:\Data\Document\ProductsLibrary\C线产品资料库\KB06101\beta固件\KB06101_0.2.24.241210_beta\DE\KB06101_DE_0.2.24.241210_6368_beta_Open.bin
KB06101_UK_0.2.24.241210_4739_beta_Open.bin,KB06101,UK,0.2.24,241210,2010-12-24,4739,beta,76104,D:\Data\Document\ProductsLibrary\C线产品资料库\KB06101\beta固件\KB06101_0.2.24.241210_beta\UK\KB06101_UK_0.2.24.241210_4739_beta_Open.bin
KB06101_US_0.2.24.241210_3775_beta_Open.bin,KB06101,US,0.2.24,241210,2010-12-24,3775,beta,75940,D:\Data\Document\ProductsLibrary\C线产品资料库\KB06101\beta固件\KB06101_0.2.24.241210_beta\US\KB06101_US_0.2.24.241210_3775_beta_Open.bin
KB06101_DE_0.2.25.241213_6770_beta_Open.bin,KB06101,DE,0.2.25,241213,2013-12-24,6770,beta,76208,D:\Data\Document\ProductsLibrary\C线产品资料库\KB06101\beta固件\KB06101_0.2.25.241213_beta\DE\KB06101_DE_0.2.25.241213_6770_beta_Open.bin
KB06101_UK_0.2.25.241213_4E42_beta_Open.bin,KB06101,UK,0.2.25,241213,2013-12-24,4E42,beta,76120,D:\Data\Document\ProductsLibrary\C线产品资料库\KB06101\beta固件\KB06101_0.2.25.241213_beta\UK\KB06101_UK_0.2.25.241213_4E42_beta_Open.bin
KB06101_US_0.2.25.241213_35B4_beta_Open.bin,KB06101,US,0.2.25,241213,2013-12-24,35B4,beta,75960,D:\Data\Document\ProductsLibrary\C线产品资料库\KB06101\beta固件\KB06101_0.2.25.241213_beta\US\KB06101_US_0.2.25.241213_35B4_beta_Open.bin
KB06101_DE_0.2.26.250903_30FA_release_Open.bin,KB06101,DE,0.2.26,250903,2003-09-25,30FA,release,87384,D:\Data\Document\ProductsLibrary\C线产品资料库\KB06101\release固件\KB06101_0.2.26.250903_release\DE\KB06101_DE_0.2.26.250903_30FA_release_Open.bin
KB06101_JP_0.2.26.250903_2D2_release_Open.bin,KB06101,JP,0.2.26,250903,2003-09-25,2D2,release,87140,D:\Data\Document\ProductsLibrary\C线产品资料库\KB06101\release固件\KB06101_0.2.26.250903_release\JP\KB06101_JP_0.2.26.250903_2D2_release_Open.bin
KB06101_UK_0.2.26.250903_157D_release_Open.bin,KB06101,UK,0.2.26,250903,2003-09-25,157D,release,87300,D:\Data\Document\ProductsLibrary\C线产品资料库\KB06101\release固件\KB06101_0.2.26.250903_release\UK\KB06101_UK_0.2.26.250903_157D_release_Open.bin
KB06101_US_0.2.26.250903_39D_release_Open.bin,KB06101,US,0.2.26,250903,2003-09-25,39D,release,87140,D:\Data\Document\ProductsLibrary\C线产品资料库\KB06101\release固件\KB06101_0.2.26.250903_release\US\KB06101_US_0.2.26.250903_39D_release_Open.bin
KB06101_DE_0.2.18.240911_release.bin,KB06101,DE,0.2.18,240911,2011-09-24,,release,77020,D:\Data\Document\ProductsLibrary\C线产品资料库\KB06101\量产固件\KB06101_0.2.18.240911_release\DE\KB06101_DE_0.2.18.240911_release.bin
KB06101_DE_0.2.18.240911_release_Encrypt.bin,KB06101,DE,0.2.18,240911,2011-09-24,,release,77040,D:\Data\Document\ProductsLibrary\C线产品资料库\KB06101\量产固件\KB06101_0.2.18.240911_release\DE\KB06101_DE_0.2.18.240911_release_Encrypt.bin
KB06101_UK_0.2.18.240911_release.bin,KB06101,UK,0.2.18,240911,2011-09-24,,release,76940,D:\Data\Document\ProductsLibrary\C线产品资料库\KB06101\量产固件\KB06101_0.2.18.240911_release\UK\KB06101_UK_0.2.18.240911_release.bin
KB06101_UK_0.2.18.240911_release_Encrypt.bin,KB06101,UK,0.2.18,240911,2011-09-24,,release,76960,D:\Data\Document\ProductsLibrary\C线产品资料库\KB06101\量产固件\KB06101_0.2.18.240911_release\UK\KB06101_UK_0.2.18.240911_release_Encrypt.bin
KB06101_US_0.2.18.240911_release.bin,KB06101,US,0.2.18,240911,2011-09-24,,release,76772,D:\Data\Document\ProductsLibrary\C线产品资料库\KB06101\量产固件\KB06101_0.2.18.240911_release\US\KB06101_US_0.2.18.240911_release.bin
KB06101_US_0.2.18.240911_release_Encrypt.bin,KB06101,US,0.2.18,240911,2011-09-24,,release,76792,D:\Data\Document\ProductsLibrary\C线产品资料库\KB06101\量产固件\KB06101_0.2.18.240911_release\US\KB06101_US_0.2.18.240911_release_Encrypt.bin
KB06101_DE_0.2.20.240926_release.bin,KB06101,DE,0.2.20,240926,2026-09-24,,release,75792,D:\Data\Document\ProductsLibrary\C线产品资料库\KB06101\量产固件\KB06101_0.2.20.240926_release\DE\KB06101_DE_0.2.20.240926_release.bin
KB06101_UK_0.2.20.240926_release.bin,KB06101,UK,0.2.20,240926,2026-09-24,,release,75708,D:\Data\Document\ProductsLibrary\C线产品资料库\KB06101\量产固件\KB06101_0.2.20.240926_release\UK\KB06101_UK_0.2.20.240926_release.bin
KB06101_US_0.2.20.240926_release.bin,KB06101,US,0.2.20,240926,2026-09-24,,release,75548,D:\Data\Document\ProductsLibrary\C线产品资料库\KB06101\量产固件\KB06101_0.2.20.240926_release\US\KB06101_US_0.2.20.240926_release.bin
KB06101_DE_0.2.25.241213_6770_release_Open.bin,KB06101,DE,0.2.25,241213,2013-12-24,6770,release,76208,D:\Data\Document\ProductsLibrary\C线产品资料库\KB06101\量产固件\KB06101_0.2.25.241213_release\DE\KB06101_DE_0.2.25.241213_6770_release_Open.bin
KB06101_UK_0.2.25.241213_4E42_release_Open.bin,KB06101,UK,0.2.25,241213,2013-12-24,4E42,release,76120,D:\Data\Document\ProductsLibrary\C线产品资料库\KB06101\量产固件\KB06101_0.2.25.241213_release\UK\KB06101_UK_0.2.25.241213_4E42_release_Open.bin
KB06101_US_0.2.25.241213_35B4_release_Open.bin,KB06101,US,0.2.25,241213,2013-12-24,35B4,release,75960,D:\Data\Document\ProductsLibrary\C线产品资料库\KB06101\量产固件\KB06101_0.2.25.241213_release\US\KB06101_US_0.2.25.241213_35B4_release_Open.bin
KB06103_DE_0.0.24.241016_beta.bin,KB06103,DE,0.0.24,241016,2016-10-24,,beta,78860,D:\Data\Document\ProductsLibrary\C线产品资料库\KB06103\固件\beta\KB06103_0.0.24.241016_beta\DE\KB06103_DE_0.0.24.241016_beta.bin
KB06103_US_0.0.24.241016_beta.bin,KB06103,US,0.0.24,241016,2016-10-24,,beta,78596,D:\Data\Document\ProductsLibrary\C线产品资料库\KB06103\固件\beta\KB06103_0.0.24.241016_beta\US\KB06103_US_0.0.24.241016_beta.bin
KB06103_DE_0.1.25.241021_beta.bin,KB06103,DE,0.1.25,241021,2021-10-24,,beta,78920,D:\Data\Document\ProductsLibrary\C线产品资料库\KB06103\固件\beta\KB06103_0.1.25.241021_beta\DE\KB06103_DE_0.1.25.241021_beta.bin
KB06103_US_0.1.25.241021_beta.bin,KB06103,US,0.1.25,241021,2021-10-24,,beta,78656,D:\Data\Document\ProductsLibrary\C线产品资料库\KB06103\固件\beta\KB06103_0.1.25.241021_beta\US\KB06103_US_0.1.25.241021_beta.bin
KB06103_DE_0.1.27.241022_beta.bin,KB06103,DE,0.1.27,241022,2022-10-24,,beta,78968,D:\Data\Document\ProductsLibrary\C线产品资料库\KB06103\固件\beta\KB06103_0.1.27.241022_beta\DE\KB06103_DE_0.1.27.241022_beta.bin
KB06103_US_0.1.27.241022_beta.bin,KB06103,US,0.1.27,241022,2022-10-24,,beta,78704,D:\Data\Document\ProductsLibrary\C线产品资料库\KB06103\固件\beta\KB06103_0.1.27.241022_beta\US\KB06103_US_0.1.27.241022_beta.bin
KB06103_DE_0.1.31.241213_8DF4_beta_Open.bin,KB06103,DE,0.1.31,241213,2013-12-24,8DF4,beta,79344,D:\Data\Document\ProductsLibrary\C线产品资料库\KB06103\固件\beta\KB06103_0.1.31.241213_beta\DE\KB06103_DE_0.1.31.241213_8DF4_beta_Open.bin
KB06103_US_0.1.31.241213_1FAE_beta_Open.bin,KB06103,US,0.1.31,241213,2013-12-24,1FAE,beta,79076,D:\Data\Document\ProductsLibrary\C线产品资料库\KB06103\固件\beta\KB06103_0.1.31.241213_beta\US\KB06103_US_0.1.31.241213_1FAE_beta_Open.bin
KB06103_DE_0.1.32.241218_8B4E_beta_Open.bin,KB06103,DE,0.1.32,241218,2018-12-24,8B4E,beta,79332,D:\Data\Document\ProductsLibrary\C线产品资料库\KB06103\固件\beta\KB06103_0.1.32.241218_beta\DE\KB06103_DE_0.1.32.241218_8B4E_beta_Open.bin
KB06103_US_0.1.32.241218_2992_beta_Open.bin,KB06103,US,0.1.32,241218,2018-12-24,2992,beta,79068,D:\Data\Document\ProductsLibrary\C线产品资料库\KB06103\固件\beta\KB06103_0.1.32.241218_beta\US\KB06103_US_0.1.32.241218_2992_beta_Open.bin
KB06103_DE_0.1.37.250115_D055_beta_Open.bin,KB06103,DE,0.1.37,250115,2015-01-25,D055,beta,79596,D:\Data\Document\ProductsLibrary\C线产品资料库\KB06103\固件\beta\KB06103_0.1.37.250115_beta\DE\KB06103_DE_0.1.37.250115_D055_beta_Open.bin
KB06103_US_0.1.37.250115_89F4_beta_Open.bin,KB06103,US,0.1.37,250115,2015-01-25,89F4,beta,79332,D:\Data\Document\ProductsLibrary\C线产品资料库\KB06103\固件\beta\KB06103_0.1.37.250115_beta\US\KB06103_US_0.1.37.250115_89F4_beta_Open.bin
KB06103_DE_0.1.38.250121_CDD7_beta_Open.bin,KB06103,DE,0.1.38,250121,2021-01-25,CDD7,beta,79584,D:\Data\Document\ProductsLibrary\C线产品资料库\KB06103\固件\beta\KB06103_0.1.38.250121_beta\DE\KB06103_DE_0.1.38.250121_CDD7_beta_Open.bin
KB06103_US_0.1.38.250121_864D_beta_Open.bin,KB06103,US,0.1.38,250121,2021-01-25,864D,beta,79320,D:\Data\Document\ProductsLibrary\C线产品资料库\KB06103\固件\beta\KB06103_0.1.38.250121_beta\US\KB06103_US_0.1.38.250121_864D_beta_Open.bin
KB06103_DE_0.1.39.250124_D426_beta_Open.bin,KB06103,DE,0.1.39,250124,2024-01-25,D426,beta,79752,D:\Data\Document\ProductsLibrary\C线产品资料库\KB06103\固件\beta\KB06103_0.1.39.250124_beta\DE\KB06103_DE_0.1.39.250124_D426_beta_Open.bin
KB06103_US_0.1.39.250124_9714_beta_Open.bin,KB06103,US,0.1.39,250124,2024-01-25,9714,beta,79488,D:\Data\Document\ProductsLibrary\C线产品资料库\KB06103\固件\beta\KB06103_0.1.39.250124_beta\US\KB06103_US_0.1.39.250124_9714_beta_Open.bin
KB06103_DE_0.1.40.250208_F2EE_beta_Open.bin,KB06103,DE,0.1.40,250208,2008-02-25,F2EE,beta,79836,D:\Data\Document\ProductsLibrary\C线产品资料库\KB06103\固件\beta\KB06103_0.1.40.250208_beta\DE\KB06103_DE_0.1.40.250208_F2EE_beta_Open.bin
KB06103_US_0.1.40.250208_B6AE_beta_Open.bin,KB06103,US,0.1.40,250208,2008-02-25,B6AE,beta,79572,D:\Data\Document\ProductsLibrary\C线产品资料库\KB06103\固件\beta\KB06103_0.1.40.250208_beta\US\KB06103_US_0.1.40.250208_B6AE_beta_Open.bin
KB06103_DE_0.1.30.241203_10D6_release_Encrypt.bin,KB06103,DE,0.1.30,241203,2003-12-24,10D6,release,79036,D:\Data\Document\ProductsLibrary\C线产品资料库\KB06103\固件\release\KB06103_0.1.30.241203_release\DE\KB06103_DE_0.1.30.241203_10D6_release_Encrypt.bin
KB06103_DE_0.1.30.241203_3313_release_Open.bin,KB06103,DE,0.1.30,241203,2003-12-24,3313,release,79016,D:\Data\Document\ProductsLibrary\C线产品资料库\KB06103\固件\release\KB06103_0.1.30.241203_release\DE\KB06103_DE_0.1.30.241203_3313_release_Open.bin
KB06103_US_0.1.30.241203_DDD5_release_Encrypt.bin,KB06103,US,0.1.30,241203,2003-12-24,DDD5,release,78776,D:\Data\Document\ProductsLibrary\C线产品资料库\KB06103\固件\release\KB06103_0.1.30.241203_release\US\KB06103_US_0.1.30.241203_DDD5_release_Encrypt.bin
KB06103_US_0.1.30.241203_FD37_release_Open.bin,KB06103,US,0.1.30,241203,2003-12-24,FD37,release,78760,D:\Data\Document\ProductsLibrary\C线产品资料库\KB06103\固件\release\KB06103_0.1.30.241203_release\US\KB06103_US_0.1.30.241203_FD37_release_Open.bin
KB06103_DE_0.1.32.241218_8B4E_release_Open.bin,KB06103,DE,0.1.32,241218,2018-12-24,8B4E,release,79332,D:\Data\Document\ProductsLibrary\C线产品资料库\KB06103\固件\release\KB06103_0.1.32.241218_release\DE\KB06103_DE_0.1.32.241218_8B4E_release_Open.bin
KB06103_US_0.1.32.241218_2992_release_Open.bin,KB06103,US,0.1.32,241218,2018-12-24,2992,release,79068,D:\Data\Document\ProductsLibrary\C线产品资料库\KB06103\固件\release\KB06103_0.1.32.241218_release\US\KB06103_US_0.1.32.241218_2992_release_Open.bin
KB06103_DE_0.1.40.250208_F2EE_release_Open.bin,KB06103,DE,0.1.40,250208,2008-02-25,F2EE,release,79836,D:\Data\Document\ProductsLibrary\C线产品资料库\KB06103\固件\release\KB06103_0.1.40.250208_release\DE\KB06103_DE_0.1.40.250208_F2EE_release_Open.bin
KB06103_US_0.1.40.250208_B6AE_release_Open.bin,KB06103,US,0.1.40,250208,2008-02-25,B6AE,release,79572,D:\Data\Document\ProductsLibrary\C线产品资料库\KB06103\固件\release\KB06103_0.1.40.250208_release\US\KB06103_US_0.1.40.250208_B6AE_release_Open.bin
NeoMagic_SE_UK_IT_0.2.1.250714_E267_release_Open.bin,NeoMagic_SE_UK,IT,0.2.1,250714,2014-07-25,E267,release,82740,D:\Data\Document\ProductsLibrary\C线产品资料库\KB09119\固件\NeoMagic_SE_0.2.1.250714_release\UK_IT\NeoMagic_SE_UK_IT_0.2.1.250714_E267_release_Open.bin
NeoMagic_SE_DE_0.2.2.250730_E5EA_beta_Open.bin,NeoMagic_SE,DE,0.2.2,250730,2030-07-25,E5EA,beta,82740,D:\Data\Document\ProductsLibrary\C线产品资料库\KB09119\固件\NeoMagic_SE_0.2.2.250730_beta\DE\NeoMagic_SE_DE_0.2.2.250730_E5EA_beta_Open.bin
NeoMagic_SE_FR_0.2.2.250730_29A6_beta_Open.bin,NeoMagic_SE,FR,0.2.2,250730,2030-07-25,29A6,beta,82904,D:\Data\Document\ProductsLibrary\C线产品资料库\KB09119\固件\NeoMagic_SE_0.2.2.250730_beta\FR\NeoMagic_SE_FR_0.2.2.250730_29A6_beta_Open.bin
NeoMagic_SE_JP_0.2.2.250730_E3F0_beta_Open.bin,NeoMagic_SE,JP,0.2.2,250730,2030-07-25,E3F0,beta,82740,D:\Data\Document\ProductsLibrary\C线产品资料库\KB09119\固件\NeoMagic_SE_0.2.2.250730_beta\JP\NeoMagic_SE_JP_0.2.2.250730_E3F0_beta_Open.bin
NeoMagic_SE_UK_IT_0.2.2.250730_E8BC_beta_Open.bin,NeoMagic_SE_UK,IT,0.2.2,250730,2030-07-25,E8BC,beta,82748,D:\Data\Document\ProductsLibrary\C线产品资料库\KB09119\固件\NeoMagic_SE_0.2.2.250730_beta\UK_IT\NeoMagic_SE_UK_IT_0.2.2.250730_E8BC_beta_Open.bin
NeoMagic_SE_US_0.2.2.250730_E50E_beta_Open.bin,NeoMagic_SE,US,0.2.2,250730,2030-07-25,E50E,beta,82740,D:\Data\Document\ProductsLibrary\C线产品资料库\KB09119\固件\NeoMagic_SE_0.2.2.250730_beta\US\NeoMagic_SE_US_0.2.2.250730_E50E_beta_Open.bin
NeoMagic_SE_DE_0.2.3.250826_E498_release_Open.bin,NeoMagic_SE,DE,0.2.3,250826,2026-08-25,E498,release,82716,D:\Data\Document\ProductsLibrary\C线产品资料库\KB09119\固件\NeoMagic_SE_0.2.3.250826_release\DE\NeoMagic_SE_DE_0.2.3.250826_E498_release_Open.bin
NeoMagic_SE_FR_0.2.3.250826_1804_release_Open.bin,NeoMagic_SE,FR,0.2.3,250826,2026-08-25,1804,release,82876,D:\Data\Document\ProductsLibrary\C线产品资料库\KB09119\固件\NeoMagic_SE_0.2.3.250826_release\FR\NeoMagic_SE_FR_0.2.3.250826_1804_release_Open.bin
NeoMagic_SE_JP_0.2.3.250826_E295_release_Open.bin,NeoMagic_SE,JP,0.2.3,250826,2026-08-25,E295,release,82716,D:\Data\Document\ProductsLibrary\C线产品资料库\KB09119\固件\NeoMagic_SE_0.2.3.250826_release\JP\NeoMagic_SE_JP_0.2.3.250826_E295_release_Open.bin
NeoMagic_SE_UK_IT_0.2.3.250826_E7A9_release_Open.bin,NeoMagic_SE_UK,IT,0.2.3,250826,2026-08-25,E7A9,release,82724,D:\Data\Document\ProductsLibrary\C线产品资料库\KB09119\固件\NeoMagic_SE_0.2.3.250826_release\UK_IT\NeoMagic_SE_UK_IT_0.2.3.250826_E7A9_release_Open.bin
NeoMagic_SE_US_0.2.3.250826_E3BC_release_Open.bin,NeoMagic_SE,US,0.2.3,250826,2026-08-25,E3BC,release,82716,D:\Data\Document\ProductsLibrary\C线产品资料库\KB09119\固件\NeoMagic_SE_0.2.3.250826_release\US\NeoMagic_SE_US_0.2.3.250826_E3BC_release_Open.bin
KB09119_11_DE_0.0.18.240725_release.bin,KB09119_11,DE,0.0.18,240725,2025-07-24,,release,80144,D:\Data\Document\ProductsLibrary\C线产品资料库\KB09119_11_black\固件释放\KB09119_11_DE_0.0.18.240725_release.bin
KB09119_11_UK_0.0.18.240725_release.bin,KB09119_11,UK,0.0.18,240725,2025-07-24,,release,80144,D:\Data\Document\ProductsLibrary\C线产品资料库\KB09119_11_black\固件释放\KB09119_11_UK_0.0.18.240725_release.bin
KB09119_11_US_0.0.18.240725_release.bin,KB09119_11,US,0.0.18,240725,2025-07-24,,release,80128,D:\Data\Document\ProductsLibrary\C线产品资料库\KB09119_11_black\固件释放\KB09119_11_US_0.0.18.240725_release.bin
KB105_DE_0.0.21.250616_693C_beta_Open.bin,KB105,DE,0.0.21,250616,2016-06-25,693C,beta,96952,D:\Data\Document\ProductsLibrary\C线产品资料库\KB105_gray\固件\beta\KB105_0.0.21.250616_beta\DE\KB105_DE_0.0.21.250616_693C_beta_Open.bin
KB105_UK_0.0.21.250616_590E_beta_Open.bin,KB105,UK,0.0.21,250616,2016-06-25,590E,beta,96864,D:\Data\Document\ProductsLibrary\C线产品资料库\KB105_gray\固件\beta\KB105_0.0.21.250616_beta\UK\KB105_UK_0.0.21.250616_590E_beta_Open.bin
KB105_US_0.0.21.250616_6C8_beta_Open.bin,KB105,US,0.0.21,250616,2016-06-25,6C8,beta,96696,D:\Data\Document\ProductsLibrary\C线产品资料库\KB105_gray\固件\beta\KB105_0.0.21.250616_beta\US\KB105_US_0.0.21.250616_6C8_beta_Open.bin
KB105_DE_0.0.21.250619_2ACA_beta_Open.bin,KB105,DE,0.0.21,250619,2019-06-25,2ACA,beta,96688,D:\Data\Document\ProductsLibrary\C线产品资料库\KB105_gray\固件\beta\KB105_0.0.21.250619_beta\DE\KB105_DE_0.0.21.250619_2ACA_beta_Open.bin
KB105_UK_0.0.21.250619_14AC_beta_Open.bin,KB105,UK,0.0.21,250619,2019-06-25,14AC,beta,96600,D:\Data\Document\ProductsLibrary\C线产品资料库\KB105_gray\固件\beta\KB105_0.0.21.250619_beta\UK\KB105_UK_0.0.21.250619_14AC_beta_Open.bin
KB105_US_0.0.21.250619_BA7C_beta_Open.bin,KB105,US,0.0.21,250619,2019-06-25,BA7C,beta,96428,D:\Data\Document\ProductsLibrary\C线产品资料库\KB105_gray\固件\beta\KB105_0.0.21.250619_beta\US\KB105_US_0.0.21.250619_BA7C_beta_Open.bin
KB105_DE_0.0.22.250624_B18B_beta_Open.bin,KB105,DE,0.0.22,250624,2024-06-25,B18B,beta,97304,D:\Data\Document\ProductsLibrary\C线产品资料库\KB105_gray\固件\beta\KB105_0.0.22.250624_beta\DE\KB105_DE_0.0.22.250624_B18B_beta_Open.bin
KB105_UK_0.0.22.250624_B1E7_beta_Open.bin,KB105,UK,0.0.22,250624,2024-06-25,B1E7,beta,97216,D:\Data\Document\ProductsLibrary\C线产品资料库\KB105_gray\固件\beta\KB105_0.0.22.250624_beta\UK\KB105_UK_0.0.22.250624_B1E7_beta_Open.bin
KB105_US_0.0.22.250624_181D_beta_Open.bin,KB105,US,0.0.22,250624,2024-06-25,181D,beta,97044,D:\Data\Document\ProductsLibrary\C线产品资料库\KB105_gray\固件\beta\KB105_0.0.22.250624_beta\US\KB105_US_0.0.22.250624_181D_beta_Open.bin
KB105_DE_0.0.23.250704_5905_beta_Open.bin,KB105,DE,0.0.23,250704,2004-07-25,5905,beta,97624,D:\Data\Document\ProductsLibrary\C线产品资料库\KB105_gray\固件\beta\KB105_0.0.23.250704_beta\DE\KB105_DE_0.0.23.250704_5905_beta_Open.bin
KB105_UK_0.0.23.250704_2EE4_beta_Open.bin,KB105,UK,0.0.23,250704,2004-07-25,2EE4,beta,97536,D:\Data\Document\ProductsLibrary\C线产品资料库\KB105_gray\固件\beta\KB105_0.0.23.250704_beta\UK\KB105_UK_0.0.23.250704_2EE4_beta_Open.bin
KB105_US_0.0.23.250704_E5BB_beta_Open.bin,KB105,US,0.0.23,250704,2004-07-25,E5BB,beta,97368,D:\Data\Document\ProductsLibrary\C线产品资料库\KB105_gray\固件\beta\KB105_0.0.23.250704_beta\US\KB105_US_0.0.23.250704_E5BB_beta_Open.bin
KB105_DE_0.0.23.250708_5A36_beta_Open.bin,KB105,DE,0.0.23,250708,2008-07-25,5A36,beta,97624,D:\Data\Document\ProductsLibrary\C线产品资料库\KB105_gray\固件\beta\KB105_0.0.23.250708_beta\DE\KB105_DE_0.0.23.250708_5A36_beta_Open.bin
KB105_UK_0.0.23.250708_3015_beta_Open.bin,KB105,UK,0.0.23,250708,2008-07-25,3015,beta,97536,D:\Data\Document\ProductsLibrary\C线产品资料库\KB105_gray\固件\beta\KB105_0.0.23.250708_beta\UK\KB105_UK_0.0.23.250708_3015_beta_Open.bin
KB105_US_0.0.23.250708_E6EC_beta_Open.bin,KB105,US,0.0.23,250708,2008-07-25,E6EC,beta,97368,D:\Data\Document\ProductsLibrary\C线产品资料库\KB105_gray\固件\beta\KB105_0.0.23.250708_beta\US\KB105_US_0.0.23.250708_E6EC_beta_Open.bin
KB105_DE_0.0.23.250819_9C4C_beta_Open.bin,KB105,DE,0.0.23,250819,2019-08-25,9C4C,beta,95712,D:\Data\Document\ProductsLibrary\C线产品资料库\KB105_gray\固件\beta\KB105_0.0.23.250819_beta\DE\KB105_DE_0.0.23.250819_9C4C_beta_Open.bin
KB105_DE_0.0.24.250820_96EC_beta_Open.bin,KB105,DE,0.0.24,250820,2020-08-25,96EC,beta,95720,D:\Data\Document\ProductsLibrary\C线产品资料库\KB105_gray\固件\beta\KB105_0.0.24.250820_beta\DE\KB105_DE_0.0.24.250820_96EC_beta_Open.bin
KB403_11A_DE_0.0.3.250512_3ACF_beta_Open.bin,KB403_11A,DE,0.0.3,250512,2012-05-25,3ACF,beta,90472,D:\Data\Document\ProductsLibrary\C线产品资料库\KB403-11A_black\固件\beta\KB403_11A_0.0.3.250512_beta\DE\KB403_11A_DE_0.0.3.250512_3ACF_beta_Open.bin
KB403_11A_JP_0.0.3.250512_2106_beta_Open.bin,KB403_11A,JP,0.0.3,250512,2012-05-25,2106,beta,90308,D:\Data\Document\ProductsLibrary\C线产品资料库\KB403-11A_black\固件\beta\KB403_11A_0.0.3.250512_beta\JP\KB403_11A_JP_0.0.3.250512_2106_beta_Open.bin
KB403_11A_UK_0.0.3.250512_3B08_beta_Open.bin,KB403_11A,UK,0.0.3,250512,2012-05-25,3B08,beta,90472,D:\Data\Document\ProductsLibrary\C线产品资料库\KB403-11A_black\固件\beta\KB403_11A_0.0.3.250512_beta\UK\KB403_11A_UK_0.0.3.250512_3B08_beta_Open.bin
KB403_11A_US_0.0.3.250512_23CD_beta_Open.bin,KB403_11A,US,0.0.3,250512,2012-05-25,23CD,beta,90308,D:\Data\Document\ProductsLibrary\C线产品资料库\KB403-11A_black\固件\beta\KB403_11A_0.0.3.250512_beta\US\KB403_11A_US_0.0.3.250512_23CD_beta_Open.bin
KB403_11A_DE_0.1.5.250523_478_beta_Open.bin,KB403_11A,DE,0.1.5,250523,2023-05-25,478,beta,90168,D:\Data\Document\ProductsLibrary\C线产品资料库\KB403-11A_black\固件\beta\KB403_11A_0.1.5.250523_beta\DE\KB403_11A_DE_0.1.5.250523_478_beta_Open.bin
KB403_11A_JP_0.1.5.250523_A898_beta_Open.bin,KB403_11A,JP,0.1.5,250523,2023-05-25,A898,beta,90004,D:\Data\Document\ProductsLibrary\C线产品资料库\KB403-11A_black\固件\beta\KB403_11A_0.1.5.250523_beta\JP\KB403_11A_JP_0.1.5.250523_A898_beta_Open.bin
KB403_11A_UK_0.1.5.250523_4B1_beta_Open.bin,KB403_11A,UK,0.1.5,250523,2023-05-25,4B1,beta,90168,D:\Data\Document\ProductsLibrary\C线产品资料库\KB403-11A_black\固件\beta\KB403_11A_0.1.5.250523_beta\UK\KB403_11A_UK_0.1.5.250523_4B1_beta_Open.bin
KB403_11A_US_0.1.5.250523_AA3D_beta_Open.bin,KB403_11A,US,0.1.5,250523,2023-05-25,AA3D,beta,90004,D:\Data\Document\ProductsLibrary\C线产品资料库\KB403-11A_black\固件\beta\KB403_11A_0.1.5.250523_beta\US\KB403_11A_US_0.1.5.250523_AA3D_beta_Open.bin
KB403_11A_DE_0.1.6.250526_1FD3_beta_Open.bin,KB403_11A,DE,0.1.6,250526,2026-05-25,1FD3,beta,90228,D:\Data\Document\ProductsLibrary\C线产品资料库\KB403-11A_black\固件\beta\KB403_11A_0.1.6.250526_beta\DE\KB403_11A_DE_0.1.6.250526_1FD3_beta_Open.bin
KB403_11A_JP_0.1.6.250526_C2C4_beta_Open.bin,KB403_11A,JP,0.1.6,250526,2026-05-25,C2C4,beta,90056,D:\Data\Document\ProductsLibrary\C线产品资料库\KB403-11A_black\固件\beta\KB403_11A_0.1.6.250526_beta\JP\KB403_11A_JP_0.1.6.250526_C2C4_beta_Open.bin
KB403_11A_UK_0.1.6.250526_200C_beta_Open.bin,KB403_11A,UK,0.1.6,250526,2026-05-25,200C,beta,90228,D:\Data\Document\ProductsLibrary\C线产品资料库\KB403-11A_black\固件\beta\KB403_11A_0.1.6.250526_beta\UK\KB403_11A_UK_0.1.6.250526_200C_beta_Open.bin
KB403_11A_US_0.1.6.250526_C3A5_beta_Open.bin,KB403_11A,US,0.1.6,250526,2026-05-25,C3A5,beta,90060,D:\Data\Document\ProductsLibrary\C线产品资料库\KB403-11A_black\固件\beta\KB403_11A_0.1.6.250526_beta\US\KB403_11A_US_0.1.6.250526_C3A5_beta_Open.bin
KB403_11A_DE_0.2.0.250617_5574_beta_Open.bin,KB403_11A,DE,0.2.0,250617,2017-06-25,5574,beta,91148,D:\Data\Document\ProductsLibrary\C线产品资料库\KB403-11A_black\固件\beta\KB403_11A_0.2.0.250617_beta\DE\KB403_11A_DE_0.2.0.250617_5574_beta_Open.bin
KB403_11A_JP_0.2.0.250617_2196_beta_Open.bin,KB403_11A,JP,0.2.0,250617,2017-06-25,2196,beta,90976,D:\Data\Document\ProductsLibrary\C线产品资料库\KB403-11A_black\固件\beta\KB403_11A_0.2.0.250617_beta\JP\KB403_11A_JP_0.2.0.250617_2196_beta_Open.bin
KB403_11A_UK_0.2.0.250617_55AD_beta_Open.bin,KB403_11A,UK,0.2.0,250617,2017-06-25,55AD,beta,91148,D:\Data\Document\ProductsLibrary\C线产品资料库\KB403-11A_black\固件\beta\KB403_11A_0.2.0.250617_beta\UK\KB403_11A_UK_0.2.0.250617_55AD_beta_Open.bin
KB403_11A_US_0.2.0.250617_230F_beta_Open.bin,KB403_11A,US,0.2.0,250617,2017-06-25,230F,beta,90980,D:\Data\Document\ProductsLibrary\C线产品资料库\KB403-11A_black\固件\beta\KB403_11A_0.2.0.250617_beta\US\KB403_11A_US_0.2.0.250617_230F_beta_Open.bin
KB403_11A_DE_0.2.0.250618_5520_beta_Open.bin,KB403_11A,DE,0.2.0,250618,2018-06-25,5520,beta,91168,D:\Data\Document\ProductsLibrary\C线产品资料库\KB403-11A_black\固件\beta\KB403_11A_0.2.0.250618_beta\DE\KB403_11A_DE_0.2.0.250618_5520_beta_Open.bin
KB403_11A_JP_0.2.0.250618_2A03_beta_Open.bin,KB403_11A,JP,0.2.0,250618,2018-06-25,2A03,beta,91000,D:\Data\Document\ProductsLibrary\C线产品资料库\KB403-11A_black\固件\beta\KB403_11A_0.2.0.250618_beta\JP\KB403_11A_JP_0.2.0.250618_2A03_beta_Open.bin
KB403_11A_UK_0.2.0.250618_5559_beta_Open.bin,KB403_11A,UK,0.2.0,250618,2018-06-25,5559,beta,91168,D:\Data\Document\ProductsLibrary\C线产品资料库\KB403-11A_black\固件\beta\KB403_11A_0.2.0.250618_beta\UK\KB403_11A_UK_0.2.0.250618_5559_beta_Open.bin
KB403_11A_US_0.2.0.250618_2B90_beta_Open.bin,KB403_11A,US,0.2.0,250618,2018-06-25,2B90,beta,91000,D:\Data\Document\ProductsLibrary\C线产品资料库\KB403-11A_black\固件\beta\KB403_11A_0.2.0.250618_beta\US\KB403_11A_US_0.2.0.250618_2B90_beta_Open.bin
KB403_11A_DE_0.3.0.250630_563D_beta_Open.bin,KB403_11A,DE,0.3.0,250630,2030-06-25,563D,beta,91168,D:\Data\Document\ProductsLibrary\C线产品资料库\KB403-11A_black\固件\beta\KB403_11A_0.3.0.250630_beta\DE\KB403_11A_DE_0.3.0.250630_563D_beta_Open.bin
KB403_11A_JP_0.3.0.250630_2B20_beta_Open.bin,KB403_11A,JP,0.3.0,250630,2030-06-25,2B20,beta,91000,D:\Data\Document\ProductsLibrary\C线产品资料库\KB403-11A_black\固件\beta\KB403_11A_0.3.0.250630_beta\JP\KB403_11A_JP_0.3.0.250630_2B20_beta_Open.bin
KB403_11A_UK_0.3.0.250630_5676_beta_Open.bin,KB403_11A,UK,0.3.0,250630,2030-06-25,5676,beta,91168,D:\Data\Document\ProductsLibrary\C线产品资料库\KB403-11A_black\固件\beta\KB403_11A_0.3.0.250630_beta\UK\KB403_11A_UK_0.3.0.250630_5676_beta_Open.bin
KB403_11A_US_0.3.0.250630_2CAD_beta_Open.bin,KB403_11A,US,0.3.0,250630,2030-06-25,2CAD,beta,91000,D:\Data\Document\ProductsLibrary\C线产品资料库\KB403-11A_black\固件\beta\KB403_11A_0.3.0.250630_beta\US\KB403_11A_US_0.3.0.250630_2CAD_beta_Open.bin
KB403_11A_DE_0.4.0.250715_F4FE_beta_Open.bin,KB403_11A,DE,0.4.0,250715,2015-07-25,F4FE,beta,91564,D:\Data\Document\ProductsLibrary\C线产品资料库\KB403-11A_black\固件\beta\KB403_11A_0.4.0.250715_beta\DE\KB403_11A_DE_0.4.0.250715_F4FE_beta_Open.bin
KB403_11A_JP_0.4.0.250715_97B1_beta_Open.bin,KB403_11A,JP,0.4.0,250715,2015-07-25,97B1,beta,91396,D:\Data\Document\ProductsLibrary\C线产品资料库\KB403-11A_black\固件\beta\KB403_11A_0.4.0.250715_beta\JP\KB403_11A_JP_0.4.0.250715_97B1_beta_Open.bin
KB403_11A_UK_0.4.0.250715_F537_beta_Open.bin,KB403_11A,UK,0.4.0,250715,2015-07-25,F537,beta,91564,D:\Data\Document\ProductsLibrary\C线产品资料库\KB403-11A_black\固件\beta\KB403_11A_0.4.0.250715_beta\UK\KB403_11A_UK_0.4.0.250715_F537_beta_Open.bin
KB403_11A_US_0.4.0.250715_99BD_beta_Open.bin,KB403_11A,US,0.4.0,250715,2015-07-25,99BD,beta,91404,D:\Data\Document\ProductsLibrary\C线产品资料库\KB403-11A_black\固件\beta\KB403_11A_0.4.0.250715_beta\US\KB403_11A_US_0.4.0.250715_99BD_beta_Open.bin
KB403_11A_DE_0.5.12.250911_27B0_release_Open.bin,KB403_11A,DE,0.5.12,250911,2011-09-25,27B0,release,87812,D:\Data\Document\ProductsLibrary\C线产品资料库\KB403-11A_black\固件\release\KB403_11A_0.5.12.250911_release\DE\KB403_11A_DE_0.5.12.250911_27B0_release_Open.bin
KB403_11A_JP_0.5.12.250911_E5C5_release_Open.bin,KB403_11A,JP,0.5.12,250911,2011-09-25,E5C5,release,87648,D:\Data\Document\ProductsLibrary\C线产品资料库\KB403-11A_black\固件\release\KB403_11A_0.5.12.250911_release\JP\KB403_11A_JP_0.5.12.250911_E5C5_release_Open.bin
KB403_11A_UK_0.5.12.250911_27E9_release_Open.bin,KB403_11A,UK,0.5.12,250911,2011-09-25,27E9,release,87812,D:\Data\Document\ProductsLibrary\C线产品资料库\KB403-11A_black\固件\release\KB403_11A_0.5.12.250911_release\UK\KB403_11A_UK_0.5.12.250911_27E9_release_Open.bin
KB403_11A_US_0.5.12.250911_E771_release_Open.bin,KB403_11A,US,0.5.12,250911,2011-09-25,E771,release,87648,D:\Data\Document\ProductsLibrary\C线产品资料库\KB403-11A_black\固件\release\KB403_11A_0.5.12.250911_release\US\KB403_11A_US_0.5.12.250911_E771_release_Open.bin
KB405_US_0.0.3.250828_2489_beta_Open.bin,KB405,US,0.0.3,250828,2028-08-25,2489,beta,84620,D:\Data\Document\ProductsLibrary\C线产品资料库\KB405_gray\固件\beta\KB405_0.0.3.250828_beta\US\KB405_US_0.0.3.250828_2489_beta_Open.bin
KB405_US_0.0.9.251218_49F3_release_Open.bin,KB405,US,0.0.9,251218,2018-12-25,49F3,release,81452,D:\Data\Document\ProductsLibrary\C线产品资料库\KB405_gray\固件\release\KB405_0.0.9.251218_release\US\KB405_US_0.0.9.251218_49F3_release_Open.bin
KB602_DE_0.0.1.250415_D7B0_beta_Open.bin,KB602,DE,0.0.1,250415,2015-04-25,D7B0,beta,65960,D:\Data\Document\ProductsLibrary\C线产品资料库\KB602_black\固件\KB602_0.0.1.250415_beta\DE\KB602_DE_0.0.1.250415_D7B0_beta_Open.bin
KB602_UK_0.0.1.250415_9DAE_beta_Open.bin,KB602,UK,0.0.1,250415,2015-04-25,9DAE,beta,65896,D:\Data\Document\ProductsLibrary\C线产品资料库\KB602_black\固件\KB602_0.0.1.250415_beta\UK\KB602_UK_0.0.1.250415_9DAE_beta_Open.bin
KB602_US_0.0.1.250415_56F8_beta_Open.bin,KB602,US,0.0.1,250415,2015-04-25,56F8,beta,65696,D:\Data\Document\ProductsLibrary\C线产品资料库\KB602_black\固件\KB602_0.0.1.250415_beta\US\KB602_US_0.0.1.250415_56F8_beta_Open.bin
KB602_DE_0.0.1.250427_DF47_beta_Open.bin,KB602,DE,0.0.1,250427,2027-04-25,DF47,beta,72408,D:\Data\Document\ProductsLibrary\C线产品资料库\KB602_black\固件\KB602_0.0.1.250427_beta\DE\KB602_DE_0.0.1.250427_DF47_beta_Open.bin
KB602_Uk_0.0.1.250427_BD65_beta_Open.bin,KB602,Uk,0.0.1,250427,2027-04-25,BD65,beta,72348,D:\Data\Document\ProductsLibrary\C线产品资料库\KB602_black\固件\KB602_0.0.1.250427_beta\Uk\KB602_Uk_0.0.1.250427_BD65_beta_Open.bin
KB602_US_0.0.1.250427_B57B_beta_Open.bin,KB602,US,0.0.1,250427,2027-04-25,B57B,beta,72148,D:\Data\Document\ProductsLibrary\C线产品资料库\KB602_black\固件\KB602_0.0.1.250427_beta\US\KB602_US_0.0.1.250427_B57B_beta_Open.bin
KB602_DE_0.0.1.250428_DD10_beta_Open.bin,KB602,DE,0.0.1,250428,2028-04-25,DD10,beta,72416,D:\Data\Document\ProductsLibrary\C线产品资料库\KB602_black\固件\KB602_0.0.1.250428_beta\DE\KB602_DE_0.0.1.250428_DD10_beta_Open.bin
KB602_Uk_0.0.1.250428_C086_beta_Open.bin,KB602,Uk,0.0.1,250428,2028-04-25,C086,beta,72356,D:\Data\Document\ProductsLibrary\C线产品资料库\KB602_black\固件\KB602_0.0.1.250428_beta\Uk\KB602_Uk_0.0.1.250428_C086_beta_Open.bin
KB602_US_0.0.1.250428_BC79_beta_Open.bin,KB602,US,0.0.1,250428,2028-04-25,BC79,beta,72160,D:\Data\Document\ProductsLibrary\C线产品资料库\KB602_black\固件\KB602_0.0.1.250428_beta\US\KB602_US_0.0.1.250428_BC79_beta_Open.bin
KB602_DE_0.4.2.250521_E3D9_beta_Open.bin,KB602,DE,0.4.2,250521,2021-05-25,E3D9,beta,72496,D:\Data\Document\ProductsLibrary\C线产品资料库\KB602_black\固件\KB602_0.4.2.250521_beta\DE\KB602_DE_0.4.2.250521_E3D9_beta_Open.bin
KB602_UK_0.4.2.250521_B4C3_beta_Open.bin,KB602,UK,0.4.2,250521,2021-05-25,B4C3,beta,72428,D:\Data\Document\ProductsLibrary\C线产品资料库\KB602_black\固件\KB602_0.4.2.250521_beta\UK\KB602_UK_0.4.2.250521_B4C3_beta_Open.bin
KB602_US_0.4.2.250521_C6B1_beta_Open.bin,KB602,US,0.4.2,250521,2021-05-25,C6B1,beta,72232,D:\Data\Document\ProductsLibrary\C线产品资料库\KB602_black\固件\KB602_0.4.2.250521_beta\US\KB602_US_0.4.2.250521_C6B1_beta_Open.bin
KB602_DE_0.4.2.250521_E3D9_release_Open.bin,KB602,DE,0.4.2,250521,2021-05-25,E3D9,release,72496,D:\Data\Document\ProductsLibrary\C线产品资料库\KB602_black\固件\release\KB602_0.4.2.250521_release\DE\KB602_DE_0.4.2.250521_E3D9_release_Open.bin
KB602_UK_0.4.2.250521_B4C3_release_Open.bin,KB602,UK,0.4.2,250521,2021-05-25,B4C3,release,72428,D:\Data\Document\ProductsLibrary\C线产品资料库\KB602_black\固件\release\KB602_0.4.2.250521_release\UK\KB602_UK_0.4.2.250521_B4C3_release_Open.bin
KB602_US_0.4.2.250521_C6B1_release_Open.bin,KB602,US,0.4.2,250521,2021-05-25,C6B1,release,72232,D:\Data\Document\ProductsLibrary\C线产品资料库\KB602_black\固件\release\KB602_0.4.2.250521_release\US\KB602_US_0.4.2.250521_C6B1_release_Open.bin
KB604_DE_0.0.18.251217_928A_beta_Open.bin,KB604,DE,0.0.18,251217,2017-12-25,928A,beta,90872,D:\Data\Document\ProductsLibrary\C线产品资料库\KB604_black\固件\beta\KB604_0.0.18.251217_beta\DE\KB604_DE_0.0.18.251217_928A_beta_Open.bin
KB604_JP_0.0.18.251217_264_beta_Open.bin,KB604,JP,0.0.18,251217,2017-12-25,264,beta,90616,D:\Data\Document\ProductsLibrary\C线产品资料库\KB604_black\固件\beta\KB604_0.0.18.251217_beta\JP\KB604_JP_0.0.18.251217_264_beta_Open.bin
KB604_UK_0.0.18.251217_56B9_beta_Open.bin,KB604,UK,0.0.18,251217,2017-12-25,56B9,beta,90812,D:\Data\Document\ProductsLibrary\C线产品资料库\KB604_black\固件\beta\KB604_0.0.18.251217_beta\UK\KB604_UK_0.0.18.251217_56B9_beta_Open.bin
KB604_DE_0.0.7.251204_D2E7_beta_Open.bin,KB604,DE,0.0.7,251204,2004-12-25,D2E7,beta,96196,D:\Data\Document\ProductsLibrary\C线产品资料库\KB604_black\固件\beta\KB604_0.0.7.251204_beta\DE\KB604_DE_0.0.7.251204_D2E7_beta_Open.bin
KB604_JP_0.0.7.251205_9F62_beta_Open.bin,KB604,JP,0.0.7,251205,2005-12-25,9F62,beta,95940,D:\Data\Document\ProductsLibrary\C线产品资料库\KB604_black\固件\beta\KB604_0.0.7.251204_beta\JP\KB604_JP_0.0.7.251205_9F62_beta_Open.bin
KB604_UK_0.0.7.251204_C51F_beta_Open.bin,KB604,UK,0.0.7,251204,2004-12-25,C51F,beta,96132,D:\Data\Document\ProductsLibrary\C线产品资料库\KB604_black\固件\beta\KB604_0.0.7.251204_beta\UK\KB604_UK_0.0.7.251204_C51F_beta_Open.bin
KB903_DE_0.0.6.250801_DFB1_beta_Open.bin,KB903,DE,0.0.6,250801,2001-08-25,DFB1,beta,89288,D:\Data\Document\ProductsLibrary\C线产品资料库\KB903-11A_black\固件\bate\KB903_0.0.6.250801_beta\DE\KB903_DE_0.0.6.250801_DFB1_beta_Open.bin
KB903_JP_0.0.6.250801_C8F1_beta_Open.bin,KB903,JP,0.0.6,250801,2001-08-25,C8F1,beta,89288,D:\Data\Document\ProductsLibrary\C线产品资料库\KB903-11A_black\固件\bate\KB903_0.0.6.250801_beta\JP\KB903_JP_0.0.6.250801_C8F1_beta_Open.bin
KB903_UK_0.0.6.250801_E0CE_beta_Open.bin,KB903,UK,0.0.6,250801,2001-08-25,E0CE,beta,89288,D:\Data\Document\ProductsLibrary\C线产品资料库\KB903-11A_black\固件\bate\KB903_0.0.6.250801_beta\UK\KB903_UK_0.0.6.250801_E0CE_beta_Open.bin
KB903_US_0.0.6.250801_C9BA_beta_Open.bin,KB903,US,0.0.6,250801,2001-08-25,C9BA,beta,89288,D:\Data\Document\ProductsLibrary\C线产品资料库\KB903-11A_black\固件\bate\KB903_0.0.6.250801_beta\US\KB903_US_0.0.6.250801_C9BA_beta_Open.bin
KB903_US_0.0.8.250624_E8FA_beta_Open.bin,KB903,US,0.0.8,250624,2024-06-25,E8FA,beta,88628,D:\Data\Document\ProductsLibrary\C线产品资料库\KB903-11A_black\固件\KB903_0.0.1.250522_alpha\US\KB903_US_0.0.8.250624_E8FA_beta_Open.bin
KB903_DE_0.1.5.250722_D88D_beta_Open.bin,KB903,DE,0.1.5,250722,2022-07-25,D88D,beta,88532,D:\Data\Document\ProductsLibrary\C线产品资料库\KB903-13A_black\固件\beta\KB903_0.1.5.250722_beta\DE\KB903_DE_0.1.5.250722_D88D_beta_Open.bin
KB903_UK_0.1.5.250722_D8A2_beta_Open.bin,KB903,UK,0.1.5,250722,2022-07-25,D8A2,beta,88532,D:\Data\Document\ProductsLibrary\C线产品资料库\KB903-13A_black\固件\beta\KB903_0.1.5.250722_beta\UK\KB903_UK_0.1.5.250722_D8A2_beta_Open.bin
KB903_US_0.1.5.250722_CF5A_beta_Open.bin,KB903,US,0.1.5,250722,2022-07-25,CF5A,beta,88520,D:\Data\Document\ProductsLibrary\C线产品资料库\KB903-13A_black\固件\beta\KB903_0.1.5.250722_beta\US\KB903_US_0.1.5.250722_CF5A_beta_Open.bin
KB903_DE_0.2.1.250812_DA73_beta_Open.bin,KB903,DE,0.2.1,250812,2012-08-25,DA73,beta,89252,D:\Data\Document\ProductsLibrary\C线产品资料库\KB903-13A_black\固件\beta\KB903_0.2.1.250812_beta\DE\KB903_DE_0.2.1.250812_DA73_beta_Open.bin
KB903_UK_0.2.1.250812_DA88_beta_Open.bin,KB903,UK,0.2.1,250812,2012-08-25,DA88,beta,89252,D:\Data\Document\ProductsLibrary\C线产品资料库\KB903-13A_black\固件\beta\KB903_0.2.1.250812_beta\UK\KB903_UK_0.2.1.250812_DA88_beta_Open.bin
KB903_US_0.2.1.250812_D617_beta_Open.bin,KB903,US,0.2.1,250812,2012-08-25,D617,beta,89244,D:\Data\Document\ProductsLibrary\C线产品资料库\KB903-13A_black\固件\beta\KB903_0.2.1.250812_beta\US\KB903_US_0.2.1.250812_D617_beta_Open.bin
KB903_DE_0.2.3.250815_1244_beta_Open.bin,KB903,DE,0.2.3,250815,2015-08-25,1244,beta,89356,D:\Data\Document\ProductsLibrary\C线产品资料库\KB903-13A_black\固件\beta\KB903_0.2.3.250815_beta\DE\KB903_DE_0.2.3.250815_1244_beta_Open.bin
KB903_UK_0.2.3.250815_1259_beta_Open.bin,KB903,UK,0.2.3,250815,2015-08-25,1259,beta,89356,D:\Data\Document\ProductsLibrary\C线产品资料库\KB903-13A_black\固件\beta\KB903_0.2.3.250815_beta\UK\KB903_UK_0.2.3.250815_1259_beta_Open.bin
KB903_US_0.2.3.250815_B23_beta_Open.bin,KB903,US,0.2.3,250815,2015-08-25,B23,beta,89344,D:\Data\Document\ProductsLibrary\C线产品资料库\KB903-13A_black\固件\beta\KB903_0.2.3.250815_beta\US\KB903_US_0.2.3.250815_B23_beta_Open.bin
KB903_DE_0.0.3.250522_E948_beta_Open.bin,KB903,DE,0.0.3,250522,2022-05-25,E948,beta,88688,D:\Data\Document\ProductsLibrary\C线产品资料库\KB903-13A_black\固件\KB903_0.0.3.250522_beta\DE\KB903_DE_0.0.3.250522_E948_beta_Open.bin
KB903_UK_0.0.3.250522_E946_beta_Open.bin,KB903,UK,0.0.3,250522,2022-05-25,E946,beta,88688,D:\Data\Document\ProductsLibrary\C线产品资料库\KB903-13A_black\固件\KB903_0.0.3.250522_beta\UK\KB903_UK_0.0.3.250522_E946_beta_Open.bin
KB903_US_0.0.3.250522_AB57_beta_Open.bin,KB903,US,0.0.3,250522,2022-05-25,AB57,beta,88516,D:\Data\Document\ProductsLibrary\C线产品资料库\KB903-13A_black\固件\KB903_0.0.3.250522_beta\US\KB903_US_0.0.3.250522_AB57_beta_Open.bin
KB903_DE_0.0.8.250619_C61_beta_Open.bin,KB903,DE,0.0.8,250619,2019-06-25,C61,beta,88788,D:\Data\Document\ProductsLibrary\C线产品资料库\KB903-13A_black\固件\KB903_0.0.8.250619_beta\DE\KB903_DE_0.0.8.250619_C61_beta_Open.bin
KB903_UK_0.0.8.250619_C96_beta_Open.bin,KB903,UK,0.0.8,250619,2019-06-25,C96,beta,88788,D:\Data\Document\ProductsLibrary\C线产品资料库\KB903-13A_black\固件\KB903_0.0.8.250619_beta\UK\KB903_UK_0.0.8.250619_C96_beta_Open.bin
KB903_US_0.0.8.250619_EAF6_beta_Open.bin,KB903,US,0.0.8,250619,2019-06-25,EAF6,beta,88624,D:\Data\Document\ProductsLibrary\C线产品资料库\KB903-13A_black\固件\KB903_0.0.8.250619_beta\US\KB903_US_0.0.8.250619_EAF6_beta_Open.bin
KB903_DE_0.1.5.250627_4CF1_beta_Open.bin,KB903,DE,0.1.5,250627,2027-06-25,4CF1,beta,88928,D:\Data\Document\ProductsLibrary\C线产品资料库\KB903-13A_black\固件\KB903_0.1.5.250627_beta\DE\KB903_DE_0.1.5.250627_4CF1_beta_Open.bin
KB903_UK_0.1.5.250627_4D06_beta_Open.bin,KB903,UK,0.1.5,250627,2027-06-25,4D06,beta,88928,D:\Data\Document\ProductsLibrary\C线产品资料库\KB903-13A_black\固件\KB903_0.1.5.250627_beta\UK\KB903_UK_0.1.5.250627_4D06_beta_Open.bin
KB903_US_0.1.5.250627_3846_beta_Open.bin,KB903,US,0.1.5,250627,2027-06-25,3846,beta,88920,D:\Data\Document\ProductsLibrary\C线产品资料库\KB903-13A_black\固件\KB903_0.1.5.250627_beta\US\KB903_US_0.1.5.250627_3846_beta_Open.bin
KB903_DE_0.4.3.250915_A4A2_release_Open.bin,KB903,DE,0.4.3,250915,2015-09-25,A4A2,release,88256,D:\Data\Document\ProductsLibrary\C线产品资料库\KB903-13A_black\固件\release\KB903_0.4.3.250915_release\DE\KB903_DE_0.4.3.250915_A4A2_release_Open.bin
KB903_UK_0.4.3.250915_A4B7_release_Open.bin,KB903,UK,0.4.3,250915,2015-09-25,A4B7,release,88256,D:\Data\Document\ProductsLibrary\C线产品资料库\KB903-13A_black\固件\release\KB903_0.4.3.250915_release\UK\KB903_UK_0.4.3.250915_A4B7_release_Open.bin
KB903_US_0.4.3.250915_A433_release_Open.bin,KB903,US,0.4.3,250915,2015-09-25,A433,release,88248,D:\Data\Document\ProductsLibrary\C线产品资料库\KB903-13A_black\固件\release\KB903_0.4.3.250915_release\US\KB903_US_0.4.3.250915_A433_release_Open.bin
N0073_N0074_NeoMagic_DE_0.2.3.250904_F3A4_release_Open.bin,N0073_N0074_NeoMagic,DE,0.2.3,250904,2004-09-25,F3A4,release,89300,D:\Data\Document\ProductsLibrary\C线产品资料库\KB903-13A_black\固件\release\N0073_N0074_NeoMagic_0.2.3.250904_release\DE\N0073_N0074_NeoMagic_DE_0.2.3.250904_F3A4_release_Open.bin
N0073_N0074_NeoMagic_UK_0.2.3.250904_F3B9_release_Open.bin,N0073_N0074_NeoMagic,UK,0.2.3,250904,2004-09-25,F3B9,release,89300,D:\Data\Document\ProductsLibrary\C线产品资料库\KB903-13A_black\固件\release\N0073_N0074_NeoMagic_0.2.3.250904_release\UK\N0073_N0074_NeoMagic_UK_0.2.3.250904_F3B9_release_Open.bin
N0073_N0074_NeoMagic_US_0.2.3.250904_F236_release_Open.bin,N0073_N0074_NeoMagic,US,0.2.3,250904,2004-09-25,F236,release,89292,D:\Data\Document\ProductsLibrary\C线产品资料库\KB903-13A_black\固件\release\N0073_N0074_NeoMagic_0.2.3.250904_release\US\N0073_N0074_NeoMagic_US_0.2.3.250904_F236_release_Open.bin
