//
// Created by hank on 2024/7/15.
//

#include "touchpad_update.h"
#include <stdint.h>
#include <stdio.h>

const uint8_t TOUCH_FW[] = {
    0x10, 0x54, 0xB8, 0x69, 0xED, 0xE5, 0xB0, 0x75, 0x11, 0x00, 0x01, 0x60, 0xE9, 0x5F, 0x6F, 0x5B, 
0x03, 0x48, 0x85, 0x46, 0x04, 0xF0, 0x82, 0xFA, 0x00, 0x48, 0x00, 0x47, 0x17, 0x00, 0x00, 0x20, 
0x80, 0x37, 0x00, 0x20, 0x10, 0xB5, 0x05, 0x49, 0x03, 0x48, 0x08, 0x60, 0x04, 0x49, 0x14, 0x30, 
0x08, 0x60, 0x04, 0xF0, 0xA7, 0xFA, 0x10, 0xBD, 0x0C, 0x1C, 0x00, 0x20, 0x48, 0x3C, 0x00, 0x20, 
0x4C, 0x3C, 0x00, 0x20, 0x10, 0xB5, 0x04, 0x49, 0x02, 0x48, 0x08, 0x60, 0x04, 0xF0, 0xA0, 0xFA, 
0x10, 0xBD, 0x00, 0x00, 0x3A, 0x1B, 0x00, 0x20, 0x44, 0x3C, 0x00, 0x20, 0x08, 0xB5, 0x00, 0x20, 
0x03, 0x46, 0x02, 0x46, 0x01, 0x46, 0x00, 0x90, 0x04, 0xF0, 0x98, 0xFA, 0x00, 0x20, 0x04, 0xF0, 
0x9B, 0xFA, 0x9F, 0x48, 0x01, 0x78, 0x01, 0x22, 0x11, 0x43, 0x01, 0x70, 0x08, 0xBD, 0x10, 0xB5, 
0x9C, 0x48, 0x40, 0x7A, 0x02, 0x28, 0x03, 0xD1, 0x9B, 0x48, 0x00, 0x79, 0x80, 0x07, 0x0B, 0xD5, 
0x01, 0xF0, 0x8C, 0xF8, 0x00, 0xF0, 0x8E, 0xF9, 0x01, 0xF0, 0x9A, 0xFB, 0x01, 0xF0, 0x44, 0xFF, 
0x01, 0xF0, 0x79, 0xFC, 0x04, 0xF0, 0xA0, 0xF9, 0x10, 0xBD, 0x94, 0x49, 0x30, 0x20, 0x88, 0x73, 
0x08, 0x46, 0x20, 0x30, 0x40, 0x7B, 0x00, 0x28, 0x0C, 0xD1, 0x91, 0x49, 0x09, 0x68, 0x08, 0x70, 
0x90, 0x48, 0x33, 0x21, 0x81, 0x75, 0x42, 0x7E, 0x02, 0x21, 0x0A, 0x43, 0x42, 0x76, 0x02, 0x7E, 
0x0A, 0x43, 0x02, 0x76, 0x70, 0x47, 0xF0, 0xB5, 0x88, 0x49, 0x20, 0x31, 0x08, 0x78, 0x01, 0x22, 
0x83, 0x06, 0x88, 0x48, 0x00, 0x2B, 0x03, 0x7E, 0x01, 0xDA, 0x13, 0x43, 0x01, 0xE0, 0x5B, 0x08, 
0x5B, 0x00, 0x03, 0x76, 0x0B, 0x78, 0x5B, 0x06, 0x43, 0x7E, 0x01, 0xD5, 0x13, 0x43, 0x01, 0xE0, 
0x5B, 0x08, 0x5B, 0x00, 0x43, 0x76, 0x8B, 0x78, 0xF7, 0x24, 0x9D, 0x06, 0x08, 0x23, 0x00, 0x2D, 
0x05, 0x7E, 0x01, 0xDA, 0x1D, 0x43, 0x00, 0xE0, 0x25, 0x40, 0x05, 0x76, 0x8D, 0x78, 0x6D, 0x06, 
0x03, 0xD5, 0x44, 0x7E, 0x1C, 0x43, 0x44, 0x76, 0x02, 0xE0, 0x43, 0x7E, 0x23, 0x40, 0x43, 0x76, 
0xCB, 0x78, 0xEF, 0x24, 0x9D, 0x06, 0x10, 0x23, 0x00, 0x2D, 0x05, 0x7E, 0x01, 0xDA, 0x1D, 0x43, 
0x00, 0xE0, 0x25, 0x40, 0x05, 0x76, 0xCD, 0x78, 0x6D, 0x06, 0x03, 0xD5, 0x44, 0x7E, 0x1C, 0x43, 
0x44, 0x76, 0x02, 0xE0, 0x43, 0x7E, 0x23, 0x40, 0x43, 0x76, 0x0B, 0x79, 0xFD, 0x24, 0x9D, 0x06, 
0x02, 0x23, 0x00, 0x2D, 0x05, 0x7E, 0x01, 0xDA, 0x1D, 0x43, 0x00, 0xE0, 0x25, 0x40, 0x05, 0x76, 
0x0D, 0x79, 0x6D, 0x06, 0x45, 0x7E, 0x01, 0xD5, 0x1D, 0x43, 0x00, 0xE0, 0x25, 0x40, 0x45, 0x76, 
0x4D, 0x79, 0xFB, 0x26, 0xAF, 0x06, 0x04, 0x25, 0x00, 0x2F, 0x07, 0x7E, 0x01, 0xDA, 0x2F, 0x43, 
0x00, 0xE0, 0x37, 0x40, 0x07, 0x76, 0x4F, 0x79, 0x7F, 0x06, 0x03, 0xD5, 0x46, 0x7E, 0x2E, 0x43, 
0x46, 0x76, 0x02, 0xE0, 0x45, 0x7E, 0x35, 0x40, 0x45, 0x76, 0xCD, 0x79, 0xAD, 0x06, 0x04, 0xD5, 
0xC2, 0x7E, 0x52, 0x08, 0x52, 0x00, 0xC2, 0x76, 0x02, 0xE0, 0xC5, 0x7E, 0x15, 0x43, 0xC5, 0x76, 
0xC9, 0x79, 0x49, 0x06, 0xC1, 0x7E, 0x01, 0xD5, 0x21, 0x40, 0x00, 0xE0, 0x19, 0x43, 0xC1, 0x76, 
0xF0, 0xBD, 0x10, 0xB5, 0xFF, 0xF7, 0x7F, 0xFF, 0x04, 0xF0, 0xEC, 0xF9, 0x10, 0xBD, 0x10, 0xB5, 
0x49, 0x49, 0x1F, 0x20, 0xC8, 0x73, 0x44, 0x49, 0xC8, 0x76, 0x43, 0x48, 0x00, 0x21, 0x20, 0x30, 
0x41, 0x77, 0xFF, 0xF7, 0x5A, 0xFF, 0xFF, 0xF7, 0xEC, 0xFF, 0x04, 0xF0, 0xE1, 0xF9, 0x04, 0xF0, 
0xE5, 0xF9, 0x04, 0xF0, 0xE9, 0xF9, 0x10, 0xBD, 0x38, 0xB5, 0x40, 0xA0, 0x04, 0xF0, 0x64, 0xFB, 
0x3D, 0x48, 0x60, 0x30, 0xC2, 0x7E, 0x81, 0x7E, 0x46, 0xA0, 0x04, 0xF0, 0x5D, 0xFB, 0x37, 0x48, 
0x41, 0x78, 0x00, 0x91, 0x83, 0x79, 0x41, 0x88, 0x40, 0x88, 0x0A, 0x05, 0x12, 0x0D, 0x01, 0x0B, 
0x43, 0xA0, 0x04, 0xF0, 0x51, 0xFB, 0x47, 0xA0, 0x04, 0xF0, 0x4E, 0xFB, 0x47, 0x4C, 0x20, 0x78, 
0xC0, 0x07, 0x03, 0xD0, 0x46, 0xA0, 0x04, 0xF0, 0x47, 0xFB, 0x05, 0xE0, 0x46, 0x48, 0x80, 0x78, 
0x41, 0x08, 0x46, 0xA0, 0x04, 0xF0, 0x40, 0xFB, 0x60, 0x78, 0x00, 0x28, 0x03, 0xD0, 0x61, 0x78, 
0x45, 0xA0, 0x04, 0xF0, 0x39, 0xFB, 0x4B, 0x48, 0x00, 0x68, 0x81, 0x78, 0x4A, 0xA0, 0x04, 0xF0, 
0x33, 0xFB, 0x01, 0x20, 0x04, 0xF0, 0xB6, 0xF9, 0x38, 0xBD, 0x70, 0x47, 0x10, 0xB5, 0xFF, 0xF7, 
0xED, 0xFE, 0xFF, 0xF7, 0xFC, 0xFE, 0x01, 0xF0, 0x18, 0xF8, 0xFF, 0xF7, 0xDB, 0xFE, 0xFF, 0xF7, 
0xC9, 0xFE, 0x04, 0xF0, 0xAD, 0xF9, 0x10, 0xBD, 0x10, 0xB5, 0x04, 0xF0, 0xAF, 0xF9, 0x43, 0x48, 
0x41, 0x49, 0x41, 0x61, 0x42, 0x49, 0x81, 0x60, 0x10, 0xBD, 0x10, 0xB5, 0xFF, 0xF7, 0xF4, 0xFF, 
0xFF, 0xF7, 0x95, 0xFF, 0x04, 0xF0, 0x72, 0xF8, 0x04, 0xF0, 0x7E, 0xF8, 0xFF, 0xF7, 0xA4, 0xFF, 
0x04, 0xF0, 0xA2, 0xF9, 0x00, 0xF0, 0xB1, 0xFE, 0x04, 0xF0, 0xA4, 0xF9, 0x04, 0xF0, 0xA8, 0xF9, 
0x04, 0xF0, 0xAC, 0xF9, 0x03, 0xF0, 0x5C, 0xFB, 0x01, 0xF0, 0x1F, 0xFE, 0x01, 0xF0, 0x53, 0xFA, 
0x01, 0xF0, 0xCB, 0xFD, 0x04, 0xF0, 0xA8, 0xF9, 0x04, 0xF0, 0xAC, 0xF9, 0x10, 0xBD, 0x00, 0x00, 
0x44, 0x00, 0x01, 0x40, 0x70, 0x00, 0x06, 0x40, 0x00, 0x00, 0x01, 0x40, 0x14, 0x38, 0x00, 0x20, 
0x4C, 0x3C, 0x00, 0x20, 0x30, 0x00, 0x08, 0x40, 0x00, 0x00, 0x00, 0x40, 0x0A, 0x1B, 0x5B, 0x31, 
0x3B, 0x33, 0x36, 0x6D, 0x44, 0x65, 0x66, 0x61, 0x75, 0x6C, 0x74, 0x2D, 0x46, 0x6C, 0x61, 0x73, 
0x68, 0x20, 0x69, 0x73, 0x20, 0x62, 0x6F, 0x6F, 0x74, 0x69, 0x6E, 0x67, 0x2E, 0x2E, 0x2E, 0x1B, 
0x5B, 0x6D, 0x0A, 0x00, 0x48, 0x57, 0x3A, 0x20, 0x25, 0x75, 0x2E, 0x25, 0x75, 0x0A, 0x00, 0x00, 
0x46, 0x57, 0x3A, 0x20, 0x25, 0x75, 0x2E, 0x25, 0x75, 0x2E, 0x25, 0x75, 0x2D, 0x25, 0x75, 0x0A, 
0x00, 0x00, 0x00, 0x00, 0x45, 0x48, 0x49, 0x3A, 0x20, 0x00, 0x00, 0x00, 0x60, 0x00, 0x01, 0x40, 
0x53, 0x50, 0x49, 0x0A, 0x00, 0x00, 0x00, 0x00, 0x7C, 0x00, 0x01, 0x40, 0x49, 0x32, 0x43, 0x2D, 
0x25, 0x30, 0x32, 0x78, 0x0A, 0x00, 0x00, 0x00, 0x1B, 0x5B, 0x31, 0x3B, 0x33, 0x33, 0x6D, 0x53, 
0x68, 0x75, 0x74, 0x64, 0x6F, 0x77, 0x6E, 0x3A, 0x20, 0x25, 0x30, 0x32, 0x78, 0x1B, 0x5B, 0x6D, 
0x0A, 0x00, 0x00, 0x00, 0xD0, 0x3B, 0x00, 0x20, 0x46, 0x6C, 0x61, 0x73, 0x68, 0x20, 0x49, 0x44, 
0x3A, 0x20, 0x25, 0x30, 0x32, 0x78, 0x0A, 0x00, 0x51, 0x44, 0x01, 0x60, 0x00, 0x3C, 0x00, 0x20, 
0x01, 0x44, 0x01, 0x60, 0x10, 0xB5, 0x04, 0xF0, 0x4B, 0xF9, 0xF8, 0x48, 0x00, 0x21, 0x01, 0x70, 
0x81, 0x78, 0x89, 0x09, 0x89, 0x01, 0x08, 0x31, 0x81, 0x70, 0x38, 0x22, 0xC2, 0x70, 0x01, 0x46, 
0x20, 0x31, 0xCA, 0x76, 0x0A, 0x77, 0x02, 0x22, 0x4A, 0x77, 0x8A, 0x77, 0xF0, 0x4A, 0x02, 0x83, 
0x03, 0x22, 0x82, 0x76, 0x0F, 0x22, 0xC2, 0x76, 0x69, 0x22, 0xD2, 0x43, 0xC2, 0x83, 0x01, 0x22, 
0x4A, 0x71, 0xEB, 0x49, 0xC8, 0x39, 0xC1, 0x84, 0x1E, 0x21, 0x81, 0x85, 0x80, 0x30, 0x41, 0x7A, 
0x09, 0x07, 0x09, 0x0F, 0xA0, 0x31, 0x41, 0x72, 0x10, 0x21, 0x81, 0x74, 0x10, 0xBD, 0x70, 0xB5, 
0xE4, 0x4C, 0x04, 0x9D, 0xA0, 0x75, 0xE1, 0x75, 0x22, 0x83, 0xA3, 0x76, 0xE5, 0x76, 0xE2, 0x49, 
0x04, 0x20, 0x88, 0x71, 0xE1, 0x4C, 0x20, 0x68, 0x01, 0x78, 0x00, 0x29, 0xFC, 0xD0, 0x04, 0xF0, 
0x15, 0xF9, 0x21, 0x68, 0x00, 0x20, 0x08, 0x70, 0x04, 0xF0, 0x16, 0xF9, 0x70, 0xBD, 0xF0, 0xB5, 
0xDA, 0x4C, 0x85, 0xB0, 0x21, 0x68, 0x49, 0x78, 0x00, 0x29, 0x0A, 0xD0, 0xD8, 0x48, 0x00, 0x22, 
0x03, 0x6E, 0x11, 0x46, 0x10, 0x46, 0x98, 0x47, 0x21, 0x68, 0x00, 0x20, 0x48, 0x70, 0x05, 0xB0, 
0xF0, 0xBD, 0xD4, 0x49, 0x09, 0x78, 0x00, 0x29, 0xF9, 0xD0, 0xD3, 0x4C, 0x61, 0x7F, 0x00, 0x29, 
0x01, 0xD0, 0x01, 0x21, 0x61, 0x77, 0x61, 0x7F, 0xD0, 0x4A, 0xD1, 0x4D, 0x12, 0x78, 0x00, 0x29, 
0x7E, 0xD0, 0x20, 0x30, 0x41, 0x79, 0x00, 0x29, 0x7A, 0xD0, 0x00, 0x2A, 0x78, 0xD0, 0xCD, 0x49, 
0x0B, 0x8B, 0x40, 0x79, 0x83, 0x42, 0x73, 0xD3, 0xA0, 0x7F, 0x00, 0x28, 0x04, 0xD0, 0xA2, 0x7F, 
0xC4, 0x48, 0x40, 0x7B, 0x82, 0x42, 0x6C, 0xD9, 0xC8, 0x7A, 0x22, 0x7F, 0x80, 0x1A, 0x01, 0xD5, 
0x00, 0x20, 0x02, 0xE0, 0xC8, 0x7A, 0x22, 0x7F, 0x80, 0x1A, 0xC0, 0xB2, 0x03, 0x90, 0xC8, 0x7A, 
0x22, 0x7F, 0xC1, 0x4B, 0x80, 0x18, 0x1A, 0x79, 0x90, 0x42, 0x03, 0xD2, 0xC8, 0x7A, 0x22, 0x7F, 
0x80, 0x18, 0x00, 0xE0, 0x18, 0x79, 0xC6, 0xB2, 0x88, 0x7A, 0x22, 0x7F, 0x80, 0x1A, 0x01, 0xD5, 
0x00, 0x20, 0x02, 0xE0, 0x88, 0x7A, 0x22, 0x7F, 0x80, 0x1A, 0xB6, 0x49, 0xC0, 0xB2, 0x89, 0x7A, 
0x22, 0x7F, 0x89, 0x18, 0x5A, 0x79, 0x91, 0x42, 0x04, 0xD2, 0xB2, 0x49, 0x89, 0x7A, 0x22, 0x7F, 
0x89, 0x18, 0x00, 0xE0, 0x59, 0x79, 0xC9, 0xB2, 0x02, 0x91, 0x62, 0x7F, 0x03, 0x99, 0x89, 0x1A, 
0x01, 0xD5, 0x00, 0x21, 0x02, 0xE0, 0x62, 0x7F, 0x03, 0x99, 0x89, 0x1A, 0xC9, 0xB2, 0x8E, 0x46, 
0x19, 0x79, 0x62, 0x7F, 0x92, 0x19, 0x91, 0x42, 0x02, 0xD9, 0x61, 0x7F, 0x89, 0x19, 0x00, 0xE0, 
0x19, 0x79, 0xC9, 0xB2, 0x8C, 0x46, 0x61, 0x7F, 0x41, 0x1A, 0x01, 0xD5, 0x00, 0x21, 0x01, 0xE0, 
0x61, 0x7F, 0x41, 0x1A, 0xCA, 0xB2, 0xA0, 0x49, 0x4B, 0x79, 0x67, 0x7F, 0x02, 0x99, 0x79, 0x18, 
0x8B, 0x42, 0x03, 0xD9, 0x63, 0x7F, 0x02, 0x99, 0x59, 0x18, 0x01, 0xE0, 0x9A, 0x49, 0x49, 0x79, 
0x9A, 0x4F, 0x01, 0x23, 0x3B, 0x70, 0x97, 0x4B, 0xC9, 0xB2, 0xDF, 0x79, 0x77, 0x45, 0x0C, 0xD3, 
0xDB, 0x79, 0x63, 0x45, 0x09, 0xD8, 0x93, 0x4B, 0x9F, 0x79, 0x97, 0x42, 0x05, 0xD3, 0x01, 0xE0, 
0x1F, 0xE0, 0x2D, 0xE0, 0x9A, 0x79, 0x8A, 0x42, 0x2A, 0xD9, 0xE9, 0x78, 0x14, 0x29, 0x02, 0xD1, 
0xE9, 0x79, 0x49, 0x1C, 0xE9, 0x71, 0x01, 0x46, 0x01, 0x90, 0x02, 0x98, 0x81, 0x42, 0x1F, 0xD8, 
0x03, 0x9F, 0x08, 0xE0, 0x00, 0x22, 0x00, 0x90, 0x3B, 0x46, 0x02, 0x21, 0x10, 0x46, 0xFF, 0xF7, 
0x2E, 0xFF, 0x7F, 0x1C, 0xFF, 0xB2, 0x01, 0x98, 0xB7, 0x42, 0xF3, 0xD9, 0x40, 0x1C, 0xC0, 0xB2, 
0xE9, 0xE7, 0x60, 0x7F, 0x00, 0x28, 0x0B, 0xD0, 0x00, 0x2A, 0x09, 0xD0, 0x79, 0x48, 0x41, 0x7B, 
0x49, 0x1C, 0xC9, 0xB2, 0x41, 0x73, 0xA2, 0x7F, 0x8A, 0x42, 0x01, 0xD8, 0xA1, 0x7F, 0x41, 0x73, 
0xE8, 0x78, 0x14, 0x28, 0x00, 0xD0, 0x3A, 0xE7, 0x60, 0x7F, 0x28, 0x71, 0x77, 0x48, 0x00, 0x78, 
0x68, 0x71, 0x70, 0x48, 0x40, 0x7B, 0xA8, 0x71, 0x31, 0xE7, 0x68, 0x49, 0x80, 0x01, 0x40, 0x18, 
0x02, 0x78, 0x71, 0x49, 0x40, 0x31, 0x0A, 0x76, 0x42, 0x78, 0x20, 0x39, 0x8A, 0x74, 0x82, 0x78, 
0x92, 0x06, 0x92, 0x0E, 0x0A, 0x77, 0x02, 0x46, 0x20, 0x32, 0xD3, 0x7E, 0xCB, 0x77, 0x52, 0x7F, 
0x60, 0x4B, 0x60, 0x3B, 0x1A, 0x71, 0x83, 0x8B, 0x69, 0x4A, 0x13, 0x80, 0xC3, 0x8A, 0x53, 0x80, 
0x43, 0x8C, 0xD3, 0x80, 0xC3, 0x8C, 0x13, 0x81, 0x00, 0x8B, 0x50, 0x81, 0x57, 0x48, 0x80, 0x30, 
0x42, 0x78, 0xCA, 0x74, 0x82, 0x78, 0x0A, 0x75, 0xC2, 0x78, 0x4A, 0x75, 0x83, 0x88, 0x5E, 0x4A, 
0xD3, 0x86, 0xC3, 0x88, 0x13, 0x87, 0x00, 0x7A, 0xC8, 0x76, 0x70, 0x47, 0xF0, 0xB5, 0x58, 0x49, 
0x0B, 0x7C, 0x03, 0x22, 0x03, 0x2B, 0x00, 0xD2, 0x0A, 0x74, 0x4B, 0x7C, 0x03, 0x2B, 0x00, 0xD2, 
0x4A, 0x74, 0x8B, 0x7C, 0x03, 0x2B, 0x00, 0xD2, 0x8A, 0x74, 0xCB, 0x7C, 0x03, 0x2B, 0x00, 0xD2, 
0xCA, 0x74, 0x0B, 0x7D, 0x03, 0x2B, 0x00, 0xD2, 0x0A, 0x75, 0x4B, 0x7D, 0x03, 0x2B, 0x00, 0xD2, 
0x4A, 0x75, 0x8B, 0x7D, 0x03, 0x2B, 0x00, 0xD2, 0x8A, 0x75, 0xCB, 0x7D, 0x03, 0x2B, 0x00, 0xD2, 
0xCA, 0x75, 0x0B, 0x7E, 0x03, 0x2B, 0x00, 0xD2, 0x0A, 0x76, 0x4B, 0x7E, 0x03, 0x2B, 0x00, 0xD2, 
0x4A, 0x76, 0x8B, 0x7E, 0x03, 0x2B, 0x00, 0xD2, 0x8A, 0x76, 0xCB, 0x7E, 0x03, 0x2B, 0x00, 0xD2, 
0xCA, 0x76, 0x3C, 0x4C, 0x43, 0x4A, 0xE3, 0x79, 0x00, 0x2B, 0x11, 0xD0, 0x3A, 0x4D, 0x00, 0x23, 
0xD6, 0x5C, 0x2F, 0x7C, 0xF7, 0x19, 0xFF, 0x2F, 0x01, 0xD9, 0xFF, 0x26, 0x01, 0xE0, 0x2F, 0x7C, 
0xF6, 0x19, 0xD6, 0x54, 0x5B, 0x1C, 0xDB, 0xB2, 0x0C, 0x2B, 0xF1, 0xD3, 0x00, 0x23, 0xE3, 0x71, 
0x35, 0x4D, 0xA3, 0x79, 0x29, 0x4E, 0x20, 0x35, 0x00, 0x2B, 0x03, 0xD0, 0x10, 0x5C, 0x70, 0x70, 
0xA8, 0x74, 0x26, 0xE0, 0x03, 0x00, 0x03, 0xF0, 0xB5, 0xFF, 0x0C, 0x07, 0x09, 0x34, 0x36, 0x38, 
0x3A, 0x3C, 0x3E, 0x40, 0x42, 0x44, 0x46, 0x67, 0x08, 0x7C, 0x00, 0xE0, 0x48, 0x7C, 0x70, 0x70, 
0xA8, 0x74, 0x08, 0x7C, 0x10, 0x70, 0x48, 0x7C, 0x50, 0x70, 0x88, 0x7C, 0x90, 0x70, 0xC8, 0x7C, 
0xD0, 0x70, 0x08, 0x7D, 0x10, 0x71, 0x48, 0x7D, 0x50, 0x71, 0x88, 0x7D, 0x90, 0x71, 0xC8, 0x7D, 
0xD0, 0x71, 0x08, 0x7E, 0x10, 0x72, 0x48, 0x7E, 0x50, 0x72, 0x88, 0x7E, 0x90, 0x72, 0xC8, 0x7E, 
0xD0, 0x72, 0xC8, 0x78, 0x19, 0x28, 0x0B, 0xD1, 0x50, 0x78, 0x08, 0x71, 0xD0, 0x78, 0x48, 0x71, 
0x50, 0x79, 0x88, 0x71, 0x90, 0x79, 0xC8, 0x71, 0x10, 0x7A, 0x08, 0x72, 0x90, 0x7A, 0x48, 0x72, 
0xF0, 0xBD, 0x88, 0x7C, 0xD3, 0xE7, 0xC8, 0x7C, 0xD1, 0xE7, 0x08, 0x7D, 0xCF, 0xE7, 0x48, 0x7D, 
0xCD, 0xE7, 0x88, 0x7D, 0xCB, 0xE7, 0xC8, 0x7D, 0xC9, 0xE7, 0x08, 0x7E, 0xC7, 0xE7, 0x48, 0x7E, 
0xC5, 0xE7, 0x88, 0x7E, 0xC3, 0xE7, 0xC8, 0x7E, 0xC1, 0xE7, 0x00, 0x00, 0xB4, 0x38, 0x00, 0x20, 
0x18, 0xFC, 0xFF, 0xFF, 0x60, 0x00, 0x02, 0x40, 0x00, 0x00, 0x01, 0x40, 0x4C, 0x3B, 0x00, 0x20, 
0x50, 0x3B, 0x00, 0x20, 0x3E, 0x1B, 0x00, 0x20, 0xD4, 0x39, 0x00, 0x20, 0x70, 0x3C, 0x00, 0x20, 
0x94, 0x38, 0x00, 0x20, 0x00, 0x00, 0x03, 0x40, 0x00, 0x00, 0x00, 0x40, 0x7B, 0x1B, 0x00, 0x20, 
0x48, 0x00, 0x02, 0x40, 0x50, 0x2B, 0x00, 0x20, 0x20, 0x7C, 0xA0, 0xE7, 0x30, 0xB5, 0xF8, 0x48, 
0x01, 0x79, 0x06, 0x29, 0x01, 0xD8, 0x01, 0x79, 0x00, 0xE0, 0x03, 0x21, 0xF5, 0x4B, 0x49, 0x07, 
0x1A, 0x78, 0x49, 0x0F, 0xD2, 0x08, 0xD2, 0x00, 0x0A, 0x43, 0x1A, 0x70, 0xF2, 0x49, 0x52, 0x07, 
0x0C, 0x7E, 0x52, 0x0F, 0xE4, 0x08, 0xE4, 0x00, 0x14, 0x43, 0x0C, 0x76, 0x1C, 0x78, 0xBF, 0x22, 
0x14, 0x40, 0x1C, 0x70, 0x64, 0x06, 0xE4, 0x0F, 0xA5, 0x01, 0x0C, 0x7E, 0x14, 0x40, 0x2C, 0x43, 
0x0C, 0x76, 0x42, 0x79, 0xE9, 0x49, 0x00, 0x2A, 0x01, 0xD0, 0x44, 0x79, 0x00, 0xE0, 0x4C, 0x7C, 
0xE4, 0x4A, 0x20, 0x32, 0x54, 0x77, 0xE6, 0x4D, 0x2C, 0x71, 0x84, 0x79, 0x00, 0x2C, 0x01, 0xD0, 
0x84, 0x79, 0x00, 0xE0, 0x8C, 0x7C, 0x9D, 0x78, 0xA4, 0x06, 0xA4, 0x0E, 0xAD, 0x09, 0xAD, 0x01, 
0x25, 0x43, 0x9D, 0x70, 0xAD, 0x06, 0xDC, 0x4C, 0xAD, 0x0E, 0x20, 0x3C, 0x25, 0x77, 0xC5, 0x79, 
0x00, 0x2D, 0x01, 0xD0, 0xC5, 0x79, 0x00, 0xE0, 0xCD, 0x7C, 0xD5, 0x76, 0xE5, 0x77, 0x42, 0x8A, 
0x00, 0x2A, 0x01, 0xD0, 0x44, 0x8A, 0x00, 0xE0, 0x4C, 0x8C, 0xD1, 0x4A, 0x80, 0x3A, 0x94, 0x84, 
0xD4, 0x4D, 0xAC, 0x80, 0x84, 0x8A, 0x00, 0x2C, 0x01, 0xD0, 0x84, 0x8A, 0x00, 0xE0, 0x8C, 0x8C, 
0xD4, 0x80, 0x04, 0x7A, 0x00, 0x2C, 0x01, 0xD0, 0x04, 0x7A, 0x00, 0xE0, 0x0C, 0x7D, 0x94, 0x72, 
0xC4, 0x8A, 0x00, 0x2C, 0x01, 0xD0, 0xC4, 0x8A, 0x00, 0xE0, 0xCC, 0x8C, 0x94, 0x81, 0x04, 0x7E, 
0x00, 0x2C, 0x01, 0xD0, 0x00, 0x7E, 0x00, 0xE0, 0x08, 0x8D, 0x18, 0x84, 0xC8, 0x7D, 0xC0, 0x06, 
0x02, 0xD5, 0x88, 0x7D, 0x80, 0x00, 0xD0, 0x72, 0x01, 0x20, 0x08, 0x72, 0x30, 0xBD, 0x30, 0xB4, 
0xBE, 0x48, 0x01, 0x7A, 0x00, 0x29, 0x4E, 0xD0, 0xBA, 0x49, 0x0A, 0x78, 0x83, 0x7B, 0xD2, 0x08, 
0xD2, 0x00, 0x5B, 0x07, 0x5B, 0x0F, 0x1A, 0x43, 0x0A, 0x70, 0x53, 0x07, 0xB6, 0x4A, 0x5B, 0x0F, 
0x14, 0x7E, 0xE4, 0x08, 0xE4, 0x00, 0x1C, 0x43, 0x14, 0x76, 0x0B, 0x78, 0xC5, 0x7B, 0xBF, 0x24, 
0xED, 0x07, 0x23, 0x40, 0x6D, 0x0E, 0x2B, 0x43, 0x0B, 0x70, 0x5B, 0x06, 0xDB, 0x0F, 0x9D, 0x01, 
0x13, 0x7E, 0x23, 0x40, 0x2B, 0x43, 0x13, 0x76, 0x03, 0x7C, 0x4B, 0x70, 0x20, 0x3A, 0x93, 0x74, 
0x0B, 0x46, 0x44, 0x7C, 0x20, 0x33, 0x5C, 0x77, 0xA9, 0x4D, 0x2C, 0x71, 0x8C, 0x78, 0x85, 0x7C, 
0xA4, 0x09, 0xA4, 0x01, 0xAD, 0x06, 0xAD, 0x0E, 0x2C, 0x43, 0x8C, 0x70, 0xA4, 0x06, 0xA4, 0x0E, 
0x14, 0x77, 0xC4, 0x7C, 0xDC, 0x76, 0xD4, 0x77, 0x9D, 0x4A, 0x43, 0x8C, 0x80, 0x3A, 0x93, 0x84, 
0xA0, 0x4C, 0xA3, 0x80, 0x83, 0x8C, 0xD3, 0x80, 0x03, 0x7D, 0x93, 0x72, 0xC3, 0x8C, 0x93, 0x81, 
0x03, 0x8D, 0x0B, 0x84, 0xC1, 0x7D, 0xC9, 0x06, 0x01, 0xD5, 0x81, 0x7D, 0xD1, 0x72, 0x00, 0x21, 
0x01, 0x72, 0x30, 0xBC, 0x70, 0x47, 0x98, 0x48, 0x01, 0x6D, 0x30, 0xBC, 0x00, 0x20, 0x08, 0x47, 
0x30, 0xB5, 0x92, 0x4A, 0x91, 0x4C, 0x01, 0x20, 0x00, 0x21, 0x12, 0x79, 0x2A, 0x34, 0x93, 0x4B, 
0x07, 0xE0, 0x65, 0x5C, 0x5D, 0x5D, 0xFF, 0x2D, 0x01, 0xD0, 0x00, 0x20, 0x30, 0xBD, 0x49, 0x1C, 
0xC9, 0xB2, 0x91, 0x42, 0xF5, 0xD3, 0x30, 0xBD, 0xF8, 0xB5, 0x14, 0x46, 0x03, 0xF0, 0x68, 0xFE, 
0x0C, 0x20, 0x60, 0x71, 0x88, 0x48, 0xC1, 0x6C, 0x00, 0x20, 0x88, 0x47, 0x80, 0x48, 0x20, 0x38, 
0x01, 0x7F, 0x0C, 0x29, 0x01, 0xD3, 0x0B, 0x21, 0x01, 0x77, 0x7E, 0x4F, 0x80, 0x37, 0x79, 0x7C, 
0x7E, 0x4D, 0x09, 0x07, 0x09, 0x0F, 0x00, 0x26, 0x0C, 0x29, 0x14, 0xD3, 0x69, 0x7A, 0x00, 0x29, 
0x03, 0xD1, 0xE9, 0x7A, 0x2A, 0x79, 0x91, 0x42, 0x04, 0xD3, 0x00, 0x7F, 0x20, 0x71, 0xFF, 0xF7, 
0x6E, 0xFF, 0x1E, 0xE0, 0x75, 0x48, 0x2A, 0x30, 0x40, 0x5C, 0x20, 0x71, 0xFF, 0xF7, 0x2E, 0xFE, 
0xFF, 0xF7, 0xEC, 0xFE, 0x15, 0xE0, 0x78, 0x7C, 0xC0, 0x06, 0x08, 0xD5, 0x78, 0x7C, 0x00, 0x07, 
0x00, 0x0F, 0x20, 0x71, 0xFF, 0xF7, 0x22, 0xFE, 0xFF, 0xF7, 0xE0, 0xFE, 0x05, 0xE0, 0xFF, 0xF7, 
0x56, 0xFF, 0x78, 0x7C, 0x00, 0x07, 0x00, 0x0F, 0x20, 0x71, 0x28, 0x79, 0xE8, 0x70, 0x6E, 0x71, 
0x2E, 0x70, 0x65, 0x48, 0x21, 0x79, 0x40, 0x38, 0xC9, 0x1C, 0x81, 0x71, 0x21, 0x79, 0xC9, 0x1C, 
0xC1, 0x71, 0x21, 0x79, 0x20, 0x30, 0x05, 0x29, 0x81, 0x7F, 0x02, 0xD8, 0x04, 0x22, 0x11, 0x43, 
0x01, 0xE0, 0xFB, 0x22, 0x11, 0x40, 0x81, 0x77, 0x10, 0x21, 0xE1, 0x71, 0x02, 0x20, 0xA0, 0x71, 
0x5B, 0x48, 0x41, 0x71, 0xA1, 0x79, 0x81, 0x70, 0x59, 0x4A, 0x03, 0x21, 0x40, 0x32, 0xD1, 0x71, 
0xC6, 0x70, 0x04, 0x20, 0xC0, 0x43, 0x60, 0x70, 0xA6, 0x70, 0xF8, 0xBD, 0x54, 0x4A, 0x01, 0x20, 
0xD0, 0x70, 0x00, 0x1F, 0x48, 0x70, 0x00, 0x20, 0x88, 0x70, 0x70, 0x47, 0xF8, 0xB5, 0x06, 0x46, 
0x51, 0x48, 0x0D, 0x46, 0xC1, 0x6D, 0x14, 0x46, 0x68, 0x46, 0x88, 0x47, 0x71, 0x8E, 0x68, 0x46, 
0x00, 0x88, 0x4B, 0x4B, 0x81, 0x42, 0x05, 0xD2, 0x99, 0x78, 0x00, 0x29, 0x02, 0xD0, 0x98, 0x78, 
0x40, 0x1E, 0x07, 0xE0, 0xB1, 0x8E, 0x81, 0x42, 0x0B, 0xD9, 0x98, 0x78, 0x0D, 0x28, 0x08, 0xD2, 
0x98, 0x78, 0x40, 0x1C, 0x98, 0x70, 0xA0, 0x78, 0x0A, 0x28, 0x09, 0xD8, 0x40, 0x1C, 0xA0, 0x70, 
0xF8, 0xBD, 0x98, 0x78, 0xA0, 0x71, 0x01, 0x20, 0xC0, 0x43, 0x60, 0x70, 0x00, 0x20, 0xF6, 0xE7, 
0x28, 0x78, 0x01, 0x21, 0x08, 0x43, 0x28, 0x70, 0xF8, 0xBD, 0x10, 0xB5, 0x04, 0x46, 0x3A, 0x48, 
0x00, 0x22, 0x03, 0x6E, 0x11, 0x46, 0x10, 0x46, 0x98, 0x47, 0x00, 0x20, 0xC0, 0x43, 0x60, 0x70, 
0x00, 0x20, 0xA0, 0x70, 0x10, 0xBD, 0xF8, 0xB5, 0x30, 0x4C, 0x0D, 0x46, 0x06, 0x46, 0x60, 0x7A, 
0x61, 0x79, 0x08, 0x43, 0x0C, 0xD1, 0xE0, 0x7A, 0x21, 0x79, 0x88, 0x42, 0x08, 0xD2, 0x03, 0xF0, 
0xB5, 0xFD, 0xE0, 0x7A, 0x40, 0x1C, 0xE0, 0x72, 0x05, 0x20, 0xC0, 0x43, 0x68, 0x70, 0xF8, 0xBD, 
0x27, 0x48, 0x80, 0x78, 0x20, 0x73, 0x2A, 0x48, 0x21, 0x46, 0x40, 0x6F, 0x29, 0x4F, 0x01, 0x24, 
0x38, 0x60, 0x4C, 0x72, 0x00, 0x20, 0x28, 0x4A, 0xC8, 0x72, 0x10, 0x70, 0x27, 0x4A, 0x10, 0x70, 
0x28, 0x81, 0x08, 0x83, 0x1C, 0x48, 0x40, 0x38, 0x80, 0x79, 0x1F, 0x49, 0x49, 0x6E, 0x88, 0x47, 
0x70, 0x80, 0x30, 0x78, 0x04, 0x21, 0x08, 0x43, 0x30, 0x70, 0x28, 0x78, 0x20, 0x43, 0x28, 0x70, 
0x03, 0x20, 0x68, 0x70, 0x1E, 0x48, 0x01, 0x78, 0x80, 0x22, 0x11, 0x43, 0x01, 0x70, 0x03, 0xF0, 
0x8B, 0xFD, 0x1C, 0x48, 0xC1, 0x78, 0x18, 0x29, 0x0D, 0xD1, 0x10, 0x49, 0x30, 0x31, 0x0A, 0x78, 
0x02, 0x71, 0x4A, 0x78, 0x42, 0x71, 0x8A, 0x78, 0x82, 0x71, 0xCA, 0x78, 0xC2, 0x71, 0x0A, 0x79, 
0x02, 0x72, 0x49, 0x79, 0x41, 0x72, 0xC1, 0x78, 0x17, 0x29, 0xC0, 0xD1, 0x39, 0x68, 0x01, 0x71, 
0x0A, 0x0A, 0x42, 0x71, 0x09, 0x0C, 0x81, 0x71, 0xC1, 0x7A, 0x49, 0x1C, 0xC1, 0x72, 0xF8, 0xBD, 
0xD4, 0x39, 0x00, 0x20, 0xB4, 0x38, 0x00, 0x20, 0x40, 0x00, 0x00, 0x40, 0x3E, 0x1B, 0x00, 0x20, 
0x00, 0x00, 0x02, 0x40, 0x20, 0x00, 0x07, 0x40, 0x50, 0x3B, 0x00, 0x20, 0x50, 0x2B, 0x00, 0x20, 
0x00, 0x00, 0x03, 0x40, 0x88, 0x1B, 0x00, 0x20, 0x7A, 0x1B, 0x00, 0x20, 0x7B, 0x1B, 0x00, 0x20, 
0x70, 0x00, 0x06, 0x40, 0x94, 0x38, 0x00, 0x20, 0x70, 0xB5, 0xF9, 0x4B, 0x00, 0x22, 0x1D, 0x79, 
0xF8, 0x4C, 0xE6, 0x7B, 0xF8, 0x49, 0xB5, 0x42, 0x05, 0xD9, 0x5D, 0x79, 0xE4, 0x7B, 0xFF, 0x26, 
0x34, 0x1B, 0xA5, 0x42, 0x0B, 0xD3, 0xC8, 0x78, 0x01, 0x22, 0x1B, 0x28, 0x1F, 0xD1, 0x88, 0x79, 
0x40, 0x1C, 0x88, 0x71, 0x18, 0x79, 0xC8, 0x71, 0x58, 0x79, 0x08, 0x72, 0x17, 0xE0, 0x43, 0x78, 
0x01, 0x2B, 0x14, 0xD1, 0xED, 0x4B, 0x20, 0x30, 0x04, 0x79, 0x1B, 0x79, 0x5B, 0x1C, 0x9C, 0x42, 
0x0D, 0xD3, 0x83, 0x79, 0x06, 0x2B, 0x0A, 0xD8, 0xCB, 0x78, 0x01, 0x22, 0x1B, 0x2B, 0x06, 0xD1, 
0x4B, 0x7A, 0x5B, 0x1C, 0x4B, 0x72, 0x03, 0x79, 0x8B, 0x72, 0x80, 0x79, 0xC8, 0x72, 0x10, 0x46, 
0x70, 0xBD, 0xF7, 0xB5, 0xE0, 0x48, 0x00, 0x26, 0x80, 0x38, 0x40, 0x7D, 0x82, 0xB0, 0x15, 0x46, 
0x01, 0x28, 0x54, 0xD1, 0xDE, 0x48, 0xC1, 0x6D, 0x68, 0x46, 0x88, 0x47, 0xD9, 0x4C, 0xA2, 0x7A, 
0x0F, 0x21, 0x0F, 0x2A, 0x00, 0xD9, 0xA1, 0x72, 0x2A, 0x89, 0x10, 0x27, 0x00, 0x2A, 0x06, 0xD0, 
0xA3, 0x7A, 0x53, 0x43, 0xA2, 0x7A, 0xBA, 0x1A, 0x42, 0x43, 0x98, 0x18, 0x00, 0x11, 0x28, 0x81, 
0xD4, 0x48, 0x02, 0x8E, 0xD4, 0x48, 0x42, 0x83, 0xCD, 0x4A, 0x20, 0x3A, 0x92, 0x78, 0x02, 0x2A, 
0xD2, 0x4A, 0x05, 0xD9, 0x92, 0x78, 0x43, 0x8B, 0x92, 0x1E, 0xD3, 0x40, 0x83, 0x83, 0x08, 0xE0, 
0x93, 0x78, 0x02, 0x2B, 0x05, 0xD2, 0x92, 0x78, 0x02, 0x23, 0x9B, 0x1A, 0x42, 0x8B, 0x9A, 0x40, 
0x82, 0x83, 0xE2, 0x7A, 0x0F, 0x2A, 0x00, 0xD9, 0xE1, 0x72, 0x01, 0x8B, 0x00, 0x29, 0x0E, 0xD0, 
0xE2, 0x7A, 0x4A, 0x43, 0xE1, 0x7A, 0x83, 0x8B, 0x79, 0x1A, 0x59, 0x43, 0x51, 0x18, 0x09, 0x11, 
0x89, 0xB2, 0xBD, 0x4F, 0x01, 0x83, 0xFA, 0x78, 0x01, 0x2A, 0x02, 0xD0, 0x06, 0xE0, 0x81, 0x8B, 
0xF6, 0xE7, 0x2A, 0x7A, 0x3A, 0x71, 0x2A, 0x89, 0x12, 0x0A, 0x7A, 0x71, 0x42, 0x79, 0x00, 0x2A, 
0x06, 0xD0, 0xF8, 0x78, 0x15, 0x28, 0x02, 0xD1, 0xF8, 0x7A, 0x40, 0x1C, 0xF8, 0x72, 0x6B, 0xE4, 
0xB5, 0x48, 0xC0, 0x7D, 0x00, 0x07, 0x00, 0x0F, 0x02, 0xD0, 0x01, 0x28, 0x31, 0xD1, 0x13, 0xE0, 
0xB1, 0x48, 0x00, 0x78, 0x00, 0x28, 0x04, 0xD0, 0x28, 0x89, 0xA1, 0x7B, 0x88, 0x42, 0x27, 0xD2, 
0x27, 0xE0, 0xF8, 0x78, 0x1B, 0x28, 0x01, 0xD1, 0x28, 0x7A, 0x38, 0x71, 0x02, 0x98, 0x29, 0x89, 
0x80, 0x8D, 0x81, 0x42, 0x0F, 0xD2, 0x16, 0xE0, 0xA7, 0x48, 0x00, 0x78, 0x00, 0x28, 0x03, 0xD0, 
0x60, 0x7B, 0x88, 0x42, 0x14, 0xD9, 0x14, 0xE0, 0xF8, 0x78, 0x1B, 0x28, 0x00, 0xD1, 0x39, 0x71, 
0x20, 0x7B, 0x88, 0x42, 0x07, 0xD8, 0xF8, 0x78, 0x01, 0x26, 0x1B, 0x28, 0x09, 0xD1, 0x78, 0x79, 
0x40, 0x1C, 0x78, 0x71, 0x05, 0xE0, 0x9E, 0x48, 0xFF, 0xF7, 0x36, 0xFF, 0x00, 0x28, 0x00, 0xD0, 
0x01, 0x26, 0x9C, 0x48, 0x40, 0x7C, 0x00, 0x07, 0x00, 0x0F, 0x0C, 0x28, 0x63, 0xD3, 0x9A, 0x48, 
0x00, 0x2E, 0x02, 0xD1, 0x01, 0x7A, 0x00, 0x29, 0x12, 0xD0, 0x01, 0x7A, 0x00, 0x29, 0x02, 0xD0, 
0x01, 0x7A, 0x49, 0x1E, 0x01, 0x72, 0x90, 0x48, 0xC1, 0x7D, 0xC9, 0x06, 0x01, 0xD5, 0x01, 0x21, 
0x81, 0x72, 0x02, 0x79, 0xC1, 0x78, 0x52, 0x1E, 0x91, 0x42, 0x07, 0xDB, 0x00, 0x21, 0x06, 0xE0, 
0x89, 0x49, 0x00, 0x20, 0x88, 0x72, 0x48, 0x70, 0x88, 0x70, 0x44, 0xE0, 0x49, 0x1C, 0xC9, 0xB2, 
0x06, 0x46, 0xC1, 0x70, 0x84, 0x48, 0x2A, 0x30, 0x40, 0x5C, 0xFF, 0xF7, 0x37, 0xFC, 0xFF, 0xF7, 
0xF5, 0xFC, 0xF0, 0x78, 0x03, 0xF0, 0x56, 0xFC, 0x7F, 0x48, 0xF2, 0x78, 0x2A, 0x30, 0x81, 0x5C, 
0x7A, 0x48, 0x0B, 0x46, 0xC9, 0x1C, 0x81, 0x71, 0xC1, 0x71, 0x20, 0x30, 0x81, 0x7F, 0x05, 0x2B, 
0x02, 0xD8, 0x04, 0x23, 0x19, 0x43, 0x01, 0xE0, 0xFB, 0x23, 0x19, 0x40, 0x81, 0x77, 0x76, 0x48, 
0x30, 0x30, 0x81, 0x5C, 0x75, 0x48, 0x81, 0x70, 0x01, 0x20, 0x03, 0xF0, 0x41, 0xFC, 0x6E, 0x48, 
0x80, 0x38, 0x41, 0x8A, 0x03, 0x98, 0x41, 0x80, 0x30, 0x78, 0x00, 0x28, 0x08, 0xD0, 0x32, 0x79, 
0xB1, 0x78, 0x52, 0x1E, 0x91, 0x42, 0x01, 0xD1, 0x00, 0x21, 0x00, 0xE0, 0x49, 0x1C, 0xB1, 0x70, 
0x01, 0x20, 0x30, 0x70, 0x00, 0x20, 0x70, 0x73, 0x28, 0x81, 0x30, 0x83, 0xF9, 0x78, 0x14, 0x29, 
0x01, 0xD1, 0xB8, 0x71, 0xF8, 0x71, 0x64, 0x4D, 0x5E, 0x48, 0x29, 0x78, 0x20, 0x38, 0xC1, 0x76, 
0x29, 0x79, 0xA8, 0x78, 0x49, 0x1E, 0x88, 0x42, 0x02, 0xD1, 0x69, 0x78, 0x49, 0x1C, 0x69, 0x70, 
0xF9, 0x78, 0x15, 0x29, 0x04, 0xD1, 0x38, 0x71, 0x68, 0x78, 0x78, 0x71, 0x00, 0x20, 0xF8, 0x72, 
0x60, 0x7E, 0x00, 0x28, 0x00, 0xD1, 0x42, 0xE7, 0x60, 0x7E, 0x69, 0x78, 0x88, 0x42, 0xFA, 0xD1, 
0x00, 0x26, 0x6E, 0x70, 0x01, 0x27, 0x67, 0x76, 0xFF, 0xF7, 0x6A, 0xFD, 0x68, 0x71, 0x00, 0x28, 
0x02, 0xD0, 0xAE, 0x71, 0xEE, 0x71, 0x32, 0xE7, 0xAF, 0x71, 0xEF, 0x71, 0x2F, 0xE7, 0x70, 0xB5, 
0x4A, 0x4C, 0x05, 0x46, 0x21, 0x79, 0x60, 0x79, 0x49, 0x1C, 0x40, 0x1C, 0x41, 0x43, 0x49, 0x48, 
0x40, 0x38, 0x40, 0x6F, 0x03, 0xF0, 0xF2, 0xFB, 0x28, 0x80, 0x47, 0x4D, 0x21, 0x79, 0x28, 0x78, 
0x00, 0x28, 0x60, 0x79, 0x07, 0xD0, 0x40, 0x1C, 0x49, 0x1C, 0x41, 0x43, 0xE8, 0x78, 0x47, 0x4A, 
0x80, 0x00, 0x10, 0x58, 0x04, 0xE0, 0x40, 0x1C, 0x49, 0x1C, 0x41, 0x43, 0x44, 0x48, 0x00, 0x68, 
0x03, 0xF0, 0xDC, 0xFB, 0x28, 0x84, 0x3B, 0x48, 0x00, 0x8E, 0x68, 0x83, 0x84, 0xB2, 0x7D, 0x20, 
0x29, 0x8C, 0xC0, 0x00, 0x60, 0x43, 0x0E, 0x46, 0x03, 0xF0, 0xD0, 0xFB, 0x80, 0xB2, 0x32, 0x4A, 
0xE8, 0x83, 0xD1, 0x78, 0x01, 0x29, 0x08, 0xD1, 0x96, 0x71, 0x31, 0x0A, 0xD1, 0x71, 0x14, 0x72, 
0x21, 0x0A, 0x51, 0x72, 0x90, 0x72, 0x01, 0x0A, 0xD1, 0x72, 0x70, 0xBD, 0x70, 0x47, 0x00, 0x20, 
0x70, 0x47, 0x70, 0x47, 0xF0, 0xB5, 0x2B, 0x4A, 0x40, 0x3A, 0x04, 0x25, 0x55, 0x5F, 0x08, 0x24, 
0x14, 0x5F, 0x10, 0x23, 0xC3, 0x5E, 0x46, 0x8A, 0x36, 0x19, 0x36, 0xB2, 0xB6, 0x46, 0xD6, 0x8C, 
0x97, 0x8C, 0xF6, 0x19, 0x97, 0x8B, 0xD2, 0x8B, 0xBA, 0x18, 0xB2, 0x18, 0x12, 0xB2, 0x94, 0x46, 
0x24, 0x4A, 0x17, 0x7B, 0x01, 0x26, 0x0B, 0x3F, 0xBE, 0x40, 0x26, 0x4F, 0xFE, 0x82, 0x17, 0x7B, 
0x01, 0x26, 0x0B, 0x3F, 0xBE, 0x40, 0x23, 0x4F, 0x7E, 0x82, 0x0E, 0x78, 0x00, 0x27, 0xF6, 0x07, 
0x00, 0x2E, 0x0B, 0xD0, 0x9D, 0x42, 0x03, 0xDB, 0x9C, 0x42, 0x01, 0xDC, 0x75, 0x45, 0x05, 0xDA, 
0xCB, 0x78, 0xFF, 0x2B, 0x03, 0xD2, 0x5B, 0x1C, 0xCB, 0x70, 0x00, 0xE0, 0xCF, 0x70, 0x53, 0x7A, 
0x1C, 0x09, 0x64, 0x45, 0x06, 0xDD, 0x0F, 0x4B, 0x40, 0x3B, 0x9C, 0x8B, 0xDB, 0x8B, 0xDC, 0x42, 
0x00, 0xD1, 0xCF, 0x70, 0xD3, 0x7C, 0x00, 0x2B, 0x02, 0xD0, 0xD1, 0x7C, 0xD0, 0x7C, 0x25, 0xE0, 
0xC9, 0x78, 0x00, 0x7D, 0x81, 0x42, 0x1F, 0xD3, 0x11, 0x7B, 0x50, 0x7B, 0x1E, 0xE0, 0x00, 0x00, 
0x20, 0x00, 0x02, 0x40, 0xD4, 0x39, 0x00, 0x20, 0x94, 0x38, 0x00, 0x20, 0x00, 0x00, 0x00, 0x40, 
0x50, 0x3B, 0x00, 0x20, 0x40, 0x00, 0x03, 0x40, 0x3E, 0x1B, 0x00, 0x20, 0x00, 0x00, 0x02, 0x40, 
0x00, 0x10, 0x06, 0x40, 0x34, 0x39, 0x00, 0x20, 0x70, 0x00, 0x06, 0x40, 0x5C, 0x2B, 0x00, 0x20, 
0x88, 0x1B, 0x00, 0x20, 0x74, 0x3A, 0x00, 0x20, 0x91, 0x7A, 0xD0, 0x7A, 0xD2, 0x7C, 0x1F, 0x2A, 
0x02, 0xD8, 0x4D, 0x4A, 0x91, 0x71, 0xD0, 0x71, 0xF0, 0xBD, 0x70, 0xB5, 0x4C, 0x49, 0x4B, 0x48, 
0x08, 0x60, 0x03, 0xF0, 0x49, 0xFB, 0x4C, 0x48, 0x4A, 0x49, 0x81, 0x60, 0x4B, 0x49, 0x01, 0x65, 
0x4B, 0x49, 0xC1, 0x60, 0x4B, 0x49, 0x41, 0x61, 0x4B, 0x49, 0x81, 0x61, 0x4B, 0x49, 0xC1, 0x61, 
0x4B, 0x49, 0x01, 0x62, 0x4B, 0x49, 0x41, 0x60, 0x4B, 0x49, 0x01, 0x63, 0x4B, 0x49, 0xC1, 0x65, 
0x4B, 0x49, 0x41, 0x64, 0x4B, 0x49, 0x81, 0x63, 0x4B, 0x49, 0x4C, 0x4A, 0xC1, 0x63, 0x10, 0x78, 
0x41, 0x07, 0x4B, 0x48, 0x49, 0x0F, 0x81, 0x73, 0x11, 0x78, 0x49, 0x06, 0xC9, 0x0F, 0xC1, 0x73, 
0x51, 0x78, 0x13, 0x46, 0x01, 0x74, 0x20, 0x33, 0x59, 0x7F, 0x41, 0x74, 0x45, 0x49, 0x8C, 0x8C, 
0x44, 0x84, 0xCC, 0x88, 0x84, 0x84, 0x94, 0x78, 0xA4, 0x06, 0xA4, 0x0E, 0x84, 0x74, 0xDB, 0x7E, 
0xC3, 0x74, 0x8B, 0x7A, 0x03, 0x75, 0x8B, 0x89, 0xC3, 0x84, 0x12, 0x8C, 0x0B, 0x46, 0x02, 0x85, 
0x80, 0x33, 0x5A, 0x7E, 0x42, 0x75, 0xC9, 0x7A, 0x81, 0x75, 0x3B, 0x49, 0x0C, 0x7C, 0x27, 0x4A, 
0x24, 0x3A, 0x14, 0x70, 0x4C, 0x7C, 0x54, 0x70, 0x8C, 0x7C, 0x94, 0x70, 0xCC, 0x7C, 0xD4, 0x70, 
0x0C, 0x7D, 0x14, 0x71, 0x4C, 0x7D, 0x54, 0x71, 0x8C, 0x7D, 0x94, 0x71, 0xCC, 0x7D, 0xD4, 0x71, 
0x0C, 0x7E, 0x14, 0x72, 0x4C, 0x7E, 0x54, 0x72, 0x8C, 0x7E, 0x94, 0x72, 0xC9, 0x7E, 0xD1, 0x72, 
0x59, 0x7A, 0xC1, 0x75, 0x19, 0x46, 0x20, 0x39, 0x4A, 0x7F, 0x00, 0x2A, 0x04, 0xD0, 0x4A, 0x7F, 
0x06, 0x2A, 0x01, 0xD8, 0x4C, 0x7F, 0x00, 0xE0, 0x06, 0x24, 0x04, 0x71, 0x8D, 0x7F, 0x24, 0x4A, 
0x2A, 0x32, 0x0C, 0x2D, 0x01, 0xD2, 0x8D, 0x7F, 0x15, 0x70, 0xCD, 0x7F, 0x0C, 0x2D, 0x01, 0xD2, 
0xC9, 0x7F, 0x51, 0x70, 0x19, 0x78, 0x0C, 0x29, 0x01, 0xD2, 0x19, 0x78, 0x91, 0x70, 0x59, 0x78, 
0x0C, 0x29, 0x01, 0xD2, 0x59, 0x78, 0xD1, 0x70, 0x99, 0x78, 0x0C, 0x29, 0x01, 0xD2, 0x99, 0x78, 
0x11, 0x71, 0xD9, 0x78, 0x0C, 0x29, 0x01, 0xD2, 0xD9, 0x78, 0x51, 0x71, 0x00, 0x21, 0x41, 0x72, 
0x41, 0x71, 0x01, 0x70, 0xC4, 0x70, 0x70, 0xBD, 0x00, 0x00, 0x02, 0x40, 0x74, 0x2B, 0x00, 0x20, 
0x4C, 0x3B, 0x00, 0x20, 0x3F, 0x04, 0x01, 0x60, 0x50, 0x3B, 0x00, 0x20, 0xFB, 0x05, 0x01, 0x60, 
0xA9, 0x09, 0x01, 0x60, 0x7D, 0x0A, 0x01, 0x60, 0x8D, 0x0A, 0x01, 0x60, 0xEB, 0x0A, 0x01, 0x60, 
0x07, 0x0B, 0x01, 0x60, 0x45, 0x0F, 0x01, 0x60, 0x63, 0x0C, 0x01, 0x60, 0xBF, 0x0E, 0x01, 0x60, 
0x3D, 0x0F, 0x01, 0x60, 0x3F, 0x0F, 0x01, 0x60, 0x43, 0x0F, 0x01, 0x60, 0xB4, 0x38, 0x00, 0x20, 
0x3E, 0x1B, 0x00, 0x20, 0x54, 0x39, 0x00, 0x20, 0x94, 0x38, 0x00, 0x20, 0xF8, 0xB5, 0x03, 0xF0, 
0x91, 0xFA, 0x32, 0x48, 0x8F, 0x21, 0x01, 0x70, 0x08, 0x21, 0x41, 0x70, 0x41, 0x88, 0x09, 0x0B, 
0x09, 0x03, 0x41, 0x80, 0x41, 0x88, 0x01, 0x22, 0x09, 0x05, 0x09, 0x0D, 0x12, 0x03, 0x89, 0x18, 
0x41, 0x80, 0x05, 0x27, 0x87, 0x71, 0x00, 0x21, 0x01, 0x71, 0x02, 0x22, 0x42, 0x71, 0x8C, 0x22, 
0x42, 0x82, 0xC1, 0x75, 0x26, 0x4A, 0x02, 0x83, 0x01, 0x23, 0x43, 0x83, 0x3C, 0x22, 0x02, 0x77, 
0x0A, 0x22, 0x42, 0x77, 0x66, 0x22, 0x20, 0x30, 0x02, 0x71, 0x04, 0x22, 0x82, 0x72, 0x41, 0x73, 
0x02, 0x46, 0x40, 0x32, 0x90, 0x7D, 0x80, 0x08, 0x80, 0x00, 0x90, 0x75, 0x2C, 0x24, 0x10, 0x46, 
0x20, 0x30, 0x04, 0x74, 0x23, 0x25, 0x45, 0x74, 0x1E, 0x25, 0x85, 0x74, 0x19, 0x25, 0xC5, 0x74, 
0x14, 0x25, 0x05, 0x75, 0x45, 0x75, 0x12, 0x25, 0x85, 0x75, 0x0F, 0x25, 0xC5, 0x75, 0x0C, 0x26, 
0x06, 0x76, 0x0B, 0x26, 0x46, 0x76, 0x86, 0x76, 0x09, 0x26, 0xC6, 0x76, 0xD4, 0x75, 0x20, 0x24, 
0x20, 0x3A, 0x14, 0x87, 0x0F, 0x4C, 0x54, 0x87, 0x0D, 0x4C, 0xA4, 0x1E, 0x94, 0x87, 0xD1, 0x87, 
0x01, 0x70, 0x42, 0x21, 0x41, 0x70, 0x01, 0x7B, 0x19, 0x43, 0x01, 0x73, 0x01, 0x7B, 0xFD, 0x22, 
0x11, 0x40, 0x01, 0x73, 0x17, 0x21, 0x41, 0x73, 0x87, 0x73, 0xC5, 0x73, 0xD7, 0x21, 0x89, 0x00, 
0x81, 0x83, 0x03, 0x49, 0x31, 0x39, 0xC1, 0x83, 0xF8, 0xBD, 0x00, 0x00, 0x14, 0x38, 0x00, 0x20, 
0x57, 0x02, 0x00, 0x00, 0x3A, 0x09, 0x00, 0x00, 0x00, 0x28, 0x02, 0xD1, 0x0F, 0x48, 0x49, 0x1C, 
0x01, 0x72, 0x70, 0x47, 0x10, 0xB5, 0x00, 0x28, 0x0E, 0xD1, 0x0C, 0x48, 0x00, 0x24, 0x44, 0x70, 
0x03, 0xF0, 0x1E, 0xFA, 0x01, 0x20, 0x03, 0xF0, 0x21, 0xFA, 0x09, 0x48, 0x04, 0x70, 0x09, 0x48, 
0x01, 0x7A, 0xFB, 0x22, 0x11, 0x40, 0x01, 0x72, 0x10, 0xBD, 0x10, 0xB5, 0x03, 0xF0, 0x1C, 0xFA, 
0x06, 0x48, 0x05, 0x49, 0x01, 0x60, 0x06, 0x49, 0x01, 0x62, 0x10, 0xBD, 0x70, 0x00, 0x06, 0x40, 
0x39, 0x1B, 0x00, 0x20, 0x14, 0x38, 0x00, 0x20, 0x95, 0x12, 0x01, 0x60, 0xA0, 0x3A, 0x00, 0x20, 
0x89, 0x12, 0x01, 0x60, 0xF7, 0x48, 0x01, 0x21, 0x81, 0x70, 0x00, 0x21, 0x41, 0x70, 0xC1, 0x80, 
0xF5, 0x48, 0x02, 0x22, 0x00, 0x68, 0x01, 0x7B, 0x11, 0x43, 0x01, 0x73, 0x70, 0x47, 0xF8, 0xB5, 
0xF4, 0x4B, 0xF2, 0x4F, 0xF2, 0x4E, 0x18, 0x78, 0xF3, 0x4D, 0xC0, 0x09, 0xF3, 0x4C, 0x00, 0x28, 
0x3D, 0xD0, 0xED, 0x4A, 0x10, 0x68, 0x01, 0x7B, 0x89, 0x07, 0x38, 0xD4, 0x00, 0x21, 0x00, 0x1D, 
0x03, 0xF0, 0xF0, 0xF9, 0xEE, 0x4A, 0xD3, 0x7E, 0x64, 0x21, 0x4B, 0x43, 0x02, 0x21, 0x98, 0x42, 
0x07, 0xD8, 0xE4, 0x4B, 0x58, 0x78, 0x00, 0x28, 0x09, 0xD0, 0xEA, 0x48, 0x00, 0x78, 0x00, 0x28, 
0x0C, 0xD0, 0xE1, 0x48, 0x00, 0x68, 0x02, 0x7B, 0x0A, 0x43, 0x02, 0x73, 0x18, 0xE0, 0x68, 0x8B, 
0x91, 0x7E, 0x88, 0x42, 0x14, 0xD9, 0x01, 0x20, 0x58, 0x70, 0x11, 0xE0, 0x04, 0x21, 0x69, 0x5E, 
0xE1, 0x48, 0x00, 0x89, 0x81, 0x42, 0x0B, 0xDD, 0xE0, 0x48, 0x01, 0x21, 0x03, 0x6E, 0xE0, 0x4A, 
0x00, 0x20, 0x98, 0x47, 0xE0, 0x78, 0x1A, 0x28, 0x02, 0xD1, 0xA0, 0x79, 0x40, 0x1C, 0xA0, 0x71, 
0xE0, 0x78, 0x1A, 0x28, 0x31, 0xD1, 0x20, 0x79, 0x40, 0x1C, 0x20, 0x71, 0x2D, 0xE0, 0x18, 0x78, 
0xCC, 0x4B, 0xC0, 0x09, 0x19, 0x78, 0x08, 0x42, 0x27, 0xD0, 0xD8, 0x88, 0x40, 0x1C, 0x80, 0xB2, 
0xD8, 0x80, 0x04, 0x22, 0xAA, 0x5E, 0xD0, 0x49, 0x09, 0x89, 0x8A, 0x42, 0x0E, 0xDD, 0x39, 0x78, 
0x72, 0x78, 0x91, 0x42, 0x0A, 0xD0, 0xFF, 0xF7, 0x95, 0xFF, 0x00, 0x20, 0x18, 0x70, 0xE0, 0x78, 
0x1A, 0x28, 0x0C, 0xD1, 0xE0, 0x7A, 0x40, 0x1C, 0xE0, 0x72, 0x08, 0xE0, 0xC3, 0x49, 0x80, 0x39, 
0x49, 0x8A, 0x4A, 0x00, 0x89, 0x18, 0x81, 0x42, 0x01, 0xD8, 0x00, 0x20, 0x18, 0x70, 0xE0, 0x78, 
0x1A, 0x28, 0x02, 0xD1, 0xA0, 0x7A, 0x40, 0x1C, 0xA0, 0x72, 0xE0, 0x78, 0x1A, 0x28, 0x05, 0xD1, 
0xB5, 0x48, 0x00, 0x68, 0x00, 0x7B, 0x80, 0x07, 0xC0, 0x0F, 0x60, 0x71, 0xB1, 0x48, 0x41, 0x78, 
0x00, 0x29, 0x0D, 0xD0, 0xB7, 0x49, 0x09, 0x78, 0x00, 0x29, 0x0A, 0xD0, 0x01, 0x21, 0xC1, 0x70, 
0x00, 0x21, 0x41, 0x70, 0xE0, 0x78, 0x1A, 0x28, 0x02, 0xD1, 0xE0, 0x79, 0x40, 0x1C, 0xE0, 0x71, 
0xF8, 0xBD, 0x39, 0x78, 0x00, 0x29, 0x0E, 0xD1, 0x04, 0x23, 0xEB, 0x5E, 0xAE, 0x4A, 0x12, 0x89, 
0x93, 0x42, 0x08, 0xDC, 0xFF, 0xF7, 0x56, 0xFF, 0xE0, 0x78, 0x1A, 0x28, 0xF0, 0xD1, 0x20, 0x7A, 
0x40, 0x1C, 0x20, 0x72, 0xF8, 0xBD, 0x04, 0x23, 0xEB, 0x5E, 0xA7, 0x4A, 0x12, 0x89, 0x93, 0x42, 
0xF8, 0xDD, 0x72, 0x78, 0x91, 0x42, 0xF5, 0xD0, 0x05, 0x46, 0xC0, 0x88, 0x40, 0x1C, 0x86, 0xB2, 
0x9E, 0x48, 0xEE, 0x80, 0x80, 0x38, 0x40, 0x8A, 0x0A, 0x21, 0x03, 0xF0, 0x27, 0xF9, 0xB0, 0x42, 
0xE8, 0xD8, 0xFF, 0xF7, 0x37, 0xFF, 0x01, 0x20, 0x28, 0x70, 0xE0, 0x78, 0x1A, 0x28, 0xE1, 0xD1, 
0x60, 0x7A, 0x40, 0x1C, 0x60, 0x72, 0xF8, 0xBD, 0xF8, 0xB5, 0x92, 0x48, 0x00, 0x78, 0x95, 0x49, 
0xC0, 0x09, 0x09, 0x78, 0x88, 0x43, 0x3B, 0xD0, 0x93, 0x48, 0x80, 0x30, 0xC1, 0x7F, 0x00, 0x29, 
0x36, 0xD0, 0x8D, 0x49, 0x04, 0x22, 0x8A, 0x5E, 0x8F, 0x4B, 0x1B, 0x89, 0x9A, 0x42, 0x2F, 0xDC, 
0x85, 0x4A, 0x12, 0x68, 0x12, 0x7B, 0x92, 0x07, 0x2A, 0xD5, 0x88, 0x4A, 0x80, 0x3A, 0x52, 0x7D, 
0x02, 0x2A, 0x25, 0xD3, 0x4E, 0x6F, 0x7F, 0x4D, 0x84, 0x4C, 0x6E, 0x61, 0xE1, 0x78, 0x17, 0x29, 
0x04, 0xD1, 0xE6, 0x71, 0x31, 0x0A, 0x21, 0x72, 0x31, 0x0C, 0x61, 0x72, 0xC1, 0x7F, 0x64, 0x29, 
0x01, 0xD9, 0x64, 0x21, 0xC1, 0x77, 0xC0, 0x7F, 0x2F, 0x69, 0x64, 0x21, 0x78, 0x43, 0x03, 0xF0, 
0xE5, 0xF8, 0xE8, 0x60, 0xF1, 0x1B, 0xA9, 0x60, 0x00, 0xD5, 0x49, 0x42, 0x81, 0x42, 0x07, 0xD3, 
0x01, 0x20, 0xA8, 0x70, 0xE0, 0x78, 0x17, 0x28, 0x02, 0xD1, 0xA0, 0x7A, 0x40, 0x1C, 0xA0, 0x72, 
0xF8, 0xBD, 0xF0, 0xB5, 0x6C, 0x4A, 0x73, 0x4C, 0x6A, 0x4E, 0x12, 0x68, 0x27, 0x78, 0x02, 0x25, 
0xF3, 0x78, 0x00, 0x21, 0x6D, 0x48, 0x80, 0x32, 0x00, 0x2F, 0x2A, 0xD0, 0x06, 0x46, 0x80, 0x3E, 
0x76, 0x7D, 0x02, 0x2E, 0x03, 0xD2, 0x6F, 0x4E, 0x36, 0x78, 0x00, 0x2E, 0x20, 0xD0, 0x6E, 0x4F, 
0x06, 0x26, 0x3E, 0x70, 0x6D, 0x4E, 0x37, 0x78, 0x67, 0x4E, 0x80, 0x36, 0x77, 0x76, 0x21, 0x70, 
0x6B, 0x4C, 0x21, 0x70, 0x6B, 0x4C, 0x21, 0x70, 0x14, 0x7B, 0x2C, 0x43, 0x14, 0x73, 0x00, 0x2B, 
0x01, 0xD0, 0x69, 0x4A, 0x11, 0x70, 0xC2, 0x78, 0x18, 0x2A, 0x09, 0xD1, 0x01, 0x71, 0x41, 0x71, 
0x81, 0x71, 0xC1, 0x71, 0x01, 0x72, 0x41, 0x72, 0x81, 0x7A, 0x49, 0x1C, 0x81, 0x72, 0xC3, 0x72, 
0xF0, 0xBD, 0x54, 0x4C, 0x24, 0x78, 0xB6, 0x78, 0xE4, 0x09, 0x1E, 0x43, 0x34, 0x42, 0xF7, 0xD0, 
0x13, 0x7B, 0x2B, 0x43, 0x13, 0x73, 0x5C, 0x4A, 0x11, 0x70, 0xC2, 0x78, 0x18, 0x2A, 0xEF, 0xD1, 
0x01, 0x71, 0x41, 0x71, 0x81, 0x71, 0xC1, 0x71, 0x01, 0x72, 0x41, 0x72, 0x81, 0x72, 0xC1, 0x7A, 
0x49, 0x1C, 0xC1, 0x72, 0xF0, 0xBD, 0x70, 0xB5, 0x00, 0x20, 0x03, 0xF0, 0xA9, 0xF8, 0x00, 0x28, 
0x23, 0xD0, 0xFE, 0xF7, 0x06, 0xFE, 0x51, 0x4C, 0x20, 0x78, 0x00, 0x25, 0x00, 0x28, 0x06, 0xD0, 
0x03, 0xF0, 0x44, 0xF8, 0x25, 0x70, 0x03, 0xF0, 0x47, 0xF8, 0x03, 0xF0, 0x9F, 0xF8, 0x60, 0x78, 
0x00, 0x28, 0x08, 0xD0, 0x03, 0xF0, 0x3A, 0xF8, 0x65, 0x70, 0x03, 0xF0, 0x3D, 0xF8, 0x03, 0xF0, 
0x0B, 0xF8, 0x03, 0xF0, 0x99, 0xF8, 0xA0, 0x78, 0x00, 0x28, 0x06, 0xD0, 0x03, 0xF0, 0x2E, 0xF8, 
0xA5, 0x70, 0x03, 0xF0, 0x31, 0xF8, 0x03, 0xF0, 0x95, 0xF8, 0x70, 0xBD, 0x10, 0xB5, 0xFF, 0xF7, 
0x3B, 0xFF, 0x2C, 0x4C, 0xA0, 0x78, 0x00, 0x28, 0x0B, 0xD1, 0x30, 0x48, 0x80, 0x38, 0x00, 0x7A, 
0xC0, 0x07, 0x06, 0xD1, 0x2C, 0x49, 0x04, 0x20, 0x08, 0x5E, 0x2F, 0x49, 0x09, 0x89, 0x88, 0x42, 
0x01, 0xDD, 0x03, 0xF0, 0x85, 0xF8, 0x36, 0x49, 0x00, 0x20, 0x09, 0x68, 0xC8, 0x74, 0x20, 0x71, 
0x03, 0xF0, 0x0C, 0xF8, 0x33, 0x48, 0x81, 0x7A, 0xFD, 0x22, 0x11, 0x40, 0x81, 0x72, 0x03, 0xF0, 
0x0B, 0xF8, 0x22, 0x48, 0xC1, 0x78, 0x1C, 0x29, 0x02, 0xD1, 0x01, 0x79, 0x49, 0x1C, 0x01, 0x71, 
0x40, 0xBF, 0x10, 0xBD, 0x70, 0xB5, 0x23, 0x48, 0x00, 0x25, 0x01, 0x78, 0x2A, 0x48, 0x00, 0x78, 
0x01, 0x40, 0x1A, 0x48, 0x80, 0x38, 0x00, 0x29, 0x02, 0xD0, 0x41, 0x7D, 0x03, 0x29, 0x05, 0xD0, 
0x26, 0x49, 0x14, 0x4C, 0x09, 0x78, 0x00, 0x29, 0x02, 0xD0, 0x49, 0xE0, 0x85, 0x75, 0x15, 0xE0, 
0x21, 0x78, 0xC9, 0x09, 0x44, 0xD0, 0x13, 0x49, 0x09, 0x78, 0x00, 0x29, 0x40, 0xD1, 0xC1, 0x7D, 
0x00, 0x29, 0x3D, 0xD0, 0xC1, 0x7D, 0x01, 0x29, 0x02, 0xD1, 0x41, 0x7D, 0x02, 0x29, 0x05, 0xD2, 
0xC1, 0x7D, 0x02, 0x29, 0x34, 0xD1, 0x40, 0x7D, 0x03, 0x28, 0x31, 0xD3, 0xFF, 0xF7, 0xA6, 0xFF, 
0x70, 0xBD, 0x00, 0x00, 0x78, 0x1B, 0x00, 0x20, 0x4C, 0x3B, 0x00, 0x20, 0x70, 0x3C, 0x00, 0x20, 
0x00, 0x10, 0x06, 0x40, 0x70, 0x00, 0x06, 0x40, 0x00, 0x00, 0x03, 0x40, 0x94, 0x38, 0x00, 0x20, 
0xB4, 0x38, 0x00, 0x20, 0x3E, 0x1B, 0x00, 0x20, 0x54, 0x39, 0x00, 0x20, 0x50, 0x3B, 0x00, 0x20, 
0xD4, 0xFE, 0xFF, 0xFF, 0x38, 0x1B, 0x00, 0x20, 0x41, 0x1B, 0x00, 0x20, 0x53, 0x1B, 0x00, 0x20, 
0x43, 0x1B, 0x00, 0x20, 0x3F, 0x1B, 0x00, 0x20, 0x47, 0x1B, 0x00, 0x20, 0xEC, 0x3B, 0x00, 0x20, 
0xC8, 0x3A, 0x00, 0x20, 0x00, 0x00, 0x01, 0x40, 0x74, 0x1B, 0x00, 0x20, 0x39, 0x1B, 0x00, 0x20, 
0x03, 0xF0, 0x14, 0xF8, 0xFF, 0xF7, 0xEB, 0xFD, 0xFF, 0xF7, 0xAE, 0xFE, 0xFF, 0xF7, 0xF1, 0xFE, 
0x03, 0xF0, 0x12, 0xF8, 0xFF, 0xF7, 0x3F, 0xFF, 0x03, 0xF0, 0x14, 0xF8, 0x03, 0xF0, 0x18, 0xF8, 
0x03, 0xF0, 0x1C, 0xF8, 0x02, 0xF0, 0x8A, 0xFF, 0x17, 0x48, 0x81, 0x7A, 0xFD, 0x22, 0x11, 0x40, 
0x81, 0x72, 0x02, 0xF0, 0x89, 0xFF, 0x03, 0xF0, 0x17, 0xF8, 0x20, 0x78, 0x14, 0x49, 0xC2, 0x09, 
0x12, 0x48, 0x0C, 0xD0, 0x01, 0x22, 0x02, 0x71, 0x08, 0x68, 0xC0, 0x7D, 0x00, 0x28, 0x01, 0xD0, 
0x02, 0xF0, 0xE6, 0xFF, 0xA0, 0x79, 0x40, 0x1C, 0xA0, 0x71, 0x40, 0xBF, 0xA0, 0xE7, 0x0A, 0x68, 
0xD5, 0x74, 0x05, 0x71, 0xF0, 0xE7, 0x10, 0xB5, 0x09, 0x49, 0x0A, 0x48, 0x08, 0x60, 0x03, 0xF0, 
0x01, 0xF8, 0x0A, 0x49, 0x08, 0x48, 0x48, 0x61, 0x0A, 0x49, 0x09, 0x48, 0x08, 0x60, 0x0B, 0x49, 
0x09, 0x48, 0xC8, 0x64, 0x10, 0xBD, 0x00, 0x00, 0x00, 0x00, 0x01, 0x40, 0x78, 0x1B, 0x00, 0x20, 
0xC8, 0x3A, 0x00, 0x20, 0x04, 0x2C, 0x00, 0x20, 0x65, 0x16, 0x01, 0x60, 0xCC, 0x3A, 0x00, 0x20, 
0x23, 0x03, 0x00, 0x20, 0xA0, 0x3A, 0x00, 0x20, 0x67, 0x03, 0x00, 0x20, 0x80, 0x37, 0x00, 0x20, 
0xF0, 0xB5, 0x05, 0x21, 0xF9, 0x48, 0x09, 0x02, 0x01, 0x80, 0x03, 0x21, 0x09, 0x02, 0x41, 0x80, 
0x00, 0x23, 0x03, 0x71, 0x41, 0x79, 0x09, 0x09, 0x09, 0x01, 0x49, 0x1D, 0x41, 0x71, 0x41, 0x79, 
0xEF, 0x22, 0x11, 0x40, 0x41, 0x71, 0x4B, 0x21, 0x09, 0x01, 0xC1, 0x80, 0xAF, 0x21, 0x89, 0x00, 
0x01, 0x81, 0x01, 0x24, 0x84, 0x72, 0x1E, 0x21, 0xC1, 0x72, 0x96, 0x21, 0x81, 0x81, 0x10, 0x21, 
0x81, 0x73, 0xC1, 0x73, 0x44, 0x74, 0x08, 0x25, 0x85, 0x74, 0xC5, 0x74, 0x05, 0x75, 0x45, 0x75, 
0x05, 0x26, 0x86, 0x75, 0xC6, 0x75, 0x06, 0x76, 0x46, 0x76, 0x83, 0x76, 0x04, 0x77, 0xE6, 0x21, 
0x41, 0x77, 0x84, 0x77, 0x03, 0x21, 0xC1, 0x77, 0xE1, 0x49, 0x01, 0x84, 0xE1, 0x49, 0x41, 0x84, 
0xC8, 0x21, 0x81, 0x84, 0xC1, 0x84, 0xA1, 0x02, 0x81, 0x62, 0x89, 0x02, 0xC1, 0x62, 0x04, 0x86, 
0x43, 0x86, 0x04, 0x21, 0x81, 0x86, 0xC3, 0x86, 0x89, 0x03, 0x81, 0x63, 0x83, 0x87, 0xC3, 0x87, 
0xD9, 0x49, 0x01, 0x64, 0xD9, 0x49, 0x41, 0x64, 0xFF, 0x21, 0x91, 0x31, 0x02, 0x46, 0x40, 0x32, 
0x11, 0x81, 0xFF, 0x21, 0x2D, 0x31, 0x51, 0x81, 0x21, 0x03, 0x91, 0x81, 0xD4, 0x49, 0xD1, 0x81, 
0x14, 0x74, 0x40, 0x21, 0x51, 0x74, 0x1E, 0x21, 0x91, 0x74, 0xD3, 0x74, 0x7D, 0x21, 0xC9, 0x00, 
0x91, 0x82, 0x19, 0x21, 0x49, 0x01, 0xD1, 0x82, 0x7D, 0x21, 0xC9, 0x00, 0x51, 0x83, 0x4B, 0x21, 
0xC9, 0x00, 0xD1, 0x83, 0x01, 0x46, 0x60, 0x31, 0x0B, 0x70, 0x28, 0x27, 0x17, 0x77, 0x14, 0x27, 
0x57, 0x77, 0xFF, 0x27, 0x5F, 0x37, 0x17, 0x83, 0x14, 0x27, 0x4F, 0x70, 0x06, 0x27, 0x8F, 0x70, 
0x04, 0x27, 0xCF, 0x70, 0x0A, 0x27, 0x0F, 0x71, 0x19, 0x27, 0x4F, 0x71, 0x13, 0x27, 0x8F, 0x71, 
0x07, 0x27, 0xCF, 0x71, 0x28, 0x27, 0x0F, 0x72, 0x07, 0x27, 0x4F, 0x72, 0x3C, 0x27, 0x8F, 0x72, 
0x64, 0x27, 0xCF, 0x72, 0x0E, 0x73, 0x09, 0x26, 0x4E, 0x73, 0x14, 0x26, 0xCE, 0x73, 0x0A, 0x26, 
0x8E, 0x73, 0xFF, 0x26, 0x2D, 0x36, 0x16, 0x86, 0x80, 0x26, 0x8E, 0x74, 0x1E, 0x26, 0xCE, 0x74, 
0xC8, 0x26, 0x96, 0x86, 0x8F, 0x75, 0xCB, 0x75, 0x0A, 0x22, 0x0A, 0x76, 0x19, 0x22, 0x4A, 0x76, 
0x8B, 0x76, 0xC2, 0x7E, 0x52, 0x09, 0x52, 0x01, 0x08, 0x32, 0xC2, 0x76, 0xC2, 0x7E, 0xD2, 0x06, 
0xD2, 0x0E, 0x40, 0x32, 0xC2, 0x76, 0xCB, 0x76, 0x0B, 0x77, 0x06, 0x22, 0x4A, 0x77, 0x8B, 0x77, 
0x07, 0x22, 0xCA, 0x77, 0x02, 0x22, 0x20, 0x31, 0x0A, 0x70, 0x09, 0x26, 0x4E, 0x70, 0x04, 0x26, 
0x8E, 0x70, 0x0B, 0x26, 0xCE, 0x70, 0x03, 0x26, 0x0E, 0x71, 0x4A, 0x71, 0x38, 0x22, 0x8A, 0x71, 
0x3F, 0x22, 0xCA, 0x71, 0x0E, 0x72, 0x4B, 0x72, 0x8D, 0x72, 0xCD, 0x72, 0x0F, 0x22, 0x0A, 0x73, 
0x14, 0x22, 0x4A, 0x73, 0x3C, 0x22, 0x8A, 0x73, 0x0A, 0x22, 0xCA, 0x73, 0x10, 0x22, 0x0A, 0x74, 
0x4B, 0x74, 0xC8, 0x22, 0x4A, 0x82, 0x4B, 0x22, 0x12, 0x01, 0x8A, 0x82, 0x90, 0x4A, 0x58, 0x3A, 
0xCA, 0x82, 0xC8, 0x22, 0x0A, 0x76, 0x4C, 0x76, 0x0B, 0x77, 0x4C, 0x77, 0x0A, 0x22, 0x8A, 0x77, 
0xCC, 0x77, 0x04, 0x74, 0xF0, 0xBD, 0x10, 0xB5, 0x02, 0xF0, 0x02, 0xFF, 0xFF, 0x21, 0x8D, 0x48, 
0x6E, 0x31, 0x01, 0x80, 0x00, 0x21, 0xC1, 0x72, 0x81, 0x81, 0xC1, 0x81, 0x8A, 0x4A, 0x02, 0x82, 
0x92, 0x10, 0x42, 0x82, 0x81, 0x82, 0x64, 0x22, 0xC2, 0x82, 0x80, 0x4A, 0xD2, 0x88, 0x02, 0x83, 
0x41, 0x83, 0x81, 0x83, 0xC1, 0x83, 0x4B, 0x21, 0xC9, 0x00, 0x41, 0x80, 0x08, 0x21, 0x01, 0x71, 
0x04, 0x21, 0x41, 0x71, 0x06, 0x21, 0x81, 0x71, 0x10, 0xBD, 0x10, 0xB5, 0x7F, 0x4B, 0xDC, 0x78, 
0x80, 0x48, 0x7F, 0x4A, 0x01, 0x46, 0x20, 0x31, 0x01, 0x2C, 0x0C, 0xD0, 0xDB, 0x78, 0x16, 0x2B, 
0x08, 0xD1, 0x7D, 0x4B, 0x1B, 0x88, 0x13, 0x84, 0x80, 0x79, 0x50, 0x84, 0x88, 0x7F, 0x40, 0x07, 
0xC0, 0x0F, 0x50, 0x85, 0x10, 0xBD, 0x79, 0x4B, 0x1B, 0x68, 0x9B, 0x8A, 0xF3, 0xE7, 0xFF, 0xB5, 
0x77, 0x49, 0x89, 0x7B, 0x47, 0x78, 0x69, 0x4C, 0xC9, 0x1B, 0x49, 0xB2, 0x01, 0x91, 0x75, 0x49, 
0x60, 0x34, 0x4A, 0x88, 0x3B, 0x00, 0x52, 0x1C, 0x95, 0xB2, 0x8A, 0x88, 0x03, 0x92, 0x4A, 0x89, 
0x52, 0x1C, 0x92, 0xB2, 0x02, 0x92, 0x70, 0x4A, 0x16, 0x88, 0x0A, 0x32, 0x12, 0x88, 0x00, 0x92, 
0x00, 0x22, 0x02, 0xF0, 0x17, 0xFE, 0x06, 0x04, 0x1E, 0x43, 0x81, 0x81, 0x81, 0x96, 0x01, 0x9B, 
0x00, 0x2B, 0x7C, 0xD1, 0x69, 0x4B, 0x9B, 0x88, 0x69, 0x4E, 0x10, 0x27, 0xF7, 0x5F, 0xBB, 0x42, 
0x75, 0xDA, 0x65, 0x4F, 0x00, 0x23, 0x4A, 0x80, 0x0A, 0x3F, 0x5D, 0x00, 0x62, 0x4E, 0x7A, 0x53, 
0x0A, 0x36, 0x72, 0x53, 0x0A, 0x3E, 0x5B, 0x1C, 0xDB, 0xB2, 0x72, 0x53, 0x05, 0x2B, 0xF4, 0xD3, 
0x86, 0xE0, 0x01, 0x9B, 0x00, 0x2B, 0x62, 0xD1, 0xE3, 0x7D, 0x02, 0x2B, 0x0B, 0xD1, 0x00, 0x2E, 
0x09, 0xD0, 0x00, 0x9B, 0x00, 0x2B, 0x06, 0xD0, 0x83, 0x88, 0xB3, 0x42, 0x03, 0xD1, 0xC6, 0x88, 
0x00, 0x9B, 0x9E, 0x42, 0x53, 0xD0, 0xE3, 0x7D, 0x02, 0x2B, 0x03, 0xD1, 0x43, 0x8C, 0x66, 0x7E, 
0xB3, 0x42, 0x4C, 0xD3, 0x46, 0x8D, 0x41, 0x4B, 0x40, 0xE0, 0x4D, 0x4B, 0x9D, 0x7B, 0x03, 0x9B, 
0x9D, 0x42, 0x50, 0xD1, 0x02, 0x9B, 0x4B, 0x81, 0x4B, 0x89, 0x49, 0xE0, 0x01, 0x9B, 0x00, 0x2B, 
0x3D, 0xD1, 0xE3, 0x7D, 0x02, 0x2B, 0x0B, 0xD1, 0x00, 0x2E, 0x09, 0xD0, 0x00, 0x9B, 0x00, 0x2B, 
0x06, 0xD0, 0x83, 0x88, 0xB3, 0x42, 0x03, 0xD1, 0xC6, 0x88, 0x00, 0x9B, 0x9E, 0x42, 0x2E, 0xD0, 
0xE3, 0x7D, 0x02, 0x2B, 0x0E, 0xD1, 0x40, 0x4B, 0x5B, 0x88, 0x00, 0x2B, 0x0A, 0xD0, 0x3E, 0x4E, 
0x0A, 0x36, 0x76, 0x88, 0x00, 0x2E, 0x05, 0xD0, 0x47, 0x89, 0x9F, 0x42, 0x02, 0xD1, 0x83, 0x89, 
0xB3, 0x42, 0x1C, 0xD0, 0xE3, 0x7D, 0x02, 0x2B, 0x03, 0xD1, 0x43, 0x8C, 0x66, 0x7E, 0xB3, 0x42, 
0x15, 0xD3, 0xE3, 0x7D, 0x02, 0x2B, 0x03, 0xD1, 0xC3, 0x8D, 0x66, 0x7E, 0xB3, 0x42, 0x0E, 0xD3, 
0x22, 0x4B, 0x46, 0x8D, 0xDF, 0x88, 0xBE, 0x42, 0x03, 0xD3, 0xC6, 0x8E, 0xDB, 0x88, 0x9E, 0x42, 
0xBB, 0xD2, 0x4D, 0x80, 0xC0, 0xE7, 0x02, 0xE0, 0x01, 0x9B, 0x00, 0x2B, 0x01, 0xD0, 0x4D, 0x80, 
0x1E, 0xE0, 0x27, 0x4B, 0x9D, 0x7B, 0x03, 0x9B, 0x9D, 0x42, 0x04, 0xD1, 0x02, 0x9B, 0x4B, 0x81, 
0x64, 0x2B, 0x02, 0xD0, 0x14, 0xE0, 0x4A, 0x81, 0x12, 0xE0, 0x63, 0x23, 0x4B, 0x81, 0x4A, 0x80, 
0x0E, 0xE0, 0x21, 0x4F, 0x00, 0x23, 0x4A, 0x80, 0x0A, 0x3F, 0x5D, 0x00, 0x1E, 0x4E, 0x7A, 0x53, 
0x0A, 0x36, 0x72, 0x53, 0x0A, 0x3E, 0x5B, 0x1C, 0xDB, 0xB2, 0x72, 0x53, 0x05, 0x2B, 0xF4, 0xD3, 
0x23, 0x7E, 0x00, 0x2B, 0x01, 0xD1, 0x0A, 0x23, 0x23, 0x76, 0x10, 0x4B, 0x80, 0x3B, 0x5D, 0x7D, 
0x0E, 0x89, 0xB5, 0x42, 0x34, 0xD0, 0x5D, 0x7D, 0x01, 0x2D, 0x03, 0xD0, 0x02, 0x2D, 0x29, 0xD0, 
0x03, 0x2D, 0x2A, 0xD0, 0x24, 0x7E, 0x5D, 0x8A, 0x6C, 0x43, 0x28, 0xE0, 0x54, 0x39, 0x00, 0x20, 
0xEE, 0x02, 0x00, 0x00, 0x10, 0x27, 0x00, 0x00, 0x20, 0x4E, 0x00, 0x00, 0x50, 0x46, 0x00, 0x00, 
0x88, 0x13, 0x00, 0x00, 0x74, 0x3A, 0x00, 0x20, 0x70, 0xFE, 0xFF, 0xFF, 0x94, 0x38, 0x00, 0x20, 
0x00, 0x10, 0x06, 0x40, 0x00, 0x00, 0x00, 0x40, 0x56, 0x1B, 0x00, 0x20, 0x4C, 0x3B, 0x00, 0x20, 
0x40, 0x00, 0x07, 0x40, 0x92, 0x1B, 0x00, 0x20, 0x2A, 0x2C, 0x00, 0x20, 0x00, 0x00, 0x03, 0x40, 
0xB4, 0x38, 0x00, 0x20, 0x4A, 0x80, 0x1C, 0x7F, 0x01, 0xE0, 0x4A, 0x80, 0x5C, 0x7F, 0xCC, 0x80, 
0x4C, 0x88, 0xCD, 0x88, 0xAC, 0x42, 0x04, 0xD3, 0x4A, 0x80, 0x29, 0x4A, 0x01, 0x24, 0x12, 0x68, 
0x54, 0x70, 0x28, 0x4A, 0x92, 0x7B, 0x8A, 0x80, 0x5A, 0x7D, 0x27, 0x4C, 0x0A, 0x81, 0x25, 0x46, 
0x00, 0x21, 0x14, 0x35, 0x23, 0x46, 0x0A, 0x33, 0x06, 0x22, 0x4A, 0x43, 0x16, 0x18, 0xB7, 0x88, 
0x4A, 0x00, 0x9F, 0x52, 0xF6, 0x88, 0xAE, 0x52, 0x0C, 0x26, 0x4E, 0x43, 0x36, 0x18, 0x49, 0x1C, 
0x36, 0x8C, 0xC9, 0xB2, 0xA6, 0x52, 0x05, 0x29, 0xEE, 0xD3, 0xFF, 0xBD, 0x70, 0xB5, 0x1B, 0x48, 
0x80, 0x78, 0x00, 0x28, 0x01, 0xD1, 0x1A, 0x49, 0x08, 0x70, 0x02, 0xF0, 0x9F, 0xFD, 0x19, 0x49, 
0x08, 0x60, 0x02, 0xF0, 0xA1, 0xFD, 0x18, 0x49, 0x08, 0x80, 0x18, 0x48, 0x00, 0x78, 0x00, 0x28, 
0x1A, 0xD1, 0x17, 0x48, 0xC1, 0x7C, 0x00, 0x29, 0x16, 0xD0, 0x05, 0x46, 0x40, 0x3D, 0xEC, 0x88, 
0x80, 0x8A, 0xE8, 0x80, 0x02, 0xF0, 0x8F, 0xFA, 0x00, 0x2C, 0x00, 0xD0, 0xEC, 0x80, 0x10, 0x48, 
0x20, 0x30, 0xC0, 0x7D, 0x00, 0x28, 0x02, 0xD0, 0x0E, 0x48, 0xFF, 0xF7, 0xB0, 0xFE, 0x01, 0xF0, 
0x76, 0xFD, 0xFF, 0xF7, 0x92, 0xFE, 0x70, 0xBD, 0x02, 0xF0, 0x7D, 0xFA, 0xEF, 0xE7, 0x00, 0x00, 
0x4C, 0x3B, 0x00, 0x20, 0x40, 0x00, 0x07, 0x40, 0x20, 0x2C, 0x00, 0x20, 0x3E, 0x3B, 0x00, 0x20, 
0x70, 0x3C, 0x00, 0x20, 0xD0, 0x1B, 0x00, 0x20, 0xF8, 0x3A, 0x00, 0x20, 0x92, 0x1B, 0x00, 0x20, 
0x94, 0x39, 0x00, 0x20, 0x00, 0x10, 0x06, 0x40, 0x0B, 0x48, 0x01, 0x7E, 0x80, 0x7E, 0x09, 0x07, 
0x02, 0xD5, 0xC0, 0x07, 0xC0, 0x0F, 0x70, 0x47, 0xC0, 0x07, 0xC0, 0x17, 0x40, 0x1C, 0x70, 0x47, 
0x05, 0x48, 0x41, 0x7E, 0x80, 0x7E, 0x09, 0x07, 0x02, 0xD5, 0x80, 0x07, 0xC0, 0x0F, 0x70, 0x47, 
0x80, 0x07, 0xC0, 0x17, 0x40, 0x1C, 0x70, 0x47, 0x30, 0x00, 0x08, 0x40, 0x67, 0x49, 0x01, 0x22, 
0x0B, 0x68, 0x82, 0x40, 0x19, 0x78, 0x08, 0x46, 0x10, 0x40, 0x02, 0xD0, 0x91, 0x43, 0x19, 0x70, 
0x01, 0x20, 0x70, 0x47, 0x61, 0x49, 0x01, 0x22, 0x0B, 0x68, 0x82, 0x40, 0x19, 0x78, 0x11, 0x42, 
0x01, 0xD0, 0x00, 0x20, 0x70, 0x47, 0x11, 0x43, 0x19, 0x70, 0x01, 0x20, 0x70, 0x47, 0xF8, 0xB5, 
0x05, 0x46, 0x5B, 0x49, 0x5B, 0x4F, 0x01, 0x20, 0x6E, 0x00, 0x05, 0x2D, 0x11, 0xD0, 0x06, 0x2D, 
0x1A, 0xD0, 0x59, 0x49, 0x09, 0x7E, 0x04, 0x46, 0xAC, 0x40, 0x21, 0x42, 0x7A, 0xD1, 0xB9, 0x7A, 
0x21, 0x42, 0x77, 0xD0, 0x54, 0x48, 0x20, 0x30, 0x01, 0x2D, 0x18, 0xD0, 0x02, 0x2D, 0x1A, 0xD0, 
0x3A, 0xE0, 0x09, 0x7E, 0xC9, 0x07, 0x6D, 0xD1, 0xB9, 0x7A, 0x20, 0x20, 0x01, 0x42, 0x69, 0xD0, 
0x78, 0x7B, 0x00, 0x28, 0x66, 0xD1, 0x22, 0xE0, 0x49, 0x7E, 0xC9, 0x07, 0x62, 0xD1, 0xB9, 0x7A, 
0x40, 0x20, 0x01, 0x42, 0x5E, 0xD0, 0x78, 0x7B, 0x00, 0x28, 0x5B, 0xD1, 0x0A, 0xE0, 0x41, 0x78, 
0x03, 0x29, 0x03, 0xD1, 0x20, 0xE0, 0x41, 0x78, 0x04, 0x29, 0x1D, 0xD0, 0x40, 0x78, 0x05, 0x28, 
0x50, 0xD1, 0x19, 0xE0, 0x41, 0x4C, 0x60, 0x88, 0x40, 0x00, 0x60, 0x80, 0xFF, 0xF7, 0x98, 0xFF, 
0x00, 0x28, 0x2E, 0xD0, 0x60, 0x88, 0x01, 0x21, 0x08, 0x43, 0x60, 0x80, 0x29, 0xE0, 0x3B, 0x4C, 
0x20, 0x88, 0x40, 0x00, 0x20, 0x80, 0xFF, 0xF7, 0x7F, 0xFF, 0x00, 0x28, 0x21, 0xD0, 0x20, 0x88, 
0x01, 0x21, 0x08, 0x43, 0x20, 0x80, 0x1C, 0xE0, 0x30, 0x48, 0x00, 0x68, 0x30, 0x18, 0x41, 0x88, 
0x49, 0x00, 0x41, 0x80, 0x28, 0x46, 0x02, 0xF0, 0xDD, 0xFC, 0x00, 0x28, 0x03, 0xD1, 0x30, 0x48, 
0x00, 0x78, 0x04, 0x42, 0x0D, 0xD0, 0x29, 0x48, 0x01, 0x22, 0x00, 0x68, 0x30, 0x18, 0x41, 0x88, 
0x11, 0x43, 0x41, 0x80, 0x02, 0xF0, 0x1A, 0xFC, 0x29, 0x48, 0x00, 0x21, 0x01, 0x70, 0x02, 0xF0, 
0x1B, 0xFC, 0x38, 0x7A, 0x0F, 0x21, 0x00, 0x07, 0x00, 0x0F, 0x08, 0x1A, 0x25, 0x49, 0xC1, 0x40, 
0x05, 0x2D, 0x11, 0xD0, 0x06, 0x2D, 0x12, 0xD0, 0x1C, 0x48, 0x00, 0x68, 0x30, 0x18, 0x40, 0x88, 
0x0A, 0x46, 0x82, 0x43, 0x0D, 0xD0, 0x08, 0x42, 0x04, 0xD1, 0x28, 0x46, 0xFF, 0xF7, 0x5E, 0xFF, 
0xF8, 0xBD, 0xFF, 0xE7, 0x00, 0x20, 0xFB, 0xE7, 0x18, 0x48, 0x00, 0x88, 0xF0, 0xE7, 0x17, 0x48, 
0xED, 0xE7, 0x28, 0x46, 0xFF, 0xF7, 0x5E, 0xFF, 0xF2, 0xE7, 0x70, 0xB5, 0x0F, 0x4E, 0x16, 0x48, 
0x16, 0x49, 0x00, 0x22, 0x30, 0x60, 0xCA, 0x77, 0x0C, 0x21, 0x02, 0xF0, 0xA1, 0xFC, 0x00, 0x24, 
0x00, 0x25, 0x20, 0x46, 0xFF, 0xF7, 0x5B, 0xFF, 0x6D, 0x1C, 0xED, 0xB2, 0x10, 0x2D, 0xF8, 0xD3, 
0x64, 0x1C, 0xE4, 0xB2, 0x07, 0x2C, 0xF3, 0xD3, 0x30, 0x68, 0x00, 0x78, 0x00, 0x28, 0x03, 0xD0, 
0x06, 0x49, 0x01, 0x20, 0x89, 0x1E, 0x08, 0x70, 0x70, 0xBD, 0x00, 0x00, 0xFC, 0x3A, 0x00, 0x20, 
0x30, 0x00, 0x08, 0x40, 0x34, 0x38, 0x00, 0x20, 0x00, 0x00, 0x01, 0x40, 0xA0, 0x1B, 0x00, 0x20, 
0x00, 0x3B, 0x00, 0x20, 0xFF, 0xFF, 0x00, 0x00, 0x3E, 0x2C, 0x00, 0x20, 0x40, 0x10, 0x06, 0x40, 
0x10, 0xB5, 0x01, 0x78, 0x00, 0x29, 0x02, 0xD1, 0x02, 0x7A, 0x00, 0x2A, 0x01, 0xD0, 0x01, 0x23, 
0x00, 0xE0, 0x00, 0x23, 0xFD, 0x4A, 0x54, 0x79, 0xA3, 0x42, 0x07, 0xD0, 0x00, 0x29, 0x02, 0xD1, 
0x00, 0x7A, 0x00, 0x28, 0x00, 0xD0, 0x01, 0x20, 0x50, 0x71, 0x04, 0xE0, 0x00, 0x29, 0x02, 0xD1, 
0x00, 0x7A, 0x00, 0x28, 0x00, 0xD0, 0x01, 0x20, 0x10, 0xBD, 0x10, 0xB5, 0x02, 0xF0, 0x5E, 0xFC, 
0xF4, 0x49, 0xF3, 0x48, 0x48, 0x60, 0x10, 0xBD, 0xF0, 0xB5, 0xF3, 0x48, 0xFE, 0x21, 0x01, 0x70, 
0x13, 0x21, 0x41, 0x70, 0x14, 0x27, 0x07, 0x71, 0xA0, 0x21, 0x41, 0x71, 0x04, 0x21, 0x81, 0x71, 
0x12, 0x21, 0x01, 0x72, 0x16, 0x21, 0x41, 0x72, 0x1E, 0x22, 0x02, 0x73, 0x09, 0x22, 0x42, 0x73, 
0x81, 0x73, 0x00, 0x21, 0x01, 0x74, 0x30, 0x21, 0xC1, 0x73, 0x28, 0x21, 0xC1, 0x74, 0x1C, 0x21, 
0x01, 0x75, 0x00, 0x22, 0x42, 0x75, 0x81, 0x75, 0xC1, 0x75, 0x08, 0x21, 0x81, 0x76, 0x0F, 0x23, 
0xC3, 0x76, 0xFF, 0x22, 0x2D, 0x32, 0x82, 0x83, 0xC2, 0x83, 0xE0, 0x4C, 0x04, 0x84, 0x42, 0x84, 
0x03, 0x25, 0x01, 0x46, 0x20, 0x31, 0x0D, 0x71, 0x4B, 0x71, 0x0C, 0x25, 0x8D, 0x71, 0x04, 0x85, 
0x42, 0x85, 0x02, 0x25, 0x0D, 0x73, 0x0A, 0x26, 0x4E, 0x73, 0x8F, 0x73, 0x04, 0x86, 0x42, 0x86, 
0x0D, 0x75, 0x1E, 0x22, 0x4A, 0x75, 0x8E, 0x75, 0xF2, 0x01, 0x02, 0x87, 0x03, 0x24, 0x24, 0x02, 
0x44, 0x87, 0x00, 0x25, 0x0D, 0x77, 0x4B, 0x77, 0x32, 0x25, 0x8D, 0x77, 0xCD, 0x77, 0x55, 0x10, 
0x20, 0x31, 0x0D, 0x80, 0x01, 0x25, 0x6D, 0x02, 0x4D, 0x80, 0x8A, 0x80, 0xCC, 0x80, 0x0A, 0x7A, 
0x01, 0x24, 0x22, 0x43, 0x0A, 0x72, 0x0A, 0x7A, 0xF1, 0x25, 0x2A, 0x40, 0x12, 0x1D, 0x0A, 0x72, 
0x0A, 0x7A, 0xEF, 0x25, 0x2A, 0x40, 0x0A, 0x72, 0x10, 0x22, 0x0A, 0x74, 0x4A, 0x74, 0x8A, 0x74, 
0xCA, 0x74, 0x00, 0x22, 0x0A, 0x75, 0x4A, 0x75, 0x8A, 0x75, 0xCA, 0x75, 0x0C, 0x76, 0x78, 0x22, 
0x4A, 0x76, 0x05, 0x22, 0x8A, 0x76, 0xCB, 0x76, 0x03, 0x22, 0x0A, 0x77, 0x64, 0x22, 0x4A, 0x77, 
0x84, 0x72, 0xF0, 0xBD, 0xFE, 0xB5, 0x05, 0x46, 0x00, 0x20, 0x00, 0x90, 0x01, 0x90, 0x2A, 0x78, 
0xB7, 0x4C, 0x00, 0x2A, 0x5F, 0xD0, 0x20, 0x78, 0x61, 0x78, 0x40, 0x18, 0x21, 0x46, 0x4B, 0x78, 
0x09, 0x78, 0xC0, 0xB2, 0xC9, 0x18, 0xC9, 0xB2, 0x49, 0x1C, 0x02, 0x2A, 0x09, 0xD0, 0x03, 0x2A, 
0x2A, 0xD0, 0x1E, 0x2A, 0x60, 0xD0, 0x3F, 0x2A, 0x7F, 0xD0, 0x21, 0x46, 0x2A, 0x46, 0x40, 0x39, 
0x47, 0xE0, 0xCE, 0xB2, 0x0B, 0x22, 0x6B, 0x46, 0xA9, 0x49, 0x1A, 0x70, 0x6A, 0x46, 0x40, 0x39, 
0x01, 0xF0, 0xDA, 0xFB, 0x00, 0x27, 0x0C, 0xE0, 0xC8, 0x20, 0x69, 0x46, 0x08, 0x70, 0x30, 0x46, 
0xA3, 0x49, 0x76, 0x1C, 0xF6, 0xB2, 0x6A, 0x46, 0x40, 0x39, 0x01, 0xF0, 0xCD, 0xFB, 0x7F, 0x1C, 
0xFF, 0xB2, 0x9D, 0x48, 0x81, 0x7A, 0x06, 0x29, 0x01, 0xD2, 0x80, 0x7A, 0x00, 0xE0, 0x06, 0x20, 
0xB8, 0x42, 0xE9, 0xD8, 0x0C, 0x20, 0x1E, 0xE0, 0xCE, 0xB2, 0x99, 0x49, 0x2A, 0x46, 0x40, 0x39, 
0x01, 0xF0, 0xBA, 0xFB, 0x00, 0x27, 0x0C, 0xE0, 0xC8, 0x20, 0x69, 0x46, 0x08, 0x70, 0x30, 0x46, 
0x93, 0x49, 0x76, 0x1C, 0xF6, 0xB2, 0x6A, 0x46, 0x40, 0x39, 0x01, 0xF0, 0xAD, 0xFB, 0x7F, 0x1C, 
0xFF, 0xB2, 0x8D, 0x48, 0x81, 0x7A, 0x06, 0x29, 0x01, 0xD2, 0x80, 0x7A, 0x00, 0xE0, 0x06, 0x20, 
0xB8, 0x42, 0xE9, 0xD8, 0x3C, 0x20, 0x69, 0x46, 0x08, 0x70, 0x89, 0x49, 0x6A, 0x46, 0x40, 0x39, 
0x30, 0x46, 0x01, 0xF0, 0x99, 0xFB, 0x60, 0x78, 0x00, 0x28, 0x54, 0xD0, 0x20, 0x78, 0x84, 0x4A, 
0xC1, 0x00, 0x40, 0x3A, 0x40, 0x1C, 0x89, 0x18, 0xC6, 0xB2, 0x08, 0x22, 0x28, 0x46, 0x02, 0xF0, 
0x73, 0xFB, 0x08, 0x2E, 0x41, 0xD0, 0x41, 0xE0, 0xCE, 0xB2, 0x7D, 0x49, 0x2A, 0x46, 0x40, 0x39, 
0x01, 0xF0, 0x82, 0xFB, 0x00, 0x27, 0x0C, 0xE0, 0xC8, 0x20, 0x69, 0x46, 0x08, 0x70, 0x30, 0x46, 
0x77, 0x49, 0x76, 0x1C, 0xF6, 0xB2, 0x6A, 0x46, 0x40, 0x39, 0x01, 0xF0, 0x75, 0xFB, 0x7F, 0x1C, 
0xFF, 0xB2, 0x71, 0x48, 0x81, 0x7A, 0x06, 0x29, 0x02, 0xD2, 0x80, 0x7A, 0x01, 0xE0, 0x04, 0xE0, 
0x06, 0x20, 0xB8, 0x42, 0xE8, 0xD8, 0x3D, 0x20, 0xC5, 0xE7, 0xCE, 0xB2, 0x6C, 0x49, 0x2A, 0x46, 
0x40, 0x39, 0x01, 0xF0, 0x61, 0xFB, 0x00, 0x27, 0x0C, 0xE0, 0xC8, 0x20, 0x69, 0x46, 0x08, 0x70, 
0x30, 0x46, 0x67, 0x49, 0x76, 0x1C, 0xF6, 0xB2, 0x6A, 0x46, 0x40, 0x39, 0x01, 0xF0, 0x54, 0xFB, 
0x7F, 0x1C, 0xFF, 0xB2, 0x60, 0x48, 0x81, 0x7A, 0x06, 0x29, 0x01, 0xD2, 0x80, 0x7A, 0x00, 0xE0, 
0x06, 0x20, 0xB8, 0x42, 0xE9, 0xD8, 0x40, 0x20, 0xA5, 0xE7, 0x00, 0x26, 0x26, 0x70, 0x60, 0x78, 
0x40, 0x1E, 0x60, 0x70, 0xFE, 0xBD, 0x00, 0x20, 0x28, 0x70, 0x68, 0x80, 0xA8, 0x80, 0xE8, 0x80, 
0xFE, 0xBD, 0xFF, 0xB5, 0x51, 0x4C, 0x1E, 0x46, 0xE3, 0x6A, 0x22, 0x69, 0x81, 0xB0, 0xD2, 0x18, 
0x22, 0x61, 0x54, 0x4A, 0x0B, 0x78, 0x17, 0x79, 0x00, 0x25, 0x02, 0x78, 0x01, 0x2F, 0x05, 0xD0, 
0x9A, 0x42, 0x00, 0xD9, 0xA5, 0x70, 0x00, 0x2B, 0x03, 0xD0, 0x04, 0xE0, 0x01, 0x27, 0xA7, 0x70, 
0xF9, 0xE7, 0x01, 0x2A, 0x08, 0xD0, 0x01, 0x2A, 0x03, 0xD8, 0x03, 0x98, 0x00, 0x78, 0x00, 0x28, 
0x0C, 0xD0, 0x65, 0x70, 0x05, 0xB0, 0xF0, 0xBD, 0x47, 0x88, 0xBF, 0x09, 0xE7, 0x80, 0x80, 0x88, 
0x80, 0x09, 0x20, 0x81, 0x01, 0x20, 0x60, 0x70, 0x25, 0x61, 0xEE, 0xE7, 0x60, 0x78, 0x00, 0x28, 
0xF0, 0xD0, 0x01, 0x2B, 0xEE, 0xD1, 0x00, 0x2A, 0xEC, 0xD1, 0x88, 0x88, 0x08, 0x22, 0xA2, 0x5E, 
0x80, 0x09, 0x12, 0x1A, 0x48, 0x88, 0x06, 0x21, 0x61, 0x5E, 0x80, 0x09, 0x08, 0x1A, 0x11, 0x46, 
0x02, 0xF0, 0xE8, 0xFA, 0x81, 0xB2, 0x34, 0x48, 0x02, 0x7A, 0x03, 0x7A, 0x5A, 0x43, 0x8A, 0x42, 
0xD8, 0xD9, 0x41, 0x7A, 0x64, 0x22, 0x51, 0x43, 0x22, 0x69, 0x91, 0x42, 0xD2, 0xD9, 0x01, 0x78, 
0x89, 0x07, 0xCA, 0x0F, 0xA1, 0x78, 0x8A, 0x43, 0x03, 0xD0, 0x0E, 0x20, 0x75, 0x60, 0x30, 0x70, 
0xC8, 0xE7, 0x00, 0x78, 0x40, 0x07, 0xC0, 0x0F, 0x88, 0x43, 0xC3, 0xD0, 0x03, 0x98, 0x02, 0x21, 
0x01, 0x70, 0x35, 0x70, 0xBE, 0xE7, 0x80, 0x09, 0x8A, 0x09, 0x00, 0x28, 0x0A, 0xD0, 0x26, 0x49, 
0x8B, 0x7E, 0x5B, 0x1E, 0x83, 0x42, 0x05, 0xD0, 0x00, 0x2A, 0x03, 0xD0, 0x48, 0x7E, 0x40, 0x1E, 
0x90, 0x42, 0x01, 0xD1, 0x01, 0x20, 0x70, 0x47, 0x00, 0x20, 0x70, 0x47, 0xFF, 0xB5, 0x84, 0x46, 
0x00, 0x20, 0x8E, 0x46, 0x03, 0x46, 0x3D, 0xE0, 0x71, 0x46, 0x0E, 0x78, 0x06, 0x21, 0x00, 0x22, 
0x59, 0x43, 0x64, 0x46, 0x0C, 0x19, 0x32, 0xE0, 0x06, 0x21, 0x15, 0x46, 0x4D, 0x43, 0x75, 0x44, 
0xA7, 0x79, 0xAD, 0x79, 0xAF, 0x42, 0x29, 0xD1, 0x06, 0x25, 0x6A, 0x43, 0x75, 0x46, 0x56, 0x19, 
0x61, 0x88, 0x72, 0x88, 0x89, 0x09, 0x92, 0x09, 0x8D, 0x1A, 0x02, 0x9A, 0x81, 0x00, 0x55, 0x50, 
0xA2, 0x88, 0xB4, 0x88, 0x92, 0x09, 0xA4, 0x09, 0x14, 0x1B, 0x03, 0x9A, 0x40, 0x1C, 0x54, 0x50, 
0x09, 0x99, 0xC0, 0xB2, 0x88, 0x42, 0x19, 0xD2, 0x13, 0xE0, 0x00, 0x00, 0xA4, 0x1B, 0x00, 0x20, 
0xE1, 0x1E, 0x01, 0x60, 0xF0, 0x3A, 0x00, 0x20, 0xF4, 0x39, 0x00, 0x20, 0xDC, 0x05, 0x00, 0x00, 
0x8A, 0x2C, 0x00, 0x20, 0x8C, 0x3E, 0x00, 0x20, 0x54, 0x38, 0x00, 0x20, 0x52, 0x1C, 0x96, 0x42, 
0xCA, 0xDC, 0x5B, 0x1C, 0x61, 0x46, 0x09, 0x78, 0x99, 0x42, 0xBD, 0xDC, 0x04, 0xB0, 0xF0, 0xBD, 
0x70, 0xB5, 0xFF, 0x4D, 0x8E, 0xB0, 0xEE, 0x7B, 0x04, 0x46, 0xE8, 0x7B, 0x07, 0xAB, 0x46, 0x43, 
0x02, 0x20, 0x00, 0x90, 0x01, 0xAA, 0x20, 0x46, 0xFF, 0xF7, 0xA8, 0xFF, 0x02, 0x28, 0x7A, 0xD1, 
0x07, 0x99, 0x01, 0x98, 0x02, 0xF0, 0x56, 0xFA, 0xB0, 0x42, 0x16, 0xD3, 0x08, 0x99, 0x02, 0x98, 
0x02, 0xF0, 0x50, 0xFA, 0x01, 0x46, 0x28, 0x7A, 0x2A, 0x7A, 0x50, 0x43, 0x81, 0x42, 0x0C, 0xD2, 
0x20, 0x89, 0x61, 0x88, 0x80, 0x09, 0x89, 0x09, 0x40, 0x1A, 0x02, 0x90, 0x60, 0x89, 0xA1, 0x88, 
0x80, 0x09, 0x89, 0x09, 0x40, 0x1A, 0x08, 0x90, 0x1B, 0xE0, 0x08, 0x99, 0x02, 0x98, 0x02, 0xF0, 
0x39, 0xFA, 0xB0, 0x42, 0x57, 0xD3, 0x07, 0x99, 0x01, 0x98, 0x02, 0xF0, 0x33, 0xFA, 0x01, 0x46, 
0x28, 0x7A, 0x2A, 0x7A, 0x50, 0x43, 0x81, 0x42, 0x4D, 0xD2, 0x60, 0x88, 0x21, 0x89, 0x80, 0x09, 
0x89, 0x09, 0x40, 0x1A, 0x01, 0x90, 0xA0, 0x88, 0x61, 0x89, 0x80, 0x09, 0x89, 0x09, 0x40, 0x1A, 
0x07, 0x90, 0x07, 0x99, 0x01, 0x98, 0x02, 0xF0, 0x1D, 0xFA, 0x05, 0x46, 0x08, 0x99, 0x02, 0x98, 
0x02, 0xF0, 0x18, 0xFA, 0x01, 0x46, 0x28, 0x46, 0x48, 0x43, 0x02, 0xF0, 0x19, 0xFA, 0xB5, 0x21, 
0x41, 0x43, 0x08, 0x9A, 0x01, 0x98, 0x02, 0x9B, 0x50, 0x43, 0x07, 0x9A, 0x5A, 0x43, 0x80, 0x1A, 
0x00, 0xD5, 0x40, 0x42, 0x00, 0x02, 0x88, 0x42, 0x25, 0xD2, 0x60, 0x88, 0x21, 0x89, 0x80, 0x09, 
0x89, 0x09, 0x88, 0x42, 0x01, 0xD9, 0x02, 0x46, 0x00, 0xE0, 0x0A, 0x46, 0xC8, 0x4B, 0x40, 0x33, 
0x9D, 0x88, 0x6E, 0x00, 0xAD, 0x19, 0xAD, 0x08, 0xAA, 0x42, 0x14, 0xD8, 0x88, 0x42, 0x00, 0xD8, 
0x01, 0x46, 0x9A, 0x88, 0x92, 0x08, 0x91, 0x42, 0x0D, 0xD3, 0xA1, 0x88, 0x89, 0x09, 0xFF, 0xF7, 
0x22, 0xFF, 0x00, 0x28, 0x07, 0xD1, 0x60, 0x89, 0x81, 0x09, 0x20, 0x89, 0x80, 0x09, 0xFF, 0xF7, 
0x1A, 0xFF, 0x00, 0x28, 0x02, 0xD0, 0x00, 0x20, 0x0E, 0xB0, 0x70, 0xBD, 0x01, 0x20, 0xFB, 0xE7, 
0x70, 0xB5, 0x00, 0x26, 0x56, 0x81, 0x05, 0x78, 0x14, 0x46, 0x0B, 0x46, 0x01, 0x2D, 0x07, 0xD0, 
0x02, 0x2D, 0x07, 0xD0, 0x03, 0x2D, 0x1D, 0xD0, 0x04, 0x2D, 0x1D, 0xD0, 0x26, 0x70, 0x03, 0xE0, 
0x01, 0x21, 0x00, 0xE0, 0x02, 0x21, 0x21, 0x70, 0x01, 0x46, 0x20, 0x22, 0x18, 0x46, 0x02, 0xF0, 
0xBB, 0xF9, 0x20, 0x7A, 0xA8, 0x42, 0x00, 0xD2, 0x26, 0x70, 0xAA, 0x48, 0x00, 0x79, 0x01, 0x28, 
0x07, 0xD1, 0xA7, 0x48, 0x00, 0x78, 0xC0, 0x06, 0x03, 0xD5, 0x00, 0x2D, 0x01, 0xD0, 0x06, 0x20, 
0x20, 0x70, 0x70, 0xBD, 0x03, 0x21, 0xE6, 0xE7, 0x04, 0x21, 0xE4, 0xE7, 0xF0, 0xB5, 0x96, 0x46, 
0x91, 0xB0, 0x02, 0x78, 0x00, 0x26, 0x16, 0x9C, 0x9C, 0x46, 0x05, 0x46, 0x02, 0x2A, 0x05, 0xD0, 
0x01, 0x2A, 0x7D, 0xD8, 0xE0, 0x78, 0x02, 0x28, 0x7B, 0xD0, 0xC0, 0xE0, 0xA8, 0x79, 0x8A, 0x79, 
0x90, 0x42, 0xFA, 0xD1, 0x28, 0x7B, 0x09, 0x7B, 0x88, 0x42, 0xF6, 0xD1, 0x00, 0x20, 0x0F, 0x90, 
0x02, 0x20, 0x00, 0x90, 0x0D, 0x96, 0x0E, 0x96, 0x07, 0xAB, 0x01, 0xAA, 0x71, 0x46, 0x28, 0x46, 
0xFF, 0xF7, 0xD4, 0xFE, 0x00, 0x27, 0xBE, 0x00, 0x07, 0xA8, 0x81, 0x59, 0x01, 0xA8, 0x80, 0x59, 
0x02, 0xF0, 0x80, 0xF9, 0x0F, 0x99, 0x40, 0x18, 0x0F, 0x90, 0x07, 0xA8, 0x81, 0x59, 0x01, 0xA8, 
0x80, 0x59, 0x02, 0xF0, 0x77, 0xF9, 0x0D, 0xA9, 0x88, 0x51, 0x40, 0x08, 0x02, 0xF0, 0x78, 0xF9, 
0x7F, 0x1C, 0x0D, 0xA9, 0xFF, 0xB2, 0x88, 0x51, 0x02, 0x2F, 0xE4, 0xD3, 0x0F, 0x98, 0x40, 0x08, 
0x02, 0xF0, 0x6E, 0xF9, 0x60, 0x81, 0x7E, 0x4E, 0x62, 0x68, 0x31, 0x7B, 0x64, 0x23, 0x59, 0x43, 
0x8A, 0x42, 0x02, 0xD2, 0x31, 0x7B, 0xFF, 0x29, 0x02, 0xD1, 0x71, 0x7B, 0x81, 0x42, 0x02, 0xD9, 
0xB1, 0x7B, 0x81, 0x42, 0x60, 0xD8, 0x02, 0x99, 0x01, 0x98, 0x08, 0x9A, 0x48, 0x43, 0x07, 0x99, 
0x51, 0x43, 0x40, 0x18, 0x00, 0x28, 0x40, 0xDD, 0x31, 0x7C, 0x70, 0x7B, 0x49, 0x1C, 0x02, 0xF0, 
0xAD, 0xF8, 0x0D, 0x99, 0x88, 0x42, 0x38, 0xD2, 0x31, 0x7C, 0x70, 0x7B, 0x49, 0x1C, 0x02, 0xF0, 
0xA5, 0xF8, 0x0E, 0x99, 0x88, 0x42, 0x30, 0xD2, 0x01, 0x98, 0x00, 0x28, 0x00, 0xDA, 0x40, 0x42, 
0x01, 0x90, 0x02, 0x98, 0x00, 0x28, 0x00, 0xDA, 0x40, 0x42, 0x02, 0x90, 0x07, 0x98, 0x00, 0x28, 
0x00, 0xDA, 0x40, 0x42, 0x07, 0x90, 0x08, 0x98, 0x00, 0x28, 0x00, 0xDA, 0x40, 0x42, 0x08, 0x90, 
0x30, 0x78, 0x40, 0x06, 0x0C, 0xD5, 0x07, 0x99, 0x01, 0x98, 0x88, 0x42, 0x08, 0xDD, 0x01, 0xE0, 
0x4B, 0xE0, 0x2B, 0xE0, 0x08, 0x99, 0x02, 0x98, 0x88, 0x42, 0x01, 0xDD, 0x07, 0x20, 0x22, 0xE0, 
0x30, 0x78, 0x80, 0x06, 0x20, 0xD5, 0x07, 0x99, 0x01, 0x98, 0x88, 0x42, 0x1C, 0xDA, 0x08, 0x99, 
0x02, 0x98, 0x88, 0x42, 0x18, 0xDA, 0x08, 0x20, 0x15, 0xE0, 0x30, 0x78, 0xC0, 0x09, 0x13, 0xD0, 
0xA8, 0x88, 0x81, 0x09, 0x68, 0x88, 0x80, 0x09, 0xFF, 0xF7, 0x3D, 0xFE, 0x00, 0x28, 0x07, 0xD1, 
0x68, 0x89, 0x81, 0x09, 0x28, 0x89, 0x80, 0x09, 0xFF, 0xF7, 0x35, 0xFE, 0x00, 0x28, 0x01, 0xD0, 
0x06, 0x20, 0x00, 0xE0, 0x0B, 0x20, 0x20, 0x70, 0x11, 0xB0, 0xF0, 0xBD, 0x44, 0x48, 0x01, 0x78, 
0x09, 0x07, 0x14, 0xD5, 0x43, 0x49, 0x09, 0x79, 0x00, 0x29, 0x10, 0xD1, 0x47, 0x7A, 0x61, 0x68, 
0x64, 0x23, 0x5F, 0x43, 0xB9, 0x42, 0x0A, 0xD2, 0x00, 0x2A, 0xED, 0xD1, 0x61, 0x89, 0x00, 0x7A, 
0x81, 0x42, 0xE9, 0xD2, 0x03, 0x21, 0x60, 0x46, 0x01, 0x70, 0x26, 0x70, 0xE4, 0xE7, 0x22, 0x46, 
0x71, 0x46, 0x28, 0x46, 0xFF, 0xF7, 0xFC, 0xFE, 0xDE, 0xE7, 0x02, 0x2A, 0xF7, 0xD2, 0xDB, 0xE7, 
0xF3, 0xB5, 0x33, 0x48, 0x85, 0xB0, 0x01, 0x8F, 0x04, 0x91, 0x41, 0x8F, 0x03, 0x91, 0x01, 0x79, 
0x8E, 0x01, 0x41, 0x79, 0x80, 0x79, 0x8F, 0x01, 0x02, 0x90, 0x05, 0x98, 0x00, 0x68, 0x00, 0x28, 
0x01, 0xDA, 0x44, 0x42, 0x00, 0xE0, 0x04, 0x46, 0x06, 0x99, 0x09, 0x68, 0x00, 0x29, 0x01, 0xDA, 
0x4D, 0x42, 0x00, 0xE0, 0x0D, 0x46, 0xC0, 0x0F, 0x01, 0x90, 0xC8, 0x0F, 0x00, 0x90, 0x29, 0x46, 
0x20, 0x46, 0x02, 0xF0, 0xAF, 0xF8, 0x02, 0xF0, 0xB3, 0xF8, 0x7D, 0x21, 0xC9, 0x00, 0x48, 0x43, 
0x21, 0x49, 0xC9, 0x6A, 0x02, 0xF0, 0x0A, 0xF8, 0x04, 0x99, 0x4C, 0x43, 0x03, 0x99, 0x4D, 0x43, 
0xB0, 0x42, 0x01, 0xD9, 0x01, 0x46, 0x00, 0xE0, 0x31, 0x46, 0xB9, 0x42, 0x01, 0xD9, 0x38, 0x46, 
0x02, 0xE0, 0xB0, 0x42, 0x00, 0xD8, 0x30, 0x46, 0xB9, 0x1B, 0x87, 0x1B, 0x02, 0x9E, 0x03, 0x91, 
0xB6, 0x1E, 0x30, 0x46, 0x60, 0x43, 0x78, 0x43, 0x01, 0xF0, 0xF0, 0xFF, 0x61, 0x00, 0x44, 0x18, 
0x6E, 0x43, 0x7E, 0x43, 0x30, 0x46, 0x03, 0x99, 0x01, 0xF0, 0xE8, 0xFF, 0x69, 0x00, 0x40, 0x18, 
0x0E, 0x49, 0x8A, 0x7E, 0x49, 0x7E, 0x13, 0x03, 0x0E, 0x03, 0x01, 0x99, 0x00, 0x29, 0x00, 0xD0, 
0x64, 0x42, 0x00, 0x99, 0x00, 0x29, 0x00, 0xD0, 0x40, 0x42, 0x07, 0x4D, 0x69, 0x69, 0x62, 0x18, 
0xA9, 0x69, 0x44, 0x18, 0x19, 0x46, 0x10, 0x46, 0x02, 0xF0, 0x78, 0xF8, 0x07, 0x46, 0x07, 0xE0, 
0xF4, 0x39, 0x00, 0x20, 0x8C, 0x3E, 0x00, 0x20, 0xA4, 0x1B, 0x00, 0x20, 0x54, 0x38, 0x00, 0x20, 
0x00, 0x91, 0x31, 0x46, 0x20, 0x46, 0x02, 0xF0, 0x69, 0xF8, 0x02, 0x46, 0x08, 0x46, 0x00, 0x99, 
0x69, 0x61, 0xA8, 0x61, 0x05, 0x98, 0x07, 0x60, 0x06, 0x98, 0x02, 0x60, 0x07, 0xB0, 0xF0, 0xBD, 
0xFF, 0xB5, 0x04, 0x46, 0x91, 0xB0, 0xFF, 0x48, 0x00, 0x27, 0x1A, 0x9D, 0x07, 0x63, 0x20, 0x78, 
0x1E, 0x46, 0x00, 0x28, 0x16, 0xD0, 0x12, 0x98, 0x06, 0x23, 0x40, 0x78, 0x61, 0x78, 0x58, 0x43, 
0x06, 0x22, 0x12, 0x9B, 0x51, 0x43, 0x09, 0x19, 0xC0, 0x18, 0x8A, 0x79, 0x83, 0x79, 0x9A, 0x42, 
0x14, 0xD1, 0x4A, 0x88, 0x43, 0x88, 0xD2, 0x1A, 0x02, 0x92, 0x89, 0x88, 0x80, 0x88, 0x08, 0x1A, 
0x01, 0x90, 0x0D, 0xE0, 0x68, 0x78, 0x0D, 0x28, 0x01, 0xD1, 0x0C, 0x20, 0x18, 0x70, 0x2A, 0x46, 
0x20, 0x46, 0x13, 0x99, 0xFF, 0xF7, 0x4C, 0xFE, 0x15, 0xB0, 0xF0, 0xBD, 0x02, 0x97, 0x01, 0x97, 
0x01, 0xA9, 0x02, 0xA8, 0xFF, 0xF7, 0x4C, 0xFF, 0xE7, 0x48, 0x02, 0x99, 0x81, 0x42, 0x00, 0xDA, 
0x01, 0x46, 0xE5, 0x4A, 0x02, 0x91, 0xD2, 0x43, 0x91, 0x42, 0x00, 0xDB, 0x11, 0x46, 0x02, 0x91, 
0x01, 0x99, 0x81, 0x42, 0x00, 0xDB, 0x08, 0x46, 0x01, 0x90, 0x90, 0x42, 0x00, 0xDB, 0x10, 0x46, 
0x02, 0x99, 0x01, 0x90, 0x09, 0xB2, 0x71, 0x80, 0x00, 0xB2, 0xB0, 0x80, 0x2A, 0x78, 0x06, 0x2A, 
0x04, 0xD0, 0x0B, 0x22, 0x32, 0x70, 0x00, 0x29, 0x02, 0xD0, 0x08, 0xE0, 0x01, 0x22, 0xF9, 0xE7, 
0x00, 0x28, 0x04, 0xD1, 0x68, 0x78, 0x29, 0x78, 0x88, 0x42, 0x00, 0xD1, 0x37, 0x70, 0x20, 0x78, 
0x02, 0x28, 0xC9, 0xD1, 0xD1, 0x48, 0xC7, 0x7B, 0xC0, 0x7B, 0x47, 0x43, 0x12, 0x98, 0x00, 0x78, 
0x01, 0x28, 0x04, 0xD1, 0x20, 0x22, 0x21, 0x46, 0x13, 0x98, 0x01, 0xF0, 0xDD, 0xFF, 0xCC, 0x48, 
0x00, 0x79, 0x00, 0x28, 0xB8, 0xD1, 0x00, 0x2F, 0xB6, 0xD0, 0x02, 0x20, 0x00, 0x90, 0x0A, 0xAB, 
0x04, 0xAA, 0x20, 0x46, 0x13, 0x99, 0xFF, 0xF7, 0x21, 0xFD, 0x02, 0x28, 0x13, 0xD1, 0x0A, 0x99, 
0x04, 0x98, 0x01, 0xF0, 0xCF, 0xFF, 0xB8, 0x42, 0x0D, 0xD3, 0x0B, 0x99, 0x05, 0x98, 0x01, 0xF0, 
0xC9, 0xFF, 0xB8, 0x42, 0x07, 0xD3, 0x33, 0x46, 0x00, 0x95, 0x20, 0x46, 0x13, 0x9A, 0x12, 0x99, 
0xFF, 0xF7, 0x14, 0xFE, 0x98, 0xE7, 0x20, 0x46, 0x13, 0x99, 0xFF, 0xF7, 0x51, 0xFD, 0x00, 0x28, 
0x92, 0xD0, 0xB6, 0x48, 0x00, 0x78, 0xC0, 0x09, 0x8E, 0xD0, 0xB4, 0x49, 0x40, 0x31, 0x08, 0x7A, 
0xC0, 0x07, 0x09, 0xD0, 0xA0, 0x88, 0x62, 0x89, 0x80, 0x09, 0x92, 0x09, 0x90, 0x42, 0x00, 0xD8, 
0x10, 0x46, 0x49, 0x88, 0x88, 0x42, 0xE5, 0xD2, 0x0B, 0x20, 0x28, 0x70, 0x7C, 0xE7, 0xF8, 0xB5, 
0x0F, 0x46, 0x05, 0x46, 0x18, 0x78, 0x59, 0x78, 0x1C, 0x46, 0x16, 0x46, 0x88, 0x42, 0x01, 0xD0, 
0x00, 0x20, 0xA0, 0x70, 0xA0, 0x78, 0x00, 0x28, 0x61, 0xD0, 0x01, 0x28, 0x04, 0xD0, 0x02, 0x28, 
0x14, 0xD0, 0x03, 0x28, 0x7E, 0xD1, 0x11, 0xE0, 0x00, 0x20, 0x20, 0x70, 0x9F, 0x48, 0x00, 0x78, 
0x40, 0x07, 0x05, 0xD5, 0x9E, 0x48, 0x00, 0x79, 0x00, 0x28, 0x01, 0xD1, 0x02, 0x20, 0x10, 0x70, 
0x1A, 0x46, 0x39, 0x46, 0x28, 0x46, 0xFF, 0xF7, 0xA3, 0xFD, 0x8C, 0xE0, 0x28, 0x78, 0x00, 0x28, 
0x02, 0xD0, 0x01, 0x28, 0x0D, 0xD0, 0x4A, 0xE0, 0x01, 0x20, 0x98, 0x70, 0x93, 0x48, 0x00, 0x78, 
0x40, 0x07, 0x05, 0xD5, 0x92, 0x48, 0x00, 0x79, 0x00, 0x28, 0x01, 0xD1, 0x02, 0x20, 0x10, 0x70, 
0xF8, 0xBD, 0xB8, 0x88, 0xA9, 0x88, 0x80, 0x09, 0x89, 0x09, 0x41, 0x1A, 0x78, 0x88, 0x6A, 0x88, 
0x80, 0x09, 0x92, 0x09, 0x80, 0x1A, 0x01, 0xF0, 0x5D, 0xFF, 0x81, 0xB2, 0x87, 0x48, 0x63, 0x68, 
0x42, 0x7A, 0x64, 0x25, 0x6A, 0x43, 0x93, 0x42, 0x04, 0xD2, 0x02, 0x7A, 0x03, 0x7A, 0x5A, 0x43, 
0x8A, 0x42, 0xE5, 0xD8, 0xA1, 0x78, 0x02, 0x29, 0x07, 0xD0, 0x01, 0x78, 0x49, 0x07, 0x08, 0xD5, 
0x7F, 0x49, 0x09, 0x79, 0x00, 0x29, 0x02, 0xD0, 0x03, 0xE0, 0x0D, 0x20, 0x07, 0xE0, 0x02, 0x21, 
0x31, 0x70, 0x00, 0x78, 0xC0, 0x06, 0x01, 0xD5, 0x06, 0x20, 0x00, 0xE0, 0x00, 0x20, 0x20, 0x70, 
0xF8, 0xBD, 0x1A, 0x46, 0x39, 0x46, 0x28, 0x46, 0xFF, 0xF7, 0x5A, 0xFD, 0xF8, 0xBD, 0x73, 0x48, 
0x29, 0x78, 0x20, 0x30, 0x00, 0x90, 0x00, 0x29, 0x0C, 0xD0, 0x01, 0x29, 0x1F, 0xD0, 0x6F, 0x48, 
0x00, 0x78, 0x40, 0x07, 0xED, 0xD5, 0x6E, 0x48, 0x00, 0x79, 0x00, 0x28, 0xE9, 0xD1, 0x02, 0x20, 
0x10, 0x70, 0xE6, 0xE7, 0x40, 0x7F, 0x61, 0x68, 0x64, 0x22, 0x50, 0x43, 0x81, 0x42, 0xE5, 0xD9, 
0x66, 0x48, 0x00, 0x78, 0x40, 0x07, 0x07, 0xD5, 0x65, 0x48, 0x00, 0x79, 0x00, 0x28, 0x03, 0xD1, 
0x02, 0x20, 0x00, 0xE0, 0x00, 0xE0, 0x30, 0x70, 0x00, 0x20, 0x18, 0x70, 0xF8, 0xBD, 0xB8, 0x88, 
0xA9, 0x88, 0x80, 0x09, 0x89, 0x09, 0x41, 0x1A, 0x78, 0x88, 0x6A, 0x88, 0x80, 0x09, 0x92, 0x09, 
0x80, 0x1A, 0x01, 0xF0, 0xFF, 0xFE, 0x00, 0x99, 0x89, 0x7F, 0x00, 0x9A, 0x92, 0x7F, 0x51, 0x43, 
0x81, 0x42, 0x01, 0xD8, 0x03, 0x20, 0x00, 0xE0, 0x02, 0x20, 0xA0, 0x70, 0x20, 0x22, 0x29, 0x46, 
0x38, 0x46, 0x01, 0xF0, 0xE9, 0xFE, 0x00, 0x20, 0x60, 0x60, 0xF8, 0xBD, 0xF3, 0xB5, 0x4F, 0x48, 
0x83, 0xB0, 0x40, 0x30, 0x41, 0x7E, 0xFF, 0x22, 0x01, 0x32, 0x51, 0x1A, 0x87, 0x7E, 0xCE, 0xB2, 
0x64, 0x21, 0x4F, 0x43, 0x01, 0x7F, 0x00, 0x91, 0xC1, 0x7E, 0x64, 0x20, 0x41, 0x43, 0x45, 0x48, 
0x01, 0x91, 0xC1, 0x6A, 0x47, 0x48, 0x01, 0xF0, 0x39, 0xFE, 0x02, 0x90, 0x03, 0x98, 0x04, 0x68, 
0x04, 0x98, 0x05, 0x68, 0x20, 0x46, 0x29, 0x46, 0x01, 0xF0, 0xCC, 0xFE, 0x42, 0x49, 0x09, 0x68, 
0x88, 0x47, 0x02, 0x99, 0x48, 0x43, 0x01, 0x99, 0x88, 0x42, 0x05, 0xDB, 0x00, 0x98, 0x44, 0x43, 
0x64, 0x10, 0x45, 0x43, 0x6D, 0x10, 0x11, 0xE0, 0xB8, 0x42, 0x0F, 0xDD, 0x00, 0x99, 0xC0, 0x1B, 
0x0A, 0x01, 0x01, 0x99, 0x20, 0x3A, 0x50, 0x43, 0xC9, 0x1B, 0x01, 0xF0, 0xBF, 0xFE, 0x20, 0x30, 
0x44, 0x43, 0x10, 0x34, 0x45, 0x43, 0x64, 0x11, 0x10, 0x35, 0x6D, 0x11, 0x2D, 0x4F, 0xF8, 0x69, 
0x02, 0x19, 0xFA, 0x61, 0x38, 0x6A, 0x43, 0x19, 0x00, 0x20, 0x01, 0x46, 0x3B, 0x62, 0x01, 0xE0, 
0x92, 0x1B, 0x40, 0x1C, 0xB2, 0x42, 0xFB, 0xDC, 0x74, 0x42, 0xFA, 0x61, 0x01, 0xE0, 0x92, 0x19, 
0x40, 0x1E, 0xA2, 0x42, 0xFB, 0xDB, 0xFA, 0x61, 0x01, 0xE0, 0x9B, 0x1B, 0x49, 0x1C, 0xB3, 0x42, 
0xFB, 0xDC, 0x3B, 0x62, 0x01, 0xE0, 0x9B, 0x19, 0x49, 0x1E, 0xA3, 0x42, 0xFB, 0xDB, 0x1E, 0x4A, 
0x3B, 0x62, 0x53, 0x0C, 0x90, 0x42, 0x01, 0xDA, 0x10, 0x46, 0x02, 0xE0, 0x98, 0x42, 0x00, 0xDB, 
0x18, 0x46, 0x91, 0x42, 0x01, 0xDA, 0x11, 0x46, 0x02, 0xE0, 0x99, 0x42, 0x00, 0xDB, 0x19, 0x46, 
0x03, 0x9A, 0x10, 0x60, 0x04, 0x98, 0x01, 0x60, 0x05, 0xB0, 0xF0, 0xBD, 0xFF, 0xB5, 0x9B, 0xB0, 
0x0F, 0x46, 0x06, 0x46, 0x1C, 0x46, 0x2C, 0x21, 0x01, 0xA8, 0x24, 0x9D, 0x01, 0xF0, 0x7C, 0xFE, 
0x2C, 0x21, 0x0C, 0xA8, 0x01, 0xF0, 0x78, 0xFE, 0x03, 0x20, 0x00, 0x90, 0x0C, 0xAB, 0x01, 0xAA, 
0x39, 0x46, 0x30, 0x46, 0xFF, 0xF7, 0xAA, 0xFB, 0x00, 0x21, 0x02, 0x28, 0x16, 0xD0, 0x03, 0x28, 
0x14, 0xD0, 0x32, 0x78, 0x42, 0x20, 0x03, 0x2A, 0x43, 0xD9, 0x0C, 0x21, 0x29, 0x70, 0x20, 0x70, 
0x1F, 0xB0, 0xF0, 0xBD, 0xA4, 0x1B, 0x00, 0x20, 0x00, 0x80, 0xFF, 0xFF, 0xF4, 0x39, 0x00, 0x20, 
0x8C, 0x3E, 0x00, 0x20, 0x10, 0x27, 0x00, 0x00, 0xF0, 0x3A, 0x00, 0x20, 0x18, 0x91, 0x19, 0x91, 
0x00, 0x21, 0x01, 0xAB, 0x0C, 0xAD, 0x0A, 0xE0, 0x8A, 0x00, 0x9E, 0x58, 0x18, 0x9F, 0xF6, 0x19, 
0x18, 0x96, 0xAA, 0x58, 0x19, 0x9E, 0x92, 0x19, 0x49, 0x1C, 0xC9, 0xB2, 0x19, 0x92, 0x81, 0x42, 
0xF2, 0xD3, 0x02, 0x28, 0x0D, 0xD1, 0x18, 0x98, 0x41, 0x00, 0x40, 0x18, 0xC1, 0x0F, 0x08, 0x18, 
0x40, 0x10, 0x18, 0x90, 0x19, 0x98, 0x41, 0x00, 0x40, 0x18, 0xC1, 0x0F, 0x08, 0x18, 0x40, 0x10, 
0x19, 0x90, 0x19, 0xA9, 0x18, 0xA8, 0xFF, 0xF7, 0x31, 0xFF, 0x18, 0x98, 0x01, 0xB2, 0x61, 0x80, 
0x19, 0x98, 0x00, 0x29, 0x00, 0xB2, 0xA0, 0x80, 0x01, 0xD1, 0x00, 0x28, 0xC0, 0xD0, 0x41, 0x20, 
0xBD, 0xE7, 0x20, 0x70, 0x69, 0x60, 0x2A, 0x46, 0x30, 0x46, 0x1D, 0x99, 0xFF, 0xF7, 0x30, 0xFC, 
0xB6, 0xE7, 0xFF, 0xB5, 0x96, 0x46, 0x00, 0x22, 0x73, 0x46, 0x1A, 0x60, 0x03, 0x9B, 0x94, 0x46, 
0x14, 0x46, 0x1A, 0x60, 0x28, 0xE0, 0x06, 0x22, 0x00, 0x23, 0x62, 0x43, 0x0E, 0x78, 0x15, 0x18, 
0x1F, 0xE0, 0x06, 0x22, 0x5A, 0x43, 0x52, 0x18, 0xAF, 0x79, 0x92, 0x79, 0x97, 0x42, 0x17, 0xD1, 
0x62, 0x46, 0x52, 0x1C, 0x06, 0x27, 0xD2, 0xB2, 0x7B, 0x43, 0x94, 0x46, 0x5B, 0x18, 0x6E, 0x88, 
0x5A, 0x88, 0xAD, 0x88, 0x9B, 0x88, 0xB2, 0x1A, 0xEB, 0x1A, 0x75, 0x46, 0x2D, 0x68, 0xAD, 0x18, 
0x72, 0x46, 0x15, 0x60, 0x03, 0x9A, 0x12, 0x68, 0xD3, 0x18, 0x03, 0x9A, 0x13, 0x60, 0x02, 0xE0, 
0x5B, 0x1C, 0x9E, 0x42, 0xDD, 0xDC, 0x64, 0x1C, 0x02, 0x78, 0xA2, 0x42, 0xD3, 0xDC, 0x60, 0x46, 
0x04, 0xB0, 0x7E, 0xE7, 0xFF, 0xB5, 0x97, 0xB0, 0x03, 0x20, 0x00, 0x90, 0x20, 0x9C, 0x01, 0xAB, 
0x0A, 0xAA, 0x19, 0x99, 0x17, 0x98, 0xFF, 0xF7, 0x11, 0xFB, 0x00, 0x26, 0x21, 0x78, 0x67, 0x78, 
0xFF, 0x4B, 0x35, 0x46, 0x32, 0x46, 0xB9, 0x42, 0x00, 0xD0, 0x5A, 0x81, 0x17, 0x99, 0xFD, 0x4F, 
0x09, 0x78, 0x03, 0x29, 0x04, 0xD0, 0x02, 0xD2, 0xE0, 0x78, 0x03, 0x28, 0x76, 0xD0, 0xE0, 0xE0, 
0x03, 0x28, 0xFC, 0xD1, 0x00, 0x20, 0x08, 0x90, 0x01, 0x20, 0x12, 0x90, 0xF4, 0x48, 0xC1, 0x6A, 
0xF5, 0x48, 0x01, 0xF0, 0xB3, 0xFD, 0x13, 0x90, 0x00, 0x20, 0x14, 0x90, 0x41, 0x1C, 0xCF, 0xB2, 
0x15, 0x91, 0x03, 0x2F, 0x00, 0xD1, 0x00, 0x27, 0x80, 0x00, 0x01, 0xA9, 0x10, 0x90, 0x09, 0x58, 
0x0A, 0xAA, 0x10, 0x58, 0x01, 0xF0, 0x96, 0xFD, 0xEA, 0x49, 0x49, 0x7B, 0x81, 0x42, 0x03, 0xD2, 
0x14, 0x99, 0x49, 0x1C, 0xC9, 0xB2, 0x14, 0x91, 0x08, 0x99, 0xBF, 0x00, 0x08, 0x18, 0x08, 0x90, 
0x10, 0x99, 0x0A, 0xA8, 0x41, 0x58, 0xC0, 0x59, 0x0B, 0x46, 0x43, 0x43, 0x10, 0x9A, 0x01, 0xA8, 
0x82, 0x58, 0xC0, 0x59, 0x50, 0x43, 0x18, 0x18, 0x00, 0x28, 0x01, 0xDD, 0x01, 0x20, 0x00, 0xE0, 
0x00, 0x20, 0x12, 0x9B, 0x8E, 0x19, 0x18, 0x40, 0x12, 0x90, 0x15, 0x98, 0x55, 0x19, 0xC0, 0xB2, 
0x03, 0x28, 0xCB, 0xD3, 0x14, 0x98, 0x01, 0x28, 0x04, 0xD9, 0x03, 0x21, 0x08, 0x98, 0x01, 0xF0, 
0xCD, 0xFC, 0x00, 0xE0, 0x08, 0x98, 0x01, 0xF0, 0x6B, 0xFD, 0x60, 0x81, 0x87, 0x08, 0x01, 0xAB, 
0x0A, 0xAA, 0x18, 0x99, 0x17, 0x98, 0xFF, 0xF7, 0x54, 0xFF, 0x0A, 0x98, 0x01, 0x99, 0x00, 0x04, 
0x09, 0x04, 0x80, 0x0D, 0x89, 0x0D, 0x0A, 0x90, 0x01, 0x91, 0x01, 0xF0, 0x53, 0xFD, 0x01, 0xF0, 
0x57, 0xFD, 0x13, 0x99, 0x48, 0x43, 0x80, 0x02, 0x01, 0x0C, 0xC5, 0x48, 0x42, 0x89, 0x8A, 0x42, 
0x00, 0xD9, 0x11, 0x46, 0x41, 0x81, 0x12, 0x98, 0x00, 0x28, 0x39, 0xD0, 0xC1, 0x48, 0x40, 0x78, 
0x80, 0x07, 0x35, 0xD5, 0x00, 0x2E, 0x02, 0xDA, 0x72, 0x42, 0x01, 0xE0, 0x56, 0xE0, 0x32, 0x46, 
0x00, 0x2D, 0x01, 0xDA, 0x6B, 0x42, 0x00, 0xE0, 0x2B, 0x46, 0xBA, 0x48, 0x40, 0x30, 0x9A, 0x42, 
0x2A, 0xDD, 0x43, 0x7C, 0x0F, 0x22, 0x00, 0x2B, 0x02, 0xD1, 0x43, 0x7D, 0x00, 0x2B, 0x09, 0xD0, 
0x00, 0x2E, 0x07, 0xDD, 0x43, 0x7C, 0xBB, 0x42, 0x04, 0xD8, 0x43, 0x7D, 0x8B, 0x42, 0x01, 0xD8, 
0x14, 0x23, 0x0E, 0xE0, 0x03, 0x7C, 0x00, 0x2B, 0x02, 0xD1, 0x03, 0x7D, 0x00, 0x2B, 0x0F, 0xD0, 
0x00, 0x2E, 0x0D, 0xDA, 0x03, 0x7C, 0xBB, 0x42, 0x0A, 0xD8, 0x03, 0x7D, 0x8B, 0x42, 0x07, 0xD8, 
0x13, 0x23, 0x1A, 0x99, 0x0B, 0x70, 0x00, 0x7E, 0x00, 0x28, 0x03, 0xD1, 0x0C, 0x20, 0x20, 0x70, 
0x1B, 0xB0, 0xB6, 0xE6, 0x22, 0x70, 0xFB, 0xE7, 0xC2, 0x7C, 0x00, 0x2A, 0x02, 0xD1, 0xC2, 0x7D, 
0x00, 0x2A, 0x09, 0xD0, 0x00, 0x2D, 0x07, 0xDD, 0xC2, 0x7C, 0xBA, 0x42, 0x04, 0xD8, 0xC2, 0x7D, 
0x8A, 0x42, 0x01, 0xD8, 0x12, 0x21, 0x0E, 0xE0, 0x82, 0x7C, 0x00, 0x2A, 0x02, 0xD1, 0x82, 0x7D, 
0x00, 0x2A, 0xE5, 0xD0, 0x00, 0x2D, 0xE3, 0xDA, 0x82, 0x7C, 0xBA, 0x42, 0xE0, 0xD8, 0x80, 0x7D, 
0x88, 0x42, 0xDD, 0xD8, 0x11, 0x21, 0x1A, 0x98, 0x01, 0x70, 0xD7, 0xE7, 0x78, 0x78, 0xC0, 0x07, 
0x0F, 0xD0, 0x78, 0x7A, 0x63, 0x68, 0x64, 0x25, 0x68, 0x43, 0x83, 0x42, 0x09, 0xD2, 0x00, 0x29, 
0xCE, 0xD1, 0x60, 0x89, 0x39, 0x7A, 0x88, 0x42, 0xCA, 0xD2, 0x1A, 0x98, 0x1E, 0x21, 0x01, 0x70, 
0xC8, 0xE7, 0x22, 0x46, 0x19, 0x99, 0x17, 0x98, 0xFF, 0xF7, 0xF2, 0xFA, 0xC0, 0xE7, 0x10, 0xB5, 
0x14, 0x46, 0x00, 0x29, 0x07, 0xD0, 0x22, 0x88, 0x10, 0x18, 0x00, 0xB2, 0x01, 0xF0, 0xCE, 0xFC, 
0x00, 0xB2, 0x21, 0x80, 0x10, 0xBD, 0x00, 0xB2, 0x10, 0xBD, 0x70, 0xB5, 0x14, 0x68, 0xC5, 0x0F, 
0x64, 0x1C, 0x4C, 0x43, 0xC0, 0x10, 0x00, 0xD5, 0x40, 0x42, 0xD3, 0x88, 0x83, 0x42, 0x01, 0xDA, 
0x06, 0x46, 0x00, 0xE0, 0x1E, 0x46, 0x91, 0x88, 0x8E, 0x42, 0x01, 0xDD, 0x08, 0x46, 0x02, 0xE0, 
0x83, 0x42, 0x00, 0xDB, 0x18, 0x46, 0xC9, 0x1A, 0xC3, 0x1A, 0x10, 0x7A, 0x80, 0x1E, 0x60, 0x43, 
0x58, 0x43, 0x01, 0xF0, 0x03, 0xFC, 0x61, 0x00, 0x40, 0x18, 0xFF, 0x30, 0x01, 0x30, 0x40, 0x0A, 
0x00, 0x2D, 0x00, 0xD0, 0x40, 0x42, 0x70, 0xBD, 0xF8, 0xB5, 0x00, 0x26, 0x07, 0x46, 0x34, 0x46, 
0x1B, 0xE0, 0x06, 0x20, 0x65, 0x1C, 0x60, 0x43, 0xC0, 0x19, 0x00, 0x90, 0x11, 0xE0, 0x00, 0x98, 
0x81, 0x88, 0x06, 0x20, 0x68, 0x43, 0xC0, 0x19, 0x82, 0x88, 0x40, 0x88, 0x89, 0x1A, 0x00, 0x9A, 
0x52, 0x88, 0x10, 0x1A, 0x01, 0xF0, 0x7E, 0xFC, 0x86, 0x42, 0x00, 0xD9, 0x30, 0x46, 0x06, 0x46, 
0x6D, 0x1C, 0x38, 0x78, 0xA8, 0x42, 0xEA, 0xDC, 0x64, 0x1C, 0x38, 0x78, 0xA0, 0x42, 0xE0, 0xDC, 
0x30, 0x46, 0x01, 0xF0, 0x75, 0xFC, 0xF8, 0xBD, 0xFF, 0xB5, 0x81, 0xB0, 0x0E, 0x46, 0x04, 0x00, 
0x1D, 0xD0, 0x00, 0x2C, 0x00, 0xDA, 0x60, 0x42, 0x04, 0x99, 0x09, 0x78, 0x47, 0x18, 0x31, 0x46, 
0x38, 0x46, 0x01, 0xF0, 0x6B, 0xFC, 0x05, 0x46, 0x70, 0x43, 0x04, 0x99, 0x38, 0x1A, 0x08, 0x70, 
0x03, 0x98, 0x31, 0x46, 0x41, 0x43, 0x4C, 0x48, 0x60, 0x43, 0x01, 0xF0, 0x5F, 0xFC, 0x0A, 0x99, 
0x08, 0x60, 0x29, 0x46, 0x0B, 0x9A, 0xFF, 0xF7, 0x90, 0xFF, 0x00, 0xB2, 0xD4, 0xE5, 0x0A, 0x98, 
0x00, 0x21, 0x01, 0x60, 0x08, 0x46, 0xCF, 0xE5, 0x10, 0xB5, 0x42, 0x4B, 0x1C, 0x46, 0x20, 0x34, 
0x07, 0x29, 0x0E, 0xD0, 0x08, 0x29, 0x18, 0xD0, 0x0B, 0x29, 0x25, 0xD1, 0x61, 0x7D, 0x01, 0x60, 
0x19, 0x8E, 0x81, 0x80, 0x59, 0x8E, 0xC1, 0x80, 0x21, 0x7D, 0x01, 0x72, 0xA1, 0x7D, 0x41, 0x72, 
0x1A, 0xE0, 0x61, 0x7B, 0x01, 0x60, 0x19, 0x8D, 0x81, 0x80, 0x59, 0x8D, 0xC1, 0x80, 0x21, 0x7B, 
0x01, 0x72, 0xA1, 0x7B, 0x41, 0x72, 0xD9, 0x7E, 0x0A, 0xE0, 0x61, 0x79, 0x01, 0x60, 0x19, 0x8C, 
0x81, 0x80, 0x59, 0x8C, 0xC1, 0x80, 0x21, 0x79, 0x01, 0x72, 0xA1, 0x79, 0x41, 0x72, 0x99, 0x7E, 
0x7D, 0x23, 0xDB, 0x00, 0x59, 0x43, 0xC1, 0x60, 0x03, 0x2A, 0x0F, 0xD1, 0x29, 0x49, 0x40, 0x31, 
0x4A, 0x7E, 0x02, 0x60, 0xCA, 0x7E, 0x52, 0x01, 0x82, 0x80, 0x8A, 0x7E, 0x52, 0x01, 0xC2, 0x80, 
0x0A, 0x7F, 0x02, 0x72, 0x49, 0x7F, 0x41, 0x72, 0x00, 0x21, 0xC1, 0x60, 0x10, 0xBD, 0xFF, 0xB5, 
0x97, 0xB0, 0x00, 0x20, 0x15, 0x90, 0x1E, 0x48, 0x20, 0x9C, 0xC0, 0x6A, 0x06, 0x90, 0x0F, 0x46, 
0x21, 0x78, 0x60, 0x78, 0x00, 0x25, 0x1E, 0x46, 0x81, 0x42, 0x04, 0xD0, 0x01, 0x20, 0x15, 0x90, 
0xA5, 0x70, 0x38, 0x78, 0x60, 0x72, 0x62, 0x7A, 0x02, 0xA8, 0xFF, 0xF7, 0xA5, 0xFF, 0xA0, 0x78, 
0x00, 0x28, 0x03, 0xD0, 0x01, 0x28, 0x7D, 0xD0, 0x25, 0x70, 0xD9, 0xE6, 0x15, 0x98, 0x00, 0x28, 
0x1A, 0xD0, 0x0F, 0x48, 0xC5, 0x81, 0x45, 0x62, 0xC5, 0x70, 0x60, 0x68, 0x06, 0x90, 0x19, 0x98, 
0xFF, 0xF7, 0x42, 0xFF, 0x0A, 0x49, 0x88, 0x81, 0x17, 0x98, 0x61, 0x7A, 0x00, 0x78, 0x88, 0x42, 
0x05, 0xD2, 0x07, 0x49, 0x06, 0x98, 0xC9, 0x6A, 0x17, 0x97, 0x40, 0x1A, 0x06, 0x90, 0xF0, 0x88, 
0x01, 0x21, 0x08, 0x43, 0x19, 0x9F, 0xF0, 0x80, 0x0E, 0xAB, 0x08, 0xAA, 0x39, 0x46, 0x05, 0xE0, 
0xA4, 0x1B, 0x00, 0x20, 0xF4, 0x39, 0x00, 0x20, 0x10, 0x27, 0x00, 0x00, 0x17, 0x98, 0xFF, 0xF7, 
0xB0, 0xFD, 0x01, 0x46, 0x02, 0x28, 0x69, 0xD3, 0x20, 0x78, 0x0B, 0x28, 0x04, 0xD0, 0x07, 0x28, 
0x26, 0xD0, 0x08, 0x28, 0x28, 0xD0, 0x2A, 0xE0, 0x17, 0x98, 0xFF, 0xF7, 0x15, 0xFF, 0x04, 0x46, 
0x17, 0x98, 0x39, 0x78, 0x00, 0x78, 0x88, 0x42, 0x14, 0xD1, 0x16, 0xA8, 0x02, 0xA9, 0x00, 0x90, 
0x01, 0x91, 0xFD, 0x48, 0xFC, 0x4B, 0x80, 0x89, 0xDB, 0x1C, 0x20, 0x1A, 0x01, 0x21, 0x06, 0x9A, 
0xFF, 0xF7, 0x2A, 0xFF, 0xF8, 0x4A, 0x69, 0x46, 0x49, 0x7C, 0x0E, 0x32, 0xFF, 0xF7, 0xC7, 0xFE, 
0x70, 0x80, 0x00, 0xE0, 0x75, 0x80, 0xF4, 0x48, 0x84, 0x81, 0x09, 0x20, 0x30, 0x70, 0x2D, 0xE0, 
0x08, 0x20, 0x30, 0x70, 0x08, 0x9C, 0x02, 0xE0, 0x07, 0x20, 0x30, 0x70, 0x0E, 0x9C, 0x02, 0xAA, 
0x16, 0xA8, 0xED, 0x4B, 0x01, 0x92, 0x00, 0x90, 0xDB, 0x1C, 0x20, 0x46, 0x06, 0x9A, 0xFF, 0xF7, 
0x0B, 0xFF, 0xE9, 0x4A, 0x69, 0x46, 0x49, 0x7C, 0x0E, 0x32, 0xFF, 0xF7, 0xA8, 0xFE, 0x70, 0x80, 
0xE5, 0x4A, 0x16, 0x99, 0x12, 0x1D, 0x10, 0x46, 0x20, 0x30, 0x15, 0x9B, 0x00, 0x29, 0x02, 0xD0, 
0x15, 0x70, 0x08, 0xE0, 0x7A, 0xE0, 0x14, 0x78, 0x64, 0x1C, 0xE4, 0xB2, 0x14, 0x70, 0x05, 0x2C, 
0x01, 0xD3, 0x05, 0x60, 0x02, 0xE0, 0x00, 0x2B, 0x05, 0xD0, 0x01, 0x60, 0x02, 0x20, 0x30, 0x5E, 
0x15, 0x99, 0x08, 0x43, 0xDB, 0xE0, 0x02, 0x68, 0xD3, 0x00, 0x9A, 0x1A, 0x51, 0x18, 0x03, 0xD5, 
0x49, 0x42, 0xC9, 0x10, 0x49, 0x42, 0xF0, 0xE7, 0xC9, 0x10, 0xEE, 0xE7, 0x01, 0x28, 0x20, 0x78, 
0x02, 0xD0, 0x0B, 0x28, 0x53, 0xD0, 0x01, 0xE0, 0x0B, 0x28, 0x16, 0xD0, 0x01, 0x20, 0xA0, 0x70, 
0x20, 0x78, 0x07, 0x28, 0xCD, 0x48, 0x4F, 0xD0, 0x80, 0x8B, 0xCB, 0x4E, 0x71, 0x6A, 0x00, 0x29, 
0x00, 0xDA, 0x49, 0x42, 0x81, 0x42, 0x00, 0xDA, 0x75, 0x62, 0x20, 0x22, 0x17, 0x99, 0x19, 0x98, 
0x01, 0xF0, 0x2A, 0xFB, 0x65, 0x60, 0xB5, 0x62, 0x22, 0xE6, 0x38, 0x78, 0x01, 0x28, 0x06, 0xD9, 
0x65, 0x60, 0x20, 0x22, 0x17, 0x99, 0x19, 0x98, 0x01, 0xF0, 0x1E, 0xFB, 0x08, 0xE0, 0x17, 0x98, 
0x00, 0x78, 0x02, 0x28, 0x04, 0xD1, 0x17, 0x98, 0xFF, 0xF7, 0x86, 0xFE, 0xBA, 0x49, 0x88, 0x81, 
0x02, 0x20, 0x00, 0x90, 0x0E, 0xAB, 0x08, 0xAA, 0x19, 0x99, 0x17, 0x98, 0xFF, 0xF7, 0x5E, 0xF8, 
0x05, 0x46, 0x0E, 0x99, 0x08, 0x98, 0x01, 0xF0, 0x0D, 0xFB, 0x01, 0x46, 0x01, 0x2D, 0xDB, 0xD1, 
0x17, 0x98, 0x00, 0x78, 0x01, 0x28, 0xD7, 0xD1, 0xB0, 0x48, 0x63, 0x68, 0x42, 0x7A, 0x64, 0x25, 
0x6A, 0x43, 0x93, 0x42, 0xD0, 0xD9, 0x02, 0x7A, 0x03, 0x7A, 0x5A, 0x43, 0x8A, 0x42, 0xCB, 0xD8, 
0x0A, 0x21, 0x31, 0x70, 0x00, 0x78, 0xC0, 0x06, 0xC6, 0xD5, 0x06, 0x20, 0x02, 0xE0, 0x0A, 0x20, 
0x30, 0x70, 0x0C, 0x20, 0x20, 0x70, 0xE3, 0xE5, 0xC0, 0x8B, 0xAE, 0xE7, 0x17, 0x98, 0x00, 0x78, 
0x01, 0x28, 0x2A, 0xD1, 0x02, 0x20, 0x00, 0x90, 0x0E, 0xAB, 0x08, 0xAA, 0x19, 0x99, 0x17, 0x98, 
0xFF, 0xF7, 0x2C, 0xF8, 0x07, 0x90, 0x0E, 0x99, 0x08, 0x98, 0x01, 0xF0, 0xDB, 0xFA, 0x39, 0x78, 
0x01, 0x29, 0x01, 0xD9, 0x98, 0x49, 0x8D, 0x62, 0x97, 0x49, 0xCB, 0x6A, 0x8A, 0x6A, 0xD2, 0x18, 
0x8A, 0x62, 0x96, 0x49, 0x0B, 0x78, 0xDB, 0x06, 0x0F, 0xD5, 0x07, 0x9B, 0x01, 0x2B, 0x0C, 0xD1, 
0x0B, 0x7A, 0x09, 0x7A, 0x4B, 0x43, 0x83, 0x42, 0x07, 0xD8, 0x90, 0x48, 0x40, 0x7A, 0x64, 0x21, 
0x48, 0x43, 0x90, 0x42, 0x01, 0xD8, 0x06, 0x20, 0x20, 0x70, 0x17, 0x98, 0x39, 0x78, 0x00, 0x78, 
0x81, 0x42, 0x03, 0xD3, 0x60, 0x68, 0x05, 0x99, 0x88, 0x42, 0x06, 0xD3, 0x65, 0x60, 0x22, 0x46, 
0x19, 0x99, 0x17, 0x98, 0xFF, 0xF7, 0xD4, 0xF8, 0xA2, 0xE5, 0x20, 0x78, 0x07, 0x28, 0x02, 0xD0, 
0x08, 0x28, 0x02, 0xD0, 0x03, 0xE0, 0x08, 0x20, 0x00, 0xE0, 0x07, 0x20, 0x30, 0x70, 0x7E, 0x48, 
0x02, 0xA9, 0x47, 0x6A, 0x60, 0x68, 0x01, 0x91, 0x05, 0x99, 0x00, 0x29, 0x0E, 0xD0, 0x78, 0x43, 
0x01, 0xF0, 0xA4, 0xFA, 0x3C, 0x1A, 0x06, 0x99, 0x20, 0x46, 0x48, 0x43, 0x78, 0x4A, 0x79, 0x49, 
0x90, 0x42, 0x05, 0xDA, 0x01, 0xF0, 0x9A, 0xFA, 0x40, 0x42, 0x03, 0xE0, 0x28, 0x46, 0x07, 0xE0, 
0x01, 0xF0, 0x94, 0xFA, 0x01, 0x46, 0x20, 0x46, 0x01, 0x9A, 0xFF, 0xF7, 0xC6, 0xFD, 0x00, 0xB2, 
0x6D, 0x4A, 0x69, 0x46, 0x49, 0x7C, 0x0E, 0x32, 0xFF, 0xF7, 0xB1, 0xFD, 0x70, 0x80, 0x00, 0x28, 
0x89, 0xD1, 0xB5, 0x80, 0xF5, 0x80, 0x35, 0x70, 0x6A, 0xE5, 0xFE, 0xB5, 0x42, 0x88, 0x80, 0x88, 
0x93, 0x09, 0x82, 0x09, 0x48, 0x88, 0x00, 0x26, 0x80, 0x09, 0x00, 0x90, 0x88, 0x88, 0x87, 0x09, 
0x65, 0x48, 0x00, 0x79, 0xC1, 0x07, 0x65, 0x48, 0x00, 0x29, 0x81, 0x7E, 0x07, 0xD0, 0x49, 0x01, 
0x49, 0x1E, 0x02, 0x91, 0x40, 0x7E, 0x40, 0x01, 0x40, 0x1E, 0x01, 0x90, 0x06, 0xE0, 0x49, 0x01, 
0x49, 0x1E, 0x01, 0x91, 0x40, 0x7E, 0x40, 0x01, 0x40, 0x1E, 0x02, 0x90, 0x00, 0x98, 0xD4, 0x1B, 
0x1D, 0x1A, 0x21, 0x46, 0x28, 0x46, 0x01, 0xF0, 0x4D, 0xFA, 0x02, 0x46, 0x53, 0x48, 0xC1, 0x7C, 
0xC3, 0x7C, 0x59, 0x43, 0x8A, 0x42, 0x2C, 0xD3, 0x00, 0x2C, 0x01, 0xDA, 0x61, 0x42, 0x00, 0xE0, 
0x21, 0x46, 0x00, 0x2D, 0x01, 0xDA, 0x6A, 0x42, 0x00, 0xE0, 0x2A, 0x46, 0x91, 0x42, 0x11, 0xDA, 
0x82, 0x7D, 0x00, 0x99, 0x91, 0x42, 0x03, 0xDA, 0x00, 0x2D, 0x01, 0xDD, 0x06, 0x26, 0x18, 0xE0, 
0x00, 0x9A, 0x01, 0x99, 0xC0, 0x7D, 0x89, 0x1A, 0x81, 0x42, 0x12, 0xDA, 0x00, 0x2D, 0x10, 0xDA, 
0x04, 0x26, 0x0E, 0xE0, 0x01, 0x7D, 0x8F, 0x42, 0x03, 0xDA, 0x00, 0x2C, 0x01, 0xDD, 0x05, 0x26, 
0x07, 0xE0, 0x02, 0x99, 0x40, 0x7D, 0xC9, 0x1B, 0x81, 0x42, 0x02, 0xDA, 0x00, 0x2C, 0x00, 0xDA, 
0x1B, 0x26, 0x30, 0x46, 0xFE, 0xBD, 0xF0, 0xB5, 0x42, 0x88, 0x80, 0x88, 0x3A, 0x4C, 0x83, 0x09, 
0x48, 0x88, 0x89, 0x88, 0x92, 0x09, 0x80, 0x09, 0x24, 0x79, 0x89, 0x09, 0xE5, 0x07, 0x37, 0x4C, 
0x00, 0x2D, 0xA5, 0x7E, 0x03, 0xD0, 0x64, 0x7E, 0x6E, 0x01, 0x65, 0x01, 0x02, 0xE0, 0x64, 0x7E, 
0x6D, 0x01, 0x66, 0x01, 0x2D, 0x4C, 0x6D, 0x1E, 0x76, 0x1E, 0x67, 0x7D, 0x76, 0x1A, 0xBE, 0x42, 
0x08, 0xDA, 0xCF, 0x1A, 0x99, 0x26, 0x77, 0x43, 0x16, 0x1A, 0x00, 0xD5, 0x86, 0x1A, 0xF6, 0x01, 
0xB7, 0x42, 0x24, 0xDA, 0xA6, 0x7D, 0xB0, 0x42, 0x08, 0xDA, 0x17, 0x1A, 0x99, 0x26, 0x77, 0x43, 
0x5E, 0x1A, 0x00, 0xD5, 0xCE, 0x1A, 0xF6, 0x01, 0xB7, 0x42, 0x18, 0xDA, 0xE6, 0x7D, 0x2D, 0x1A, 
0xB5, 0x42, 0x08, 0xDA, 0x86, 0x1A, 0x99, 0x25, 0x6E, 0x43, 0x5D, 0x1A, 0x00, 0xD5, 0xCD, 0x1A, 
0xED, 0x01, 0xAE, 0x42, 0x0B, 0xDA, 0x24, 0x7D, 0xA1, 0x42, 0x0A, 0xDA, 0x5B, 0x1A, 0x99, 0x21, 
0x4B, 0x43, 0x11, 0x1A, 0x00, 0xD5, 0x81, 0x1A, 0xC8, 0x01, 0x83, 0x42, 0x01, 0xDB, 0x01, 0x20, 
0xF0, 0xBD, 0x00, 0x20, 0xF0, 0xBD, 0x1C, 0xB5, 0x01, 0x88, 0x6B, 0x46, 0x19, 0x80, 0x40, 0x88, 
0x98, 0x80, 0x01, 0xA9, 0x68, 0x46, 0x01, 0xF0, 0xD5, 0xF9, 0x6B, 0x46, 0x18, 0x88, 0x81, 0x09, 
0x19, 0x80, 0x98, 0x88, 0x82, 0x09, 0x09, 0x48, 0x9A, 0x80, 0x40, 0x30, 0x03, 0x88, 0x8B, 0x42, 
0x16, 0xD8, 0x83, 0x88, 0x8B, 0x42, 0x13, 0xD9, 0x41, 0x88, 0x91, 0x42, 0x10, 0xD8, 0xC0, 0x88, 
0x90, 0x42, 0x0D, 0xD9, 0x01, 0x20, 0x1C, 0xBD, 0xA4, 0x1B, 0x00, 0x20, 0xF4, 0x39, 0x00, 0x20, 
0xF1, 0xD8, 0xFF, 0xFF, 0x10, 0x27, 0x00, 0x00, 0x54, 0x39, 0x00, 0x20, 0x54, 0x38, 0x00, 0x20, 
0x00, 0x20, 0xF0, 0xE7, 0xF8, 0xB5, 0xFC, 0x49, 0x08, 0x7A, 0xC0, 0x07, 0x13, 0xD0, 0xFB, 0x4E, 
0xFB, 0x4C, 0x32, 0x78, 0x37, 0x46, 0x00, 0x23, 0x34, 0x37, 0x20, 0x79, 0x00, 0x2A, 0x0B, 0xD0, 
0x01, 0x2A, 0x01, 0xD0, 0x02, 0x2A, 0x06, 0xD1, 0x00, 0x28, 0x04, 0xD1, 0x01, 0x2A, 0x2C, 0xD0, 
0x10, 0x20, 0x78, 0x70, 0x33, 0x70, 0xF8, 0xBD, 0x01, 0x28, 0xFC, 0xD1, 0x60, 0x79, 0xFF, 0x28, 
0x0F, 0xD0, 0x08, 0x7A, 0xC0, 0x06, 0x12, 0xD5, 0x00, 0x25, 0x30, 0x20, 0x68, 0x43, 0x00, 0x19, 
0x01, 0x7F, 0x00, 0x29, 0x08, 0xD0, 0x80, 0x1D, 0xFF, 0xF7, 0xA5, 0xFF, 0x00, 0x28, 0x0F, 0xD1, 
0x02, 0xE0, 0x01, 0x20, 0x30, 0x70, 0x0E, 0xE0, 0x6D, 0x1C, 0x06, 0x2D, 0xED, 0xDB, 0x60, 0x79, 
0x30, 0x21, 0x48, 0x43, 0x00, 0x19, 0x80, 0x1D, 0xFF, 0xF7, 0x95, 0xFF, 0x00, 0x28, 0xF0, 0xD0, 
0x02, 0x20, 0x30, 0x70, 0x08, 0x20, 0x78, 0x70, 0xF8, 0xBD, 0x02, 0x20, 0xD1, 0xE7, 0xFE, 0xB5, 
0x00, 0x25, 0x07, 0x46, 0xFF, 0x20, 0x78, 0x70, 0x2E, 0x46, 0x30, 0x20, 0x31, 0x46, 0x41, 0x43, 
0xD7, 0x48, 0x0C, 0x18, 0x21, 0x7F, 0x00, 0x29, 0x3A, 0xD0, 0x61, 0x7F, 0x00, 0x29, 0x37, 0xD1, 
0xD4, 0x49, 0x09, 0x78, 0x89, 0x07, 0x02, 0xD5, 0xE1, 0x7E, 0x89, 0x06, 0x30, 0xD4, 0x29, 0x21, 
0x09, 0x5D, 0x00, 0x29, 0x2C, 0xD0, 0xE1, 0x7E, 0xCA, 0x06, 0x29, 0xD4, 0x49, 0x06, 0x27, 0xD4, 
0xE0, 0x88, 0x61, 0x89, 0x40, 0x1A, 0x69, 0x46, 0x08, 0x80, 0x20, 0x89, 0xA1, 0x89, 0x40, 0x1A, 
0x69, 0x46, 0x88, 0x80, 0x01, 0xA9, 0x68, 0x46, 0x01, 0xF0, 0x3C, 0xF9, 0x06, 0x20, 0x69, 0x46, 
0x68, 0x43, 0x09, 0x88, 0xC0, 0x19, 0x41, 0x80, 0x69, 0x46, 0x89, 0x88, 0x81, 0x80, 0x86, 0x71, 
0x78, 0x78, 0xFF, 0x28, 0x09, 0xD0, 0xBE, 0x48, 0x01, 0x78, 0x01, 0x29, 0x05, 0xD0, 0x00, 0x79, 
0x01, 0x28, 0x03, 0xD1, 0xE0, 0x7F, 0x80, 0x06, 0x00, 0xD4, 0x7D, 0x70, 0x6D, 0x1C, 0xED, 0xB2, 
0x76, 0x1C, 0x06, 0x2E, 0xB9, 0xDB, 0x3D, 0x70, 0xFE, 0xBD, 0xF0, 0xB5, 0xB3, 0x4C, 0x89, 0xB0, 
0x3C, 0x34, 0x00, 0x25, 0x26, 0x78, 0x2F, 0x46, 0x20, 0x21, 0x01, 0xA8, 0x01, 0xF0, 0x0C, 0xF9, 
0x08, 0x21, 0x60, 0x1A, 0x01, 0xF0, 0xE4, 0xF8, 0x01, 0xA8, 0xFF, 0xF7, 0xA0, 0xFF, 0xFF, 0xF7, 
0x59, 0xFF, 0xAD, 0x48, 0x41, 0x78, 0x09, 0xE0, 0x06, 0x22, 0x6A, 0x43, 0x12, 0x18, 0x92, 0x78, 
0x92, 0x07, 0x01, 0xD4, 0x7F, 0x1C, 0xFF, 0xB2, 0x6D, 0x1C, 0xED, 0xB2, 0xA9, 0x42, 0xF3, 0xD8, 
0x00, 0x25, 0xB9, 0x42, 0x08, 0xD1, 0x00, 0x2F, 0x06, 0xD0, 0xA0, 0x4A, 0xA3, 0x49, 0x3C, 0x32, 
0x01, 0xA8, 0xFE, 0xF7, 0xFD, 0xFE, 0x65, 0x60, 0xA0, 0x48, 0x20, 0x38, 0x00, 0x78, 0x00, 0x28, 
0x04, 0xD0, 0x69, 0x46, 0xE0, 0x78, 0x09, 0x79, 0x88, 0x42, 0x02, 0xD2, 0x68, 0x46, 0x00, 0x79, 
0xE0, 0x70, 0x96, 0x4A, 0x61, 0x68, 0xD0, 0x6A, 0x09, 0x18, 0x61, 0x60, 0x11, 0x6B, 0x08, 0x18, 
0x91, 0x49, 0x10, 0x63, 0x20, 0x39, 0xCB, 0x7F, 0x64, 0x27, 0x7B, 0x43, 0x83, 0x42, 0x02, 0xDA, 
0xC8, 0x7F, 0x64, 0x23, 0x58, 0x43, 0x10, 0x63, 0x20, 0x78, 0x03, 0x00, 0x00, 0xF0, 0xF2, 0xFF, 
0x10, 0x09, 0x11, 0x25, 0x2F, 0x43, 0x73, 0x55, 0x1B, 0x1B, 0x73, 0x73, 0x1B, 0x5F, 0x55, 0x4C, 
0x39, 0x73, 0x86, 0x4A, 0x89, 0x49, 0x3C, 0x32, 0x01, 0xA8, 0xFE, 0xF7, 0xC9, 0xFE, 0x65, 0x60, 
0x63, 0xE0, 0x86, 0x4A, 0x81, 0x4B, 0x11, 0x46, 0x34, 0x33, 0x20, 0x39, 0x01, 0xA8, 0x00, 0x94, 
0x00, 0xF0, 0x10, 0xF9, 0x59, 0xE0, 0x81, 0x4A, 0x7C, 0x4B, 0x11, 0x46, 0x34, 0x33, 0x20, 0x39, 
0x01, 0xA8, 0x00, 0x94, 0xFF, 0xF7, 0x8B, 0xFC, 0x4F, 0xE0, 0x7C, 0x4A, 0x77, 0x4B, 0x11, 0x46, 
0x34, 0x33, 0x20, 0x39, 0x01, 0xA8, 0x00, 0x94, 0xFE, 0xF7, 0xD8, 0xFE, 0x45, 0xE0, 0x77, 0x4A, 
0x72, 0x4B, 0x11, 0x46, 0x34, 0x33, 0x20, 0x39, 0x01, 0xA8, 0x00, 0x94, 0xFF, 0xF7, 0xAA, 0xFA, 
0x3B, 0xE0, 0x72, 0x4A, 0x6D, 0x4B, 0x11, 0x46, 0x34, 0x33, 0x20, 0x39, 0x01, 0xA8, 0x00, 0x94, 
0xFF, 0xF7, 0xFC, 0xF9, 0x31, 0xE0, 0x69, 0x4B, 0x6C, 0x49, 0x3C, 0x33, 0x1A, 0x46, 0x08, 0x3A, 
0x01, 0xA8, 0x00, 0xF0, 0x88, 0xF8, 0x28, 0xE0, 0x64, 0x4B, 0x68, 0x49, 0x3C, 0x33, 0x1A, 0x46, 
0x08, 0x3A, 0x01, 0xA8, 0xFF, 0xF7, 0xBB, 0xF8, 0x1F, 0xE0, 0x64, 0x4A, 0x5F, 0x4B, 0x11, 0x46, 
0x34, 0x33, 0x20, 0x39, 0x01, 0xA8, 0x00, 0x94, 0xFF, 0xF7, 0x02, 0xF8, 0x15, 0xE0, 0x60, 0x78, 
0x0C, 0x28, 0x00, 0xD0, 0x65, 0x60, 0x08, 0x7F, 0x00, 0x28, 0x06, 0xD0, 0x08, 0x7F, 0x62, 0x68, 
0x64, 0x21, 0x48, 0x43, 0x82, 0x42, 0x00, 0xD9, 0x25, 0x70, 0x68, 0x46, 0x00, 0x79, 0x00, 0x28, 
0x03, 0xD1, 0x25, 0x70, 0x01, 0xE0, 0x0C, 0x20, 0x20, 0x70, 0x50, 0x4B, 0x53, 0x49, 0x3C, 0x33, 
0x1A, 0x46, 0x08, 0x3A, 0x20, 0x39, 0x01, 0xA8, 0xFE, 0xF7, 0x0B, 0xFD, 0x4F, 0x48, 0x20, 0x22, 
0x01, 0xA9, 0x20, 0x38, 0x01, 0xF0, 0x28, 0xF8, 0x66, 0x70, 0x09, 0xB0, 0xF0, 0xBD, 0x70, 0xB5, 
0xFF, 0xF7, 0x23, 0xFF, 0x45, 0x48, 0x34, 0x30, 0xFE, 0xF7, 0x34, 0xFC, 0x46, 0x4C, 0x43, 0x49, 
0x20, 0x46, 0x60, 0x30, 0x08, 0x22, 0x34, 0x31, 0x05, 0x46, 0x01, 0xF0, 0x15, 0xF8, 0x28, 0x78, 
0xC8, 0x28, 0x01, 0xD1, 0x00, 0x20, 0x28, 0x70, 0x3C, 0x48, 0x40, 0x34, 0x34, 0x30, 0x40, 0x78, 
0x60, 0x85, 0x00, 0x28, 0x00, 0xD0, 0x3E, 0x20, 0x28, 0x72, 0x70, 0xBD, 0x70, 0xB5, 0x0D, 0x46, 
0x06, 0x46, 0x00, 0x21, 0x28, 0x46, 0x01, 0xF0, 0x23, 0xF8, 0x04, 0x46, 0x00, 0x21, 0x30, 0x46, 
0x01, 0xF0, 0x1E, 0xF8, 0x01, 0x1B, 0x36, 0x4A, 0x28, 0x46, 0x01, 0xF0, 0x1F, 0xF8, 0x2F, 0x49, 
0x00, 0x28, 0xC8, 0x62, 0x01, 0xD1, 0x01, 0x20, 0xC8, 0x62, 0x32, 0x48, 0xC2, 0x78, 0x09, 0x2A, 
0x01, 0xD1, 0xC9, 0x6A, 0x41, 0x60, 0x70, 0xBD, 0x10, 0xB5, 0x13, 0x46, 0x0C, 0x46, 0x40, 0x07, 
0x80, 0x0E, 0x00, 0x19, 0x08, 0x22, 0x19, 0x46, 0x00, 0xF0, 0xDE, 0xFF, 0x40, 0x34, 0x60, 0x78, 
0x40, 0x1C, 0x60, 0x70, 0x10, 0xBD, 0xFF, 0xB5, 0x8D, 0xB0, 0x06, 0x46, 0x04, 0x20, 0x1C, 0x46, 
0x15, 0x46, 0x00, 0x90, 0x07, 0xAB, 0x01, 0xAA, 0x30, 0x46, 0x0E, 0x99, 0xFE, 0xF7, 0x1E, 0xFD, 
0x07, 0x46, 0x04, 0x28, 0x06, 0xD0, 0x31, 0x78, 0x04, 0x29, 0x3D, 0xD2, 0xE0, 0x78, 0x04, 0x28, 
0x14, 0xD0, 0x39, 0xE0, 0x00, 0x26, 0x35, 0x46, 0xA8, 0x00, 0x07, 0xA9, 0x09, 0x58, 0x01, 0xAA, 
0x10, 0x58, 0x00, 0xF0, 0xBF, 0xFF, 0x6D, 0x1C, 0x86, 0x19, 0xED, 0xB2, 0xBD, 0x42, 0xF3, 0xD3, 
0xB0, 0x08, 0x00, 0xF0, 0xBD, 0xFF, 0x60, 0x81, 0x11, 0xB0, 0xF0, 0xBD, 0x0A, 0x48, 0x40, 0x38, 
0x42, 0x78, 0xD2, 0x06, 0x20, 0xD5, 0x42, 0x7A, 0x63, 0x68, 0x64, 0x27, 0x7A, 0x43, 0x93, 0x42, 
0x1A, 0xD2, 0x00, 0x29, 0xF0, 0xD1, 0x61, 0x89, 0x00, 0x7A, 0x81, 0x42, 0xEC, 0xD2, 0x3F, 0x20, 
0x28, 0x70, 0x00, 0x20, 0x20, 0x70, 0xE7, 0xE7, 0x34, 0x3A, 0x00, 0x20, 0xA4, 0x1B, 0x00, 0x20, 
0x8C, 0x3E, 0x00, 0x20, 0xB4, 0x39, 0x00, 0x20, 0x00, 0x10, 0x06, 0x40, 0xAC, 0x2C, 0x00, 0x20, 
0x10, 0x27, 0x00, 0x00, 0x94, 0x38, 0x00, 0x20, 0x22, 0x46, 0x30, 0x46, 0x0E, 0x99, 0xFE, 0xF7, 
0xAF, 0xFD, 0xD1, 0xE7, 0xFF, 0xB5, 0x06, 0x46, 0x81, 0xB0, 0x00, 0x78, 0x0A, 0x9D, 0x17, 0x46, 
0x01, 0x28, 0x08, 0xD0, 0x02, 0x28, 0x43, 0xD3, 0x2A, 0x46, 0x39, 0x46, 0x30, 0x46, 0xFE, 0xF7, 
0x9F, 0xFD, 0x05, 0xB0, 0xF0, 0xBD, 0x88, 0x79, 0xB1, 0x79, 0x88, 0x42, 0x38, 0xD1, 0xB8, 0x88, 
0xB1, 0x88, 0x80, 0x09, 0x89, 0x09, 0x41, 0x1A, 0x78, 0x88, 0x72, 0x88, 0x80, 0x09, 0x92, 0x09, 
0x80, 0x1A, 0x00, 0xF0, 0x67, 0xFF, 0x18, 0x4C, 0x6A, 0x68, 0x61, 0x7A, 0x64, 0x23, 0x59, 0x43, 
0x8A, 0x42, 0x04, 0xD2, 0x21, 0x7A, 0x22, 0x7A, 0x51, 0x43, 0x81, 0x42, 0xE1, 0xD8, 0x12, 0x48, 
0x20, 0x30, 0xC0, 0x7F, 0x64, 0x21, 0x48, 0x43, 0x10, 0x49, 0x09, 0x6B, 0x88, 0x42, 0x12, 0xDC, 
0x39, 0x46, 0x30, 0x46, 0xFF, 0xF7, 0x37, 0xFD, 0x00, 0x28, 0x0C, 0xD0, 0x20, 0x78, 0xC0, 0x07, 
0x09, 0xD0, 0x39, 0x46, 0x30, 0x46, 0xFF, 0xF7, 0xD0, 0xFC, 0x04, 0x99, 0x00, 0x28, 0x08, 0x70, 
0xC7, 0xD0, 0x0C, 0x20, 0x05, 0xE0, 0x20, 0x78, 0xC0, 0x06, 0xC2, 0xD5, 0x06, 0x20, 0x00, 0xE0, 
0x00, 0x20, 0x28, 0x70, 0xBD, 0xE7, 0x00, 0x00, 0xF4, 0x39, 0x00, 0x20, 0xA4, 0x1B, 0x00, 0x20, 
0x70, 0x47, 0xF0, 0xB5, 0xFE, 0x48, 0x8F, 0xB0, 0x00, 0x79, 0xC1, 0x07, 0x00, 0x29, 0xFD, 0x48, 
0xFB, 0x49, 0x07, 0xD0, 0x4A, 0x88, 0x04, 0x92, 0x09, 0x88, 0x05, 0x91, 0x41, 0x7E, 0x0D, 0x91, 
0x80, 0x7E, 0x06, 0xE0, 0x0A, 0x88, 0x04, 0x92, 0x49, 0x88, 0x05, 0x91, 0x81, 0x7E, 0x0D, 0x91, 
0x40, 0x7E, 0x0E, 0x90, 0x00, 0x26, 0xF2, 0x48, 0x37, 0x46, 0x60, 0x30, 0x0C, 0x90, 0x30, 0x20, 
0x31, 0x46, 0x41, 0x43, 0xF0, 0x48, 0x0C, 0x18, 0x06, 0x20, 0x39, 0x46, 0x41, 0x43, 0xEF, 0x48, 
0x0D, 0x18, 0x0C, 0x21, 0x79, 0x43, 0x08, 0x18, 0x20, 0x30, 0x09, 0x90, 0x20, 0x7F, 0xA4, 0x1D, 
0xAD, 0x1C, 0x00, 0x28, 0x7D, 0xD0, 0xE6, 0x48, 0x01, 0x7F, 0x00, 0x29, 0x02, 0xD1, 0xE1, 0x7D, 
0x00, 0x29, 0x76, 0xD1, 0x00, 0x7C, 0x00, 0x28, 0x05, 0xD0, 0xE5, 0x48, 0x80, 0x5D, 0xFF, 0x28, 
0x6F, 0xD0, 0x68, 0x70, 0x00, 0xE0, 0x6E, 0x70, 0x20, 0x88, 0xA1, 0x88, 0x40, 0x1A, 0x69, 0x46, 
0x08, 0x81, 0x60, 0x88, 0xE1, 0x88, 0x40, 0x1A, 0x69, 0x46, 0x88, 0x81, 0x03, 0xA9, 0x02, 0xA8, 
0x00, 0xF0, 0xF8, 0xFE, 0x69, 0x46, 0x08, 0x89, 0x04, 0x99, 0x05, 0x9A, 0x48, 0x43, 0x69, 0x46, 
0x89, 0x89, 0x51, 0x43, 0x06, 0x91, 0x0D, 0x99, 0xC9, 0x02, 0x00, 0xF0, 0x37, 0xFE, 0x68, 0x80, 
0x0E, 0x98, 0xC1, 0x02, 0x06, 0x98, 0x00, 0xF0, 0x31, 0xFE, 0xA8, 0x80, 0xCE, 0x48, 0x00, 0x79, 
0x00, 0x28, 0x28, 0xD1, 0x20, 0x7E, 0xC0, 0x06, 0x25, 0xD4, 0xE0, 0x7D, 0x00, 0x28, 0x13, 0xD1, 
0x0C, 0x98, 0x00, 0x78, 0x80, 0x07, 0x02, 0xD5, 0x60, 0x7D, 0x80, 0x06, 0x0C, 0xD4, 0x60, 0x7D, 
0x41, 0x06, 0x09, 0xD4, 0x00, 0x07, 0x03, 0xD5, 0x0C, 0x98, 0x00, 0x78, 0xC0, 0x07, 0x03, 0xD0, 
0x28, 0x78, 0x01, 0x21, 0x08, 0x43, 0x02, 0xE0, 0x28, 0x78, 0x40, 0x08, 0x40, 0x00, 0x28, 0x70, 
0x23, 0x20, 0x00, 0x5D, 0x00, 0x28, 0x0A, 0xD0, 0x60, 0x7D, 0xC0, 0x06, 0x07, 0xD4, 0x28, 0x78, 
0x02, 0x21, 0x08, 0x43, 0x06, 0xE0, 0xE0, 0x7D, 0x00, 0x28, 0xED, 0xD1, 0xE8, 0xE7, 0x28, 0x78, 
0xFD, 0x21, 0x08, 0x40, 0x28, 0x70, 0x09, 0x98, 0xA1, 0x7B, 0x81, 0x71, 0x09, 0x98, 0x21, 0x7B, 
0x01, 0x71, 0x09, 0x98, 0x61, 0x7B, 0x41, 0x71, 0x09, 0x98, 0xE1, 0x7B, 0xC1, 0x71, 0x09, 0x98, 
0x21, 0x89, 0x01, 0x80, 0x09, 0x98, 0x61, 0x89, 0x41, 0x80, 0x09, 0x98, 0x21, 0x8A, 0x41, 0x81, 
0x7F, 0x1C, 0x76, 0x1C, 0x06, 0x2E, 0x00, 0xDA, 0x69, 0xE7, 0xA8, 0x48, 0x47, 0x70, 0x0F, 0xB0, 
0xF0, 0xBD, 0x10, 0xB5, 0x01, 0x88, 0x40, 0x88, 0xCB, 0x0A, 0xC2, 0x0A, 0x00, 0x20, 0xA1, 0x49, 
0x00, 0x2B, 0x03, 0xD0, 0x8C, 0x7E, 0x64, 0x1E, 0x9C, 0x42, 0x00, 0xD1, 0x01, 0x20, 0x00, 0x2A, 
0x03, 0xD0, 0x49, 0x7E, 0x49, 0x1E, 0x91, 0x42, 0x01, 0xD1, 0x02, 0x21, 0x08, 0x43, 0x10, 0xBD, 
0xF0, 0xB5, 0x9C, 0x48, 0x9F, 0xB0, 0x01, 0x79, 0xCA, 0x02, 0x9B, 0x49, 0x52, 0x18, 0x00, 0x92, 
0x40, 0x79, 0x00, 0x27, 0xC0, 0x02, 0x40, 0x18, 0x01, 0x90, 0x91, 0x48, 0x60, 0x30, 0x15, 0x90, 
0x90, 0x48, 0x12, 0x90, 0x30, 0x20, 0x90, 0x4D, 0x78, 0x43, 0x44, 0x19, 0x20, 0x7F, 0xA4, 0x1D, 
0x00, 0x28, 0x03, 0xD0, 0xA0, 0x8C, 0x00, 0x28, 0x09, 0xD0, 0x0B, 0xE0, 0x00, 0x20, 0xA0, 0x84, 
0x20, 0x85, 0xE0, 0x84, 0x60, 0x85, 0xA0, 0x80, 0xE0, 0x80, 0x60, 0x7E, 0x1B, 0xE0, 0xE1, 0x8C, 
0x00, 0x29, 0x06, 0xD0, 0xE1, 0x7D, 0x00, 0x29, 0x19, 0xD0, 0x20, 0x80, 0xE0, 0x8C, 0x60, 0x80, 
0x3C, 0xE1, 0x20, 0x46, 0x20, 0x30, 0x81, 0x7B, 0x49, 0x08, 0x49, 0x00, 0x81, 0x73, 0x20, 0x88, 
0xA0, 0x84, 0x20, 0x85, 0x60, 0x88, 0xE0, 0x84, 0x60, 0x85, 0x79, 0x48, 0x80, 0x89, 0xA0, 0x85, 
0x60, 0x7E, 0xBF, 0x21, 0x08, 0x40, 0x40, 0x06, 0x40, 0x0E, 0x60, 0x76, 0x26, 0xE1, 0x12, 0x21, 
0x14, 0x91, 0x20, 0x21, 0x07, 0x91, 0x21, 0x88, 0x08, 0x1A, 0x0E, 0x90, 0x60, 0x88, 0xE1, 0x8C, 
0x40, 0x1A, 0x01, 0x46, 0x0F, 0x90, 0x0E, 0x98, 0x00, 0xF0, 0x0C, 0xFE, 0x00, 0xF0, 0x10, 0xFE, 
0x04, 0x90, 0x15, 0x98, 0xA1, 0x7C, 0x00, 0x7B, 0x40, 0x1C, 0x81, 0x42, 0x03, 0xD9, 0x60, 0x7E, 
0x40, 0x21, 0x08, 0x43, 0x60, 0x76, 0x60, 0x7E, 0x81, 0x07, 0x0C, 0xD4, 0x41, 0x07, 0x0A, 0xD4, 
0xC1, 0x06, 0x08, 0xD4, 0x81, 0x06, 0x06, 0xD4, 0x61, 0x7D, 0x89, 0x06, 0x08, 0xD5, 0x60, 0x49, 
0x89, 0x7E, 0x00, 0x29, 0x04, 0xD0, 0xE1, 0x20, 0xC0, 0x00, 0x08, 0x90, 0xA0, 0x85, 0x1E, 0xE0, 
0xC0, 0x07, 0x0A, 0xD0, 0x28, 0x78, 0x01, 0x28, 0x03, 0xD9, 0x59, 0x48, 0x80, 0x30, 0xC0, 0x8A, 
0x01, 0xE0, 0xE1, 0x20, 0xC0, 0x00, 0xA0, 0x85, 0x10, 0xE0, 0x55, 0x49, 0x88, 0x7B, 0x14, 0x90, 
0xC8, 0x7B, 0x07, 0x90, 0xA0, 0x8D, 0x8A, 0x89, 0x90, 0x42, 0x3D, 0xD0, 0x32, 0x38, 0x80, 0xB2, 
0xA0, 0x85, 0x8A, 0x89, 0x90, 0x42, 0xEE, 0xD8, 0x88, 0x89, 0xEC, 0xE7, 0x08, 0x90, 0x15, 0x98, 
0x22, 0x8C, 0x00, 0x79, 0x64, 0x21, 0x48, 0x43, 0x82, 0x42, 0x08, 0xD9, 0x01, 0x21, 0x04, 0x98, 
0x49, 0x02, 0x88, 0x42, 0x03, 0xDD, 0x60, 0x7E, 0x80, 0x21, 0x08, 0x43, 0x60, 0x76, 0x08, 0x99, 
0x04, 0x98, 0x88, 0x42, 0x04, 0xDC, 0x20, 0x46, 0xFF, 0xF7, 0x3B, 0xFF, 0x00, 0x28, 0x1D, 0xD0, 
0x08, 0x99, 0x04, 0x98, 0x40, 0x1A, 0x80, 0x02, 0x04, 0x99, 0x00, 0xF0, 0xB7, 0xFD, 0x16, 0x90, 
0x20, 0x46, 0x20, 0x30, 0x82, 0x7B, 0x01, 0x21, 0x0A, 0x43, 0x82, 0x73, 0x00, 0x26, 0x70, 0x00, 
0x05, 0x90, 0x21, 0x5A, 0x05, 0x19, 0xA8, 0x8C, 0x2A, 0x8D, 0x09, 0x1A, 0x80, 0x1A, 0x41, 0x43, 
0x00, 0x29, 0x05, 0xDD, 0x01, 0x20, 0x04, 0xE0, 0x88, 0x89, 0xC7, 0xE7, 0xA0, 0x8C, 0x5C, 0xE7, 
0x00, 0x20, 0x06, 0x90, 0x20, 0x46, 0xFF, 0xF7, 0x14, 0xFF, 0x01, 0x21, 0xB1, 0x40, 0x08, 0x42, 
0x28, 0xD0, 0x06, 0x98, 0x00, 0x28, 0x25, 0xD0, 0x21, 0x88, 0x62, 0x88, 0x91, 0x42, 0x01, 0xD9, 
0x10, 0x46, 0x00, 0xE0, 0x08, 0x46, 0x12, 0x9B, 0x9B, 0x7E, 0xDB, 0x02, 0x5B, 0x1A, 0x83, 0x42, 
0x03, 0xD2, 0x12, 0x98, 0x80, 0x7E, 0xC0, 0x02, 0x40, 0x1A, 0x12, 0x99, 0x49, 0x7E, 0xC9, 0x02, 
0x89, 0x1A, 0x81, 0x42, 0x03, 0xD2, 0x12, 0x98, 0x40, 0x7E, 0xC0, 0x02, 0x80, 0x1A, 0x01, 0x21, 
0x16, 0x9A, 0x89, 0x02, 0x8A, 0x1A, 0x50, 0x43, 0xC0, 0x0A, 0x0A, 0x1A, 0xB1, 0x00, 0x0E, 0xA8, 
0x40, 0x58, 0x0B, 0xE0, 0x08, 0x99, 0x04, 0x98, 0x88, 0x42, 0x03, 0xDC, 0x05, 0x98, 0xA9, 0x8C, 
0x21, 0x52, 0x5F, 0xE0, 0xB1, 0x00, 0x0E, 0xA8, 0x40, 0x58, 0x16, 0x9A, 0x50, 0x43, 0xC2, 0x17, 
0x92, 0x0D, 0x10, 0x18, 0x82, 0x12, 0x17, 0xA8, 0x42, 0x50, 0xB0, 0x00, 0x17, 0xA9, 0xAA, 0x8C, 
0x09, 0x5A, 0x51, 0x18, 0x05, 0x9A, 0x89, 0xB2, 0xA1, 0x52, 0xAB, 0x8C, 0xCA, 0x1A, 0x19, 0xA9, 
0x0A, 0x50, 0x29, 0x8D, 0x9C, 0x46, 0x59, 0x1A, 0x1B, 0xAB, 0x19, 0x50, 0x52, 0x1A, 0x1D, 0xAB, 
0x1A, 0x50, 0x07, 0x9B, 0x5A, 0x43, 0x52, 0x11, 0x89, 0x18, 0x14, 0x9A, 0x51, 0x43, 0x0D, 0xE0, 
0x54, 0x39, 0x00, 0x20, 0x54, 0x38, 0x00, 0x20, 0x8C, 0x3E, 0x00, 0x20, 0x00, 0x10, 0x06, 0x40, 
0xF6, 0x1B, 0x00, 0x20, 0x00, 0x00, 0x00, 0x40, 0xFF, 0x07, 0x00, 0x00, 0x49, 0x11, 0x61, 0x44, 
0x0A, 0xAA, 0x11, 0x50, 0x00, 0x29, 0x00, 0xDA, 0x00, 0x21, 0x13, 0x46, 0x11, 0x50, 0x6A, 0x46, 
0x12, 0x58, 0x8A, 0x42, 0x00, 0xDC, 0x11, 0x46, 0x19, 0x50, 0x62, 0x7E, 0x12, 0x07, 0x04, 0xD5, 
0xAA, 0x8C, 0x89, 0x1A, 0xAA, 0x88, 0x89, 0x18, 0xA9, 0x80, 0x19, 0x58, 0x04, 0x22, 0xAA, 0x5E, 
0x6B, 0x46, 0x1B, 0x58, 0x8A, 0x1A, 0x93, 0x42, 0x01, 0xDA, 0xC9, 0x1A, 0x01, 0xE0, 0x00, 0x2A, 
0x00, 0xDA, 0xA9, 0x80, 0x0A, 0xA9, 0x05, 0x9B, 0x0A, 0x5A, 0xE2, 0x52, 0xAA, 0x8C, 0x2A, 0x85, 
0x08, 0x5A, 0xA8, 0x84, 0x76, 0x1C, 0x02, 0x2E, 0x00, 0xDA, 0x50, 0xE7, 0x60, 0x7E, 0x81, 0x06, 
0x08, 0xD5, 0x61, 0x88, 0x8A, 0x09, 0xFE, 0x49, 0x49, 0x88, 0x8A, 0x42, 0x02, 0xD2, 0xDF, 0x21, 
0x08, 0x40, 0x60, 0x76, 0x7F, 0x1C, 0x06, 0x2F, 0x00, 0xDA, 0x93, 0xE6, 0x1F, 0xB0, 0xF0, 0xBD, 
0x10, 0xB5, 0x00, 0x23, 0x05, 0xE0, 0xCC, 0x56, 0x84, 0x42, 0x01, 0xD1, 0x01, 0x20, 0x10, 0xBD, 
0x5B, 0x1C, 0x93, 0x42, 0xF7, 0xDB, 0x00, 0x20, 0x10, 0xBD, 0xF0, 0xB5, 0xF1, 0x48, 0x40, 0x79, 
0xF1, 0x4C, 0x06, 0x07, 0x20, 0x78, 0x36, 0x0F, 0x84, 0x46, 0xB0, 0x42, 0x01, 0xD9, 0x01, 0x20, 
0xE0, 0x70, 0x00, 0x20, 0xED, 0x4D, 0x16, 0xE0, 0x29, 0x56, 0x30, 0x27, 0x79, 0x43, 0x09, 0x19, 
0x09, 0x7F, 0x00, 0x29, 0x0E, 0xD1, 0x41, 0x1C, 0x04, 0xE0, 0x6F, 0x18, 0x6B, 0x5C, 0x20, 0x3F, 
0xFB, 0x77, 0x49, 0x1C, 0x13, 0x46, 0x91, 0x42, 0xF7, 0xDB, 0xE4, 0x49, 0x5A, 0x1E, 0x09, 0x1F, 
0x4A, 0x70, 0x40, 0x1E, 0x40, 0x1C, 0xE1, 0x4B, 0x01, 0x22, 0x1B, 0x1F, 0x9A, 0x56, 0x90, 0x42, 
0xE2, 0xDB, 0x60, 0x46, 0x00, 0x28, 0x1A, 0xD0, 0x00, 0x27, 0x30, 0x20, 0x78, 0x43, 0x00, 0x19, 
0x00, 0x7F, 0x00, 0x28, 0x10, 0xD0, 0xD9, 0x48, 0x01, 0x22, 0x00, 0x1F, 0x82, 0x56, 0x01, 0x1D, 
0x38, 0x46, 0xFF, 0xF7, 0xB5, 0xFF, 0x00, 0x28, 0x06, 0xD1, 0xD4, 0x49, 0x01, 0x20, 0x09, 0x1F, 
0x08, 0x56, 0x2F, 0x54, 0x40, 0x1C, 0x48, 0x70, 0x7F, 0x1C, 0x06, 0x2F, 0xE5, 0xDB, 0xD0, 0x48, 
0x42, 0x78, 0x01, 0x2A, 0x26, 0xD1, 0x20, 0x79, 0x00, 0x28, 0x08, 0xD0, 0x60, 0x79, 0xFF, 0x28, 
0x05, 0xD0, 0x30, 0x21, 0x48, 0x43, 0x00, 0x19, 0x00, 0x7F, 0x00, 0x28, 0x1A, 0xD1, 0x20, 0x78, 
0x00, 0x28, 0x15, 0xD0, 0xC5, 0x49, 0x01, 0x20, 0x09, 0x1F, 0x08, 0x56, 0x29, 0x18, 0x20, 0x39, 
0xC9, 0x7F, 0x61, 0x71, 0x00, 0x23, 0x08, 0xE0, 0x29, 0x56, 0x30, 0x27, 0x4F, 0x43, 0x3F, 0x19, 
0x3F, 0x89, 0x9F, 0x42, 0x01, 0xD9, 0x61, 0x71, 0x04, 0xE0, 0x40, 0x1E, 0xF4, 0xD5, 0x01, 0xE0, 
0xFF, 0x20, 0x60, 0x71, 0x60, 0x79, 0xFF, 0x28, 0x0B, 0xD0, 0x01, 0x2A, 0x09, 0xD1, 0x21, 0x79, 
0x00, 0x29, 0x06, 0xD1, 0x30, 0x21, 0x48, 0x43, 0x00, 0x19, 0xC1, 0x7F, 0x20, 0x23, 0x19, 0x43, 
0xC1, 0x77, 0xB3, 0x48, 0x00, 0x21, 0x00, 0x78, 0x00, 0x28, 0x05, 0xD0, 0x20, 0x78, 0x00, 0x28, 
0x02, 0xD1, 0x20, 0x79, 0x00, 0x28, 0x00, 0xD0, 0x22, 0x71, 0xAC, 0x4A, 0x00, 0x20, 0x12, 0x1F, 
0x21, 0x70, 0x01, 0x23, 0xD3, 0x56, 0x0C, 0xE0, 0x2A, 0x56, 0xB0, 0x42, 0x03, 0xDA, 0x22, 0x78, 
0x52, 0x1C, 0x22, 0x70, 0x04, 0xE0, 0x30, 0x27, 0x7A, 0x43, 0x12, 0x19, 0x11, 0x77, 0x51, 0x77, 
0x40, 0x1C, 0x98, 0x42, 0xF0, 0xDB, 0xF0, 0xBD, 0xF8, 0xB5, 0x00, 0x25, 0x9D, 0x4C, 0x2F, 0x46, 
0x40, 0x34, 0x9F, 0x4E, 0x4B, 0xE0, 0x12, 0x20, 0x78, 0x43, 0x80, 0x19, 0x00, 0x89, 0xE1, 0x7C, 
0x89, 0x01, 0x88, 0x42, 0x03, 0xD9, 0x99, 0x49, 0x01, 0x20, 0x09, 0x1F, 0x88, 0x70, 0x99, 0x48, 
0xFF, 0x22, 0xC1, 0x19, 0x3B, 0x32, 0x52, 0x5C, 0x01, 0x2A, 0x36, 0xD1, 0xBA, 0x00, 0x10, 0x18, 
0xFF, 0x30, 0x01, 0x30, 0x00, 0x7A, 0x30, 0x22, 0x50, 0x43, 0x8F, 0x4A, 0xFF, 0x31, 0x80, 0x18, 
0x80, 0x1D, 0x41, 0x31, 0x00, 0x90, 0x48, 0x79, 0x01, 0x28, 0x00, 0x98, 0x47, 0xD0, 0x01, 0x8C, 
0x88, 0x48, 0x60, 0x30, 0x00, 0x79, 0x64, 0x22, 0x50, 0x43, 0x81, 0x42, 0x0B, 0xD3, 0x00, 0x98, 
0xE1, 0x7C, 0x40, 0x89, 0x89, 0x01, 0x88, 0x42, 0x05, 0xD8, 0x00, 0x98, 0x80, 0x21, 0x40, 0x7D, 
0x08, 0x43, 0x00, 0x99, 0x48, 0x75, 0x38, 0x46, 0x00, 0xF0, 0x16, 0xFC, 0x00, 0x28, 0x06, 0xD0, 
0x00, 0x98, 0x01, 0x8C, 0x60, 0x7F, 0x64, 0x22, 0x50, 0x43, 0x81, 0x42, 0x05, 0xD9, 0x00, 0x98, 
0x02, 0x22, 0x20, 0x30, 0x81, 0x7B, 0x11, 0x43, 0x81, 0x73, 0x7F, 0x1C, 0xFF, 0xB2, 0x30, 0x78, 
0xB8, 0x42, 0xB0, 0xD8, 0x78, 0x4B, 0x00, 0x21, 0x30, 0x20, 0x73, 0x4A, 0x48, 0x43, 0x80, 0x18, 
0x02, 0x7F, 0x80, 0x1D, 0x00, 0x2A, 0x18, 0xD0, 0xC2, 0x8B, 0x74, 0x4F, 0xBA, 0x42, 0x02, 0xD2, 
0x1F, 0x88, 0xD2, 0x19, 0xC2, 0x83, 0x02, 0x8C, 0x70, 0x4F, 0xBA, 0x42, 0x02, 0xD2, 0x1F, 0x88, 
0xD2, 0x19, 0x02, 0x84, 0x40, 0x7D, 0xC0, 0x09, 0x0E, 0xD0, 0x01, 0x25, 0x0C, 0xE0, 0x20, 0x30, 
0x81, 0x7B, 0xF9, 0x22, 0x11, 0x40, 0x81, 0x73, 0xC5, 0xE7, 0x42, 0x7D, 0x52, 0x06, 0x52, 0x0E, 
0x42, 0x75, 0x00, 0x22, 0xC2, 0x83, 0x02, 0x84, 0x49, 0x1C, 0x06, 0x29, 0xD4, 0xDB, 0x5F, 0x48, 
0x00, 0x1F, 0x82, 0x78, 0x62, 0x48, 0x01, 0x78, 0x00, 0x29, 0x0E, 0xD0, 0x01, 0x29, 0x13, 0xD0, 
0x02, 0x29, 0x10, 0xD1, 0x31, 0x78, 0x00, 0x29, 0x0D, 0xD1, 0x5E, 0x4A, 0x04, 0x21, 0x51, 0x5E, 
0xE2, 0x8A, 0x91, 0x42, 0x07, 0xDA, 0x00, 0x21, 0x04, 0xE0, 0x00, 0x2A, 0x03, 0xD0, 0x00, 0x2D, 
0x04, 0xD0, 0x01, 0x21, 0x01, 0x70, 0xF8, 0xBD, 0x00, 0x2D, 0xFC, 0xD1, 0x02, 0x21, 0xF9, 0xE7, 
0xF8, 0xB5, 0x4F, 0x4E, 0x00, 0x21, 0x34, 0x78, 0x4A, 0x4A, 0x5B, 0xE0, 0x4D, 0x48, 0xFF, 0x25, 
0x43, 0x18, 0x3B, 0x35, 0xED, 0x5C, 0x01, 0x2D, 0x53, 0xD1, 0x8D, 0x00, 0x28, 0x18, 0xFF, 0x30, 
0x01, 0x30, 0x85, 0x68, 0x30, 0x27, 0x7D, 0x43, 0x43, 0x4F, 0x12, 0x20, 0xED, 0x19, 0x48, 0x43, 
0xAD, 0x1D, 0x80, 0x19, 0xAC, 0x46, 0x85, 0x7A, 0x80, 0x1C, 0x00, 0x2D, 0x0C, 0xD0, 0x46, 0x4F, 
0x45, 0x7A, 0x3F, 0x79, 0xBD, 0x42, 0x07, 0xD0, 0xC5, 0x7A, 0x00, 0x2D, 0x04, 0xD0, 0x42, 0x4F, 
0x85, 0x7A, 0x7F, 0x79, 0xBD, 0x42, 0x01, 0xD1, 0x01, 0x25, 0x00, 0xE0, 0x00, 0x25, 0xAE, 0x46, 
0xC7, 0x88, 0x55, 0x8C, 0xAF, 0x42, 0x07, 0xD9, 0x65, 0x46, 0x20, 0x35, 0x00, 0x95, 0xAF, 0x7B, 
0x04, 0x25, 0x2F, 0x43, 0x00, 0x9D, 0xAF, 0x73, 0xFF, 0x33, 0x41, 0x33, 0x5B, 0x79, 0x00, 0x2B, 
0x1F, 0xD1, 0x63, 0x46, 0x5B, 0x89, 0x55, 0x7F, 0x6B, 0x43, 0xC5, 0x88, 0x2D, 0x02, 0xAB, 0x42, 
0x17, 0xD9, 0x63, 0x46, 0x20, 0x33, 0x9B, 0x7B, 0x5B, 0x07, 0x12, 0xD5, 0x73, 0x46, 0x00, 0x2B, 
0x02, 0xD0, 0x93, 0x7F, 0x00, 0x2B, 0x0C, 0xD1, 0x00, 0x7C, 0x40, 0x07, 0x09, 0xD1, 0x60, 0x46, 
0x00, 0x7D, 0x00, 0x28, 0x05, 0xD1, 0x60, 0x46, 0x40, 0x7E, 0x02, 0x23, 0x18, 0x43, 0x63, 0x46, 
0x58, 0x76, 0x49, 0x1C, 0xA1, 0x42, 0xA1, 0xDB, 0x50, 0x7F, 0x1C, 0x49, 0x09, 0x1F, 0xC8, 0x70, 
0x00, 0x20, 0x50, 0x77, 0xF8, 0xBD, 0x10, 0xB5, 0x00, 0xF0, 0x4C, 0xFB, 0x00, 0x20, 0x00, 0xF0, 
0x4F, 0xFB, 0x16, 0x4C, 0x00, 0x20, 0x24, 0x1F, 0xA0, 0x70, 0x00, 0xF0, 0x4F, 0xFB, 0x00, 0xF0, 
0x53, 0xFB, 0x00, 0xF0, 0x57, 0xFB, 0xFF, 0x21, 0x09, 0x31, 0x12, 0x48, 0x00, 0xF0, 0x1C, 0xFB, 
0xFF, 0xF7, 0x7E, 0xFF, 0x00, 0xF0, 0x54, 0xFB, 0xE0, 0x78, 0x0A, 0x4C, 0x60, 0x77, 0x00, 0xF0, 
0x93, 0xF8, 0xFF, 0xF7, 0xD1, 0xFE, 0xFF, 0xF7, 0x28, 0xFE, 0xFF, 0xF7, 0x99, 0xFC, 0x20, 0x7C, 
0x00, 0x28, 0x01, 0xD0, 0x00, 0xF0, 0x60, 0xF8, 0xFF, 0xF7, 0xC3, 0xFB, 0x0B, 0x48, 0x17, 0xE0, 
0x34, 0x3A, 0x00, 0x20, 0x54, 0x39, 0x00, 0x20, 0x8C, 0x3E, 0x00, 0x20, 0xF0, 0x1B, 0x00, 0x20, 
0x70, 0x3C, 0x00, 0x20, 0x38, 0x3D, 0x00, 0x20, 0xD0, 0x1B, 0x00, 0x20, 0x60, 0xEA, 0x00, 0x00, 
0x92, 0x1B, 0x00, 0x20, 0x00, 0x00, 0x03, 0x40, 0x00, 0x00, 0x00, 0x40, 0x94, 0x38, 0x00, 0x20, 
0xC0, 0x78, 0x0C, 0x28, 0x12, 0xD1, 0x4D, 0x4B, 0x00, 0x20, 0x06, 0x21, 0x41, 0x43, 0xC9, 0x18, 
0x8C, 0x78, 0x0C, 0x22, 0x42, 0x43, 0xA4, 0x07, 0xD2, 0x18, 0xE4, 0x0F, 0x14, 0x84, 0x89, 0x78, 
0x40, 0x1C, 0xC9, 0x07, 0xC9, 0x0F, 0x51, 0x84, 0x06, 0x28, 0xEE, 0xDB, 0x10, 0xBD, 0xF8, 0xB5, 
0x03, 0x46, 0x43, 0x4A, 0x30, 0x20, 0x58, 0x43, 0x80, 0x18, 0xC4, 0x8C, 0x41, 0x48, 0x00, 0x21, 
0x15, 0x78, 0x1B, 0xE0, 0x30, 0x26, 0x4E, 0x43, 0xB6, 0x18, 0x37, 0x7F, 0x00, 0x2F, 0x14, 0xD0, 
0x99, 0x42, 0x12, 0xD0, 0xF7, 0x7E, 0xBC, 0x46, 0x7F, 0x07, 0x02, 0xD4, 0x67, 0x46, 0x3F, 0x07, 
0x0B, 0xD5, 0xF7, 0x8C, 0x3E, 0x1B, 0xB4, 0x46, 0x00, 0x2E, 0x00, 0xD5, 0xE6, 0x1B, 0x86, 0x42, 
0x03, 0xDA, 0x60, 0x46, 0x00, 0x28, 0x00, 0xD5, 0xE0, 0x1B, 0x49, 0x1C, 0x8D, 0x42, 0xE1, 0xDC, 
0x64, 0x21, 0x00, 0xF0, 0xA3, 0xFA, 0xF8, 0xBD, 0x70, 0xB5, 0x2D, 0x4D, 0x2E, 0x4C, 0x00, 0x20, 
0x30, 0x21, 0x41, 0x43, 0x49, 0x19, 0x09, 0x7F, 0x00, 0x29, 0x03, 0xD0, 0x21, 0x5C, 0xFF, 0x29, 
0x02, 0xD0, 0x13, 0xE0, 0xFF, 0x21, 0x15, 0xE0, 0x00, 0x21, 0x28, 0x4E, 0x09, 0xE0, 0x00, 0x22, 
0xA3, 0x5C, 0x8B, 0x42, 0x02, 0xD0, 0x52, 0x1C, 0x06, 0x2A, 0xF9, 0xDB, 0x06, 0x2A, 0x09, 0xD0, 
0x49, 0x1C, 0x72, 0x79, 0x12, 0x07, 0x12, 0x0F, 0x8A, 0x42, 0xF0, 0xDC, 0x40, 0x1C, 0x06, 0x28, 
0xDE, 0xDB, 0x70, 0xBD, 0x21, 0x54, 0xF9, 0xE7, 0xF0, 0xB5, 0x1C, 0x4B, 0x80, 0x33, 0x58, 0x7C, 
0x00, 0x28, 0x26, 0xD0, 0x1A, 0x49, 0x16, 0x4D, 0x09, 0x78, 0x28, 0x78, 0x49, 0x42, 0x19, 0x4A, 
0x08, 0x42, 0x0C, 0xD0, 0x18, 0x7A, 0x00, 0x28, 0x09, 0xD0, 0x00, 0x26, 0x11, 0x78, 0x30, 0x46, 
0x30, 0x24, 0x44, 0x43, 0x64, 0x19, 0x24, 0x7F, 0x01, 0x2C, 0x05, 0xD0, 0x08, 0xE0, 0x00, 0x20, 
0x10, 0x70, 0x11, 0x48, 0x01, 0x78, 0x0A, 0xE0, 0x5C, 0x7C, 0x8C, 0x42, 0x00, 0xD9, 0x01, 0x26, 
0x40, 0x1C, 0xC0, 0xB2, 0x06, 0x28, 0xEB, 0xD3, 0x01, 0x2E, 0x03, 0xD0, 0x19, 0x7A, 0x07, 0x48, 
0x81, 0x72, 0xF0, 0xBD, 0x49, 0x1C, 0x11, 0x70, 0xF0, 0xBD, 0x00, 0x00, 0x00, 0x10, 0x06, 0x40, 
0x8C, 0x3E, 0x00, 0x20, 0x10, 0x27, 0x00, 0x00, 0xF6, 0x1B, 0x00, 0x20, 0x54, 0x39, 0x00, 0x20, 
0x46, 0x1B, 0x00, 0x20, 0xEC, 0x1B, 0x00, 0x20, 0x52, 0x1B, 0x00, 0x20, 0x10, 0xB5, 0x05, 0x49, 
0x03, 0x48, 0x08, 0x60, 0xFF, 0x20, 0x01, 0x30, 0x00, 0xF0, 0x78, 0xFA, 0x10, 0xBD, 0x00, 0x00, 
0x5C, 0x2D, 0x00, 0x20, 0xD0, 0x3B, 0x00, 0x20, 0x10, 0xB5, 0x08, 0x49, 0x06, 0x48, 0x08, 0x60, 
0x00, 0x23, 0x1A, 0x46, 0x80, 0x21, 0x14, 0x30, 0x00, 0xF0, 0x6E, 0xFA, 0x04, 0x49, 0x05, 0x48, 
0x00, 0xF0, 0x70, 0xFA, 0x10, 0xBD, 0x00, 0x00, 0x88, 0x2D, 0x00, 0x20, 0xF4, 0x3B, 0x00, 0x20, 
0x19, 0x3B, 0x00, 0x00, 0x71, 0x3B, 0x00, 0x00, 0x10, 0xB5, 0x2E, 0x4C, 0x20, 0x68, 0x00, 0xF0, 
0x67, 0xFA, 0x00, 0x28, 0x03, 0xD0, 0x20, 0x68, 0x10, 0x30, 0x00, 0xF0, 0x67, 0xFA, 0x10, 0xBD, 
0x06, 0x28, 0x08, 0xD9, 0x28, 0x4A, 0x03, 0x46, 0x11, 0x54, 0x20, 0x3B, 0x01, 0x21, 0x27, 0x4A, 
0x0F, 0x2B, 0x01, 0xD8, 0x51, 0x70, 0x70, 0x47, 0x03, 0x46, 0x30, 0x3B, 0x47, 0x2B, 0x0D, 0xD3, 
0x08, 0x28, 0x0F, 0xD0, 0x0C, 0x28, 0x0B, 0xD0, 0x14, 0x28, 0x07, 0xD0, 0x82, 0x28, 0xF2, 0xD1, 
0x1D, 0x48, 0x80, 0x30, 0x82, 0x78, 0x0A, 0x43, 0x82, 0x70, 0x70, 0x47, 0x11, 0x70, 0x70, 0x47, 
0x91, 0x70, 0x70, 0x47, 0x1A, 0x48, 0x41, 0x79, 0x49, 0x08, 0x49, 0x00, 0x41, 0x71, 0x70, 0x47, 
0x10, 0xB5, 0x18, 0x4A, 0x02, 0x23, 0x11, 0x54, 0x17, 0x49, 0x0A, 0x68, 0x11, 0x46, 0x80, 0x31, 
0x10, 0x28, 0x1A, 0xD3, 0x04, 0x46, 0x3B, 0x3C, 0x04, 0x2C, 0x16, 0xD9, 0x90, 0x28, 0x02, 0xD0, 
0x91, 0x28, 0x15, 0xD1, 0x11, 0xE0, 0x0F, 0x48, 0x80, 0x30, 0x04, 0x7C, 0xE4, 0x07, 0x05, 0xD0, 
0x04, 0x7C, 0x64, 0x08, 0x64, 0x00, 0x04, 0x74, 0x01, 0x24, 0x54, 0x70, 0x02, 0x7C, 0xD2, 0x06, 
0x06, 0xD5, 0x02, 0x7C, 0xEF, 0x24, 0x22, 0x40, 0x02, 0x74, 0x08, 0x7B, 0x18, 0x43, 0x08, 0x73, 
0x10, 0xBD, 0x00, 0x00, 0xFC, 0x3B, 0x00, 0x20, 0x14, 0x38, 0x00, 0x20, 0xEC, 0x3B, 0x00, 0x20, 
0x00, 0x3C, 0x00, 0x20, 0xB4, 0x38, 0x00, 0x20, 0x4C, 0x3B, 0x00, 0x20, 0xF0, 0xB5, 0x1F, 0xB4, 
0x06, 0x46, 0x00, 0x20, 0x82, 0xB0, 0x05, 0x46, 0x40, 0x24, 0x01, 0x91, 0x00, 0x90, 0x1B, 0xE0, 
0x01, 0x99, 0x22, 0x46, 0x0F, 0x46, 0x30, 0x46, 0x00, 0xF0, 0x42, 0xF8, 0x04, 0x9A, 0x05, 0x9B, 
0x80, 0x1A, 0x99, 0x41, 0x10, 0xD3, 0x10, 0x46, 0x19, 0x46, 0x22, 0x46, 0x00, 0xF0, 0x28, 0xF8, 
0x36, 0x1A, 0x8F, 0x41, 0x01, 0x97, 0x22, 0x46, 0x01, 0x20, 0x00, 0x21, 0x00, 0x9F, 0x00, 0xF0, 
0x1F, 0xF8, 0x38, 0x18, 0x4D, 0x41, 0x00, 0x90, 0x20, 0x46, 0x64, 0x1E, 0x00, 0x28, 0xDF, 0xDC, 
0x01, 0x9B, 0x00, 0x98, 0x29, 0x46, 0x32, 0x46, 0x07, 0xB0, 0xF0, 0xBD, 0x06, 0x4C, 0x01, 0x25, 
0x06, 0x4E, 0x05, 0xE0, 0xE3, 0x68, 0x07, 0xCC, 0x2B, 0x43, 0x0C, 0x3C, 0x98, 0x47, 0x10, 0x34, 
0xB4, 0x42, 0xF7, 0xD3, 0xFB, 0xF7, 0x70, 0xFD, 0x8C, 0x4D, 0x01, 0x60, 0xBC, 0x4D, 0x01, 0x60, 
0x10, 0xB5, 0x20, 0x2A, 0x04, 0xDB, 0x01, 0x46, 0x20, 0x3A, 0x91, 0x40, 0x00, 0x20, 0x10, 0xBD, 
0x91, 0x40, 0x20, 0x23, 0x9C, 0x1A, 0x03, 0x46, 0xE3, 0x40, 0x19, 0x43, 0x90, 0x40, 0x10, 0xBD, 
0x10, 0xB5, 0x20, 0x2A, 0x04, 0xDB, 0x08, 0x46, 0x20, 0x3A, 0xD0, 0x40, 0x00, 0x21, 0x10, 0xBD, 
0x0B, 0x46, 0xD3, 0x40, 0xD0, 0x40, 0x20, 0x24, 0xA2, 0x1A, 0x91, 0x40, 0x08, 0x43, 0x19, 0x46, 
0x10, 0xBD, 0x00, 0x00, 0x03, 0xB4, 0x01, 0x48, 0x01, 0x90, 0x01, 0xBD, 0x93, 0x41, 0x00, 0x00, 
0x03, 0xB4, 0x01, 0x48, 0x01, 0x90, 0x01, 0xBD, 0xB5, 0x3F, 0x00, 0x00, 0x03, 0xB4, 0x01, 0x48, 
0x01, 0x90, 0x01, 0xBD, 0x91, 0x39, 0x00, 0x00, 0x03, 0xB4, 0x01, 0x48, 0x01, 0x90, 0x01, 0xBD, 
0xCF, 0x39, 0x00, 0x00, 0x03, 0xB4, 0x01, 0x48, 0x01, 0x90, 0x01, 0xBD, 0x5F, 0x37, 0x00, 0x00, 
0x03, 0xB4, 0x01, 0x48, 0x01, 0x90, 0x01, 0xBD, 0xF3, 0x20, 0x00, 0x00, 0x03, 0xB4, 0x01, 0x48, 
0x01, 0x90, 0x01, 0xBD, 0x6B, 0x12, 0x00, 0x00, 0x03, 0xB4, 0x01, 0x48, 0x01, 0x90, 0x01, 0xBD, 
0xE5, 0x14, 0x00, 0x00, 0x03, 0xB4, 0x01, 0x48, 0x01, 0x90, 0x01, 0xBD, 0xED, 0x3B, 0x00, 0x00, 
0x03, 0xB4, 0x01, 0x48, 0x01, 0x90, 0x01, 0xBD, 0x6B, 0x13, 0x00, 0x00, 0x03, 0xB4, 0x01, 0x48, 
0x01, 0x90, 0x01, 0xBD, 0xD1, 0x3D, 0x00, 0x00, 0x03, 0xB4, 0x01, 0x48, 0x01, 0x90, 0x01, 0xBD, 
0xB3, 0x0A, 0x00, 0x00, 0x03, 0xB4, 0x01, 0x48, 0x01, 0x90, 0x01, 0xBD, 0x8F, 0x01, 0x00, 0x00, 
0x03, 0xB4, 0x01, 0x48, 0x01, 0x90, 0x01, 0xBD, 0x39, 0x32, 0x00, 0x00, 0x03, 0xB4, 0x01, 0x48, 
0x01, 0x90, 0x01, 0xBD, 0x63, 0x07, 0x00, 0x20, 0x03, 0xB4, 0x01, 0x48, 0x01, 0x90, 0x01, 0xBD, 
0xA7, 0x01, 0x00, 0x00, 0x03, 0xB4, 0x01, 0x48, 0x01, 0x90, 0x01, 0xBD, 0x8F, 0x05, 0x00, 0x20, 
0x03, 0xB4, 0x01, 0x48, 0x01, 0x90, 0x01, 0xBD, 0xE5, 0x20, 0x00, 0x00, 0x03, 0xB4, 0x01, 0x48, 
0x01, 0x90, 0x01, 0xBD, 0x1D, 0x03, 0x00, 0x00, 0x03, 0xB4, 0x01, 0x48, 0x01, 0x90, 0x01, 0xBD, 
0x2D, 0x03, 0x00, 0x00, 0x03, 0xB4, 0x01, 0x48, 0x01, 0x90, 0x01, 0xBD, 0x0B, 0x56, 0x00, 0x00, 
0x03, 0xB4, 0x01, 0x48, 0x01, 0x90, 0x01, 0xBD, 0x2F, 0x13, 0x00, 0x00, 0x03, 0xB4, 0x01, 0x48, 
0x01, 0x90, 0x01, 0xBD, 0x21, 0x05, 0x00, 0x20, 0x03, 0xB4, 0x01, 0x48, 0x01, 0x90, 0x01, 0xBD, 
0x47, 0x13, 0x00, 0x00, 0x03, 0xB4, 0x01, 0x48, 0x01, 0x90, 0x01, 0xBD, 0xF5, 0x04, 0x00, 0x20, 
0x03, 0xB4, 0x01, 0x48, 0x01, 0x90, 0x01, 0xBD, 0x5F, 0x05, 0x00, 0x20, 0x03, 0xB4, 0x01, 0x48, 
0x01, 0x90, 0x01, 0xBD, 0xF5, 0x54, 0x00, 0x00, 0x03, 0xB4, 0x01, 0x48, 0x01, 0x90, 0x01, 0xBD, 
0x6D, 0x21, 0x00, 0x00, 0x03, 0xB4, 0x01, 0x48, 0x01, 0x90, 0x01, 0xBD, 0x51, 0x37, 0x00, 0x00, 
0x03, 0xB4, 0x01, 0x48, 0x01, 0x90, 0x01, 0xBD, 0x21, 0x05, 0x00, 0x00, 0x03, 0xB4, 0x01, 0x48, 
0x01, 0x90, 0x01, 0xBD, 0x39, 0x08, 0x00, 0x00, 0x03, 0xB4, 0x01, 0x48, 0x01, 0x90, 0x01, 0xBD, 
0x4D, 0x05, 0x00, 0x00, 0x03, 0xB4, 0x01, 0x48, 0x01, 0x90, 0x01, 0xBD, 0x41, 0x3A, 0x00, 0x00, 
0x03, 0xB4, 0x01, 0x48, 0x01, 0x90, 0x01, 0xBD, 0xA5, 0x3D, 0x00, 0x00, 0x03, 0xB4, 0x01, 0x48, 
0x01, 0x90, 0x01, 0xBD, 0xA9, 0x21, 0x00, 0x00, 0x03, 0xB4, 0x01, 0x48, 0x01, 0x90, 0x01, 0xBD, 
0xCB, 0x09, 0x00, 0x00, 0x03, 0xB4, 0x01, 0x48, 0x01, 0x90, 0x01, 0xBD, 0xFD, 0x2D, 0x00, 0x00, 
0x03, 0xB4, 0x01, 0x48, 0x01, 0x90, 0x01, 0xBD, 0x5B, 0x33, 0x00, 0x00, 0x03, 0xB4, 0x01, 0x48, 
0x01, 0x90, 0x01, 0xBD, 0x63, 0x06, 0x00, 0x00, 0x03, 0xB4, 0x01, 0x48, 0x01, 0x90, 0x01, 0xBD, 
0xBB, 0x21, 0x00, 0x00, 0x03, 0xB4, 0x01, 0x48, 0x01, 0x90, 0x01, 0xBD, 0x5B, 0x21, 0x00, 0x00, 
0x03, 0xB4, 0x01, 0x48, 0x01, 0x90, 0x01, 0xBD, 0x1D, 0x13, 0x00, 0x00, 0x03, 0xB4, 0x01, 0x48, 
0x01, 0x90, 0x01, 0xBD, 0xFF, 0x14, 0x00, 0x00, 0x03, 0xB4, 0x01, 0x48, 0x01, 0x90, 0x01, 0xBD, 
0x69, 0x2C, 0x00, 0x00, 0x03, 0xB4, 0x01, 0x48, 0x01, 0x90, 0x01, 0xBD, 0x95, 0x05, 0x00, 0x00, 
0x03, 0xB4, 0x01, 0x48, 0x01, 0x90, 0x01, 0xBD, 0x11, 0x15, 0x00, 0x00, 0x03, 0xB4, 0x01, 0x48, 
0x01, 0x90, 0x01, 0xBD, 0xA5, 0x08, 0x00, 0x00, 0x03, 0xB4, 0x01, 0x48, 0x01, 0x90, 0x01, 0xBD, 
0x7B, 0x06, 0x00, 0x00, 0x03, 0xB4, 0x01, 0x48, 0x01, 0x90, 0x01, 0xBD, 0x41, 0x0B, 0x00, 0x00, 
0x03, 0xB4, 0x01, 0x48, 0x01, 0x90, 0x01, 0xBD, 0x7B, 0x55, 0x00, 0x00, 0x03, 0xB4, 0x01, 0x48, 
0x01, 0x90, 0x01, 0xBD, 0xF9, 0x08, 0x00, 0x00, 0x03, 0xB4, 0x01, 0x48, 0x01, 0x90, 0x01, 0xBD, 
0x49, 0x55, 0x00, 0x00, 0x03, 0xB4, 0x01, 0x48, 0x01, 0x90, 0x01, 0xBD, 0xBB, 0x08, 0x00, 0x00, 
0x03, 0xB4, 0x01, 0x48, 0x01, 0x90, 0x01, 0xBD, 0xC3, 0x08, 0x00, 0x00, 0x03, 0xB4, 0x01, 0x48, 
0x01, 0x90, 0x01, 0xBD, 0x21, 0x55, 0x00, 0x00, 0x03, 0xB4, 0x01, 0x48, 0x01, 0x90, 0x01, 0xBD, 
0x7B, 0x55, 0x00, 0x00, 0x03, 0xB4, 0x01, 0x48, 0x01, 0x90, 0x01, 0xBD, 0x51, 0x1F, 0x00, 0x00, 
0x03, 0xB4, 0x01, 0x48, 0x01, 0x90, 0x01, 0xBD, 0x79, 0x3A, 0x00, 0x00, 0x03, 0xB4, 0x01, 0x48, 
0x01, 0x90, 0x01, 0xBD, 0x4B, 0x3A, 0x00, 0x00, 0x03, 0xB4, 0x01, 0x48, 0x01, 0x90, 0x01, 0xBD, 
0x65, 0x13, 0x00, 0x20, 0x03, 0xB4, 0x01, 0x48, 0x01, 0x90, 0x01, 0xBD, 0xCF, 0x1E, 0x00, 0x00, 
0x03, 0xB4, 0x01, 0x48, 0x01, 0x90, 0x01, 0xBD, 0xF7, 0x03, 0x00, 0x20, 0x03, 0xB4, 0x01, 0x48, 
0x01, 0x90, 0x01, 0xBD, 0x6B, 0x1C, 0x00, 0x00, 0x03, 0xB4, 0x01, 0x48, 0x01, 0x90, 0x01, 0xBD, 
0xB9, 0x1B, 0x00, 0x00, 0x03, 0xB4, 0x01, 0x48, 0x01, 0x90, 0x01, 0xBD, 0xA3, 0x1A, 0x00, 0x00, 
0x03, 0xB4, 0x01, 0x48, 0x01, 0x90, 0x01, 0xBD, 0x0B, 0x16, 0x00, 0x00, 0x03, 0xB4, 0x01, 0x48, 
0x01, 0x90, 0x01, 0xBD, 0x9F, 0x34, 0x00, 0x00, 0x03, 0xB4, 0x01, 0x48, 0x01, 0x90, 0x01, 0xBD, 
0xC1, 0x3A, 0x00, 0x00, 0x03, 0xB4, 0x01, 0x48, 0x01, 0x90, 0x01, 0xBD, 0xB5, 0x33, 0x00, 0x00, 
0x03, 0xB4, 0x01, 0x48, 0x01, 0x90, 0x01, 0xBD, 0x59, 0x3E, 0x00, 0x00, 0x03, 0xB4, 0x01, 0x48, 
0x01, 0x90, 0x01, 0xBD, 0xF5, 0x3D, 0x00, 0x00, 0x0F, 0xB4, 0x10, 0xB5, 0x03, 0xA9, 0x04, 0x4B, 
0x04, 0x4A, 0x02, 0x98, 0x00, 0xF0, 0x18, 0xF8, 0x10, 0xBC, 0x08, 0xBC, 0x04, 0xB0, 0x18, 0x47, 
0xBB, 0x33, 0x00, 0x00, 0x60, 0x3C, 0x00, 0x20, 0x02, 0xE0, 0x08, 0xC8, 0x12, 0x1F, 0x08, 0xC1, 
0x00, 0x2A, 0xFA, 0xD1, 0x70, 0x47, 0x70, 0x47, 0x00, 0x20, 0x01, 0xE0, 0x01, 0xC1, 0x12, 0x1F, 
0x00, 0x2A, 0xFB, 0xD1, 0x70, 0x47, 0x00, 0x00, 0xFF, 0xB5, 0x91, 0xB0, 0x0F, 0x46, 0x05, 0x46, 
0x00, 0x26, 0x06, 0xE0, 0x25, 0x28, 0x0A, 0xD0, 0x14, 0x9A, 0x13, 0x99, 0x90, 0x47, 0x6D, 0x1C, 
0x76, 0x1C, 0x28, 0x78, 0x00, 0x28, 0xF5, 0xD1, 0x30, 0x46, 0x15, 0xB0, 0xF0, 0xBD, 0x00, 0x24, 
0x00, 0x94, 0x01, 0x21, 0xF3, 0x4A, 0x02, 0x94, 0x00, 0xE0, 0x04, 0x43, 0x6D, 0x1C, 0x2B, 0x78, 
0x08, 0x46, 0x20, 0x3B, 0x98, 0x40, 0x10, 0x42, 0xF7, 0xD1, 0x28, 0x78, 0x2A, 0x28, 0x0E, 0xD0, 
0x02, 0x21, 0x28, 0x78, 0x02, 0x46, 0x30, 0x3A, 0x09, 0x2A, 0x15, 0xD8, 0x00, 0x9A, 0x0A, 0x23, 
0x5A, 0x43, 0x30, 0x3A, 0x80, 0x18, 0x0C, 0x43, 0x6D, 0x1C, 0x00, 0x90, 0xF1, 0xE7, 0x01, 0xCF, 
0x00, 0x90, 0x00, 0x28, 0x05, 0xDA, 0x01, 0x20, 0x40, 0x03, 0x04, 0x43, 0x00, 0x98, 0x40, 0x42, 
0x00, 0x90, 0x02, 0x20, 0x04, 0x43, 0x6D, 0x1C, 0x28, 0x78, 0x2E, 0x28, 0x15, 0xD1, 0x04, 0x20, 
0x04, 0x43, 0x68, 0x78, 0x6D, 0x1C, 0x2A, 0x28, 0x0A, 0xD1, 0x01, 0xCF, 0x6D, 0x1C, 0x02, 0x90, 
0x0B, 0xE0, 0x02, 0x99, 0x0A, 0x22, 0x51, 0x43, 0x30, 0x39, 0x40, 0x18, 0x6D, 0x1C, 0x02, 0x90, 
0x28, 0x78, 0x01, 0x46, 0x30, 0x39, 0x09, 0x29, 0xF3, 0xD9, 0x28, 0x78, 0x6C, 0x28, 0x10, 0xD0, 
0x06, 0xDC, 0x4C, 0x28, 0x1A, 0xD0, 0x68, 0x28, 0x0E, 0xD0, 0x6A, 0x28, 0x17, 0xD1, 0x04, 0xE0, 
0x74, 0x28, 0x13, 0xD0, 0x7A, 0x28, 0x12, 0xD1, 0x10, 0xE0, 0x01, 0x20, 0x40, 0x05, 0x04, 0x43, 
0x0C, 0xE0, 0x01, 0x21, 0x09, 0x05, 0x01, 0xE0, 0x03, 0x21, 0x09, 0x05, 0x0C, 0x43, 0x69, 0x78, 
0x81, 0x42, 0x03, 0xD1, 0x01, 0x20, 0x00, 0x05, 0x24, 0x18, 0x6D, 0x1C, 0x6D, 0x1C, 0x28, 0x78, 
0x03, 0x90, 0x6E, 0x28, 0x1E, 0xD0, 0x0C, 0xDC, 0x63, 0x28, 0x31, 0xD0, 0x04, 0xDC, 0x00, 0x28, 
0x8A, 0xD0, 0x58, 0x28, 0x11, 0xD1, 0xB2, 0xE0, 0x64, 0x28, 0x7B, 0xD0, 0x69, 0x28, 0x0C, 0xD1, 
0x78, 0xE0, 0x73, 0x28, 0x2D, 0xD0, 0x04, 0xDC, 0x6F, 0x28, 0x70, 0xD0, 0x70, 0x28, 0x04, 0xD1, 
0xA7, 0xE0, 0x75, 0x28, 0x6C, 0xD0, 0x78, 0x28, 0x6B, 0xD0, 0x14, 0x9A, 0x13, 0x99, 0x90, 0x47, 
0x76, 0x1C, 0x62, 0xE0, 0x60, 0x02, 0x40, 0x0F, 0x02, 0x28, 0x07, 0xD0, 0x03, 0x28, 0x0A, 0xD0, 
0x04, 0x28, 0x38, 0x68, 0x0A, 0xD0, 0x06, 0x60, 0x3F, 0x1D, 0x56, 0xE0, 0x38, 0x68, 0xF1, 0x17, 
0x06, 0x60, 0x41, 0x60, 0xF8, 0xE7, 0x38, 0x68, 0x06, 0x80, 0xF5, 0xE7, 0x06, 0x70, 0xF3, 0xE7, 
0x38, 0x78, 0x69, 0x46, 0x08, 0x74, 0x00, 0x20, 0x48, 0x74, 0x04, 0xA8, 0x03, 0x90, 0x01, 0x20, 
0x03, 0xE0, 0x38, 0x68, 0x03, 0x90, 0x00, 0x20, 0xC0, 0x43, 0x3F, 0x1D, 0x61, 0x07, 0x0F, 0xD5, 
0x00, 0x21, 0x01, 0xE0, 0x01, 0x99, 0x49, 0x1C, 0x02, 0x9A, 0x01, 0x91, 0x91, 0x42, 0x13, 0xDA, 
0x81, 0x42, 0xF7, 0xDB, 0x01, 0x9A, 0x03, 0x99, 0x89, 0x5C, 0x00, 0x29, 0xF2, 0xD1, 0x0B, 0xE0, 
0x00, 0x21, 0x01, 0xE0, 0x01, 0x99, 0x49, 0x1C, 0x01, 0x91, 0x81, 0x42, 0xFA, 0xDB, 0x01, 0x9A, 
0x03, 0x99, 0x89, 0x5C, 0x00, 0x29, 0xF5, 0xD1, 0x01, 0x99, 0x00, 0x98, 0x13, 0x9A, 0x40, 0x1A, 
0x00, 0x90, 0x21, 0x46, 0x14, 0x9B, 0x00, 0xF0, 0x3B, 0xF9, 0x01, 0x99, 0x80, 0x19, 0x46, 0x18, 
0x07, 0xE0, 0x03, 0x98, 0x03, 0x99, 0x00, 0x78, 0x49, 0x1C, 0x03, 0x91, 0x14, 0x9A, 0x13, 0x99, 
0x90, 0x47, 0x01, 0x98, 0x40, 0x1E, 0x01, 0x90, 0x40, 0x1C, 0xF2, 0xD1, 0x21, 0x46, 0x14, 0x9B, 
0x13, 0x9A, 0x00, 0x98, 0x00, 0xF0, 0x14, 0xF9, 0x86, 0x19, 0x6D, 0x1C, 0x09, 0xE7, 0x41, 0xE0, 
0x33, 0xE0, 0x34, 0xE0, 0x0A, 0x20, 0x00, 0x21, 0x04, 0x90, 0x05, 0x91, 0x60, 0x02, 0x41, 0x0F, 
0x02, 0x29, 0x05, 0xD0, 0x01, 0xCF, 0xC2, 0x17, 0x94, 0x46, 0x03, 0x29, 0x05, 0xD0, 0x07, 0xE0, 
0xFF, 0x1D, 0xFF, 0x08, 0xFF, 0x00, 0x03, 0xCF, 0x06, 0xE0, 0x00, 0xB2, 0xC2, 0x17, 0x94, 0x46, 
0x04, 0x29, 0x02, 0xD1, 0x40, 0xB2, 0xC1, 0x17, 0x8C, 0x46, 0x00, 0x22, 0x61, 0x46, 0x94, 0x45, 
0x06, 0xDA, 0x0A, 0x46, 0x00, 0x21, 0x40, 0x42, 0x91, 0x41, 0x8C, 0x46, 0x2D, 0x21, 0x02, 0xE0, 
0x21, 0x05, 0x04, 0xD5, 0x2B, 0x21, 0x6A, 0x46, 0x11, 0x76, 0x01, 0x21, 0x03, 0xE0, 0xE1, 0x07, 
0x01, 0xD0, 0x20, 0x21, 0xF7, 0xE7, 0x01, 0x91, 0x54, 0xE0, 0x0A, 0x20, 0x0B, 0xE0, 0x10, 0x20, 
0x09, 0xE0, 0x10, 0x20, 0x04, 0x90, 0x00, 0x21, 0x04, 0x20, 0x04, 0x43, 0x08, 0x20, 0x05, 0x91, 
0x02, 0x90, 0x03, 0xE0, 0x08, 0x20, 0x00, 0x21, 0x05, 0x91, 0x04, 0x90, 0x60, 0x02, 0x41, 0x0F, 
0x02, 0x29, 0x05, 0xD0, 0x01, 0xCF, 0x00, 0x22, 0x94, 0x46, 0x03, 0x29, 0x06, 0xD0, 0x06, 0xE0, 
0xFF, 0x1D, 0xFF, 0x08, 0xFF, 0x00, 0x03, 0xCF, 0x8C, 0x46, 0x03, 0xE0, 0x80, 0xB2, 0x04, 0x29, 
0x00, 0xD1, 0xC0, 0xB2, 0x00, 0x21, 0x01, 0x91, 0x21, 0x07, 0x2B, 0xD5, 0x03, 0x99, 0x70, 0x29, 
0x06, 0xD0, 0x04, 0x9A, 0x10, 0x21, 0x05, 0x9B, 0x4A, 0x40, 0x1A, 0x43, 0x05, 0xD0, 0x0E, 0xE0, 
0x40, 0x21, 0x6A, 0x46, 0x11, 0x76, 0x01, 0x21, 0x08, 0xE0, 0x61, 0x46, 0x01, 0x43, 0x06, 0xD0, 
0x30, 0x21, 0x6A, 0x46, 0x11, 0x76, 0x03, 0x99, 0x51, 0x76, 0x02, 0x21, 0x01, 0x91, 0x04, 0x9A, 
0x08, 0x21, 0x05, 0x9B, 0x4A, 0x40, 0x1A, 0x43, 0x0C, 0xD1, 0x61, 0x46, 0x01, 0x43, 0x01, 0xD1, 
0x61, 0x07, 0x07, 0xD5, 0x30, 0x21, 0x6A, 0x46, 0x11, 0x76, 0x01, 0x21, 0x01, 0x91, 0x02, 0x99, 
0x49, 0x1E, 0x02, 0x91, 0x03, 0x99, 0x58, 0x29, 0x04, 0xD0, 0x37, 0xA1, 0x03, 0x91, 0x0F, 0xA9, 
0x0F, 0x91, 0x0D, 0xE0, 0x39, 0xA1, 0xF9, 0xE7, 0x61, 0x46, 0x05, 0x9B, 0x04, 0x9A, 0xFF, 0xF7, 
0x35, 0xFC, 0x03, 0x9B, 0x8C, 0x46, 0x9B, 0x5C, 0x0F, 0x9A, 0x52, 0x1E, 0x0F, 0x92, 0x13, 0x70, 
0x61, 0x46, 0x01, 0x43, 0xF0, 0xD1, 0x0F, 0x98, 0x07, 0xA9, 0x08, 0x1A, 0x20, 0x30, 0x03, 0x90, 
0x60, 0x07, 0x04, 0xD5, 0x01, 0x20, 0x00, 0x04, 0x84, 0x43, 0x02, 0x98, 0x01, 0xE0, 0x01, 0x20, 
0x02, 0x90, 0x03, 0x99, 0x88, 0x42, 0x01, 0xDD, 0x40, 0x1A, 0x00, 0xE0, 0x00, 0x20, 0x41, 0x18, 
0x02, 0x90, 0x01, 0x98, 0x09, 0x18, 0x00, 0x98, 0x40, 0x1A, 0x00, 0x90, 0xE0, 0x03, 0x06, 0xD4, 
0x21, 0x46, 0x14, 0x9B, 0x13, 0x9A, 0x00, 0x98, 0x00, 0xF0, 0x5A, 0xF8, 0x86, 0x19, 0x00, 0x20, 
0x04, 0x90, 0x08, 0xE0, 0x06, 0xA9, 0x08, 0x5C, 0x14, 0x9A, 0x13, 0x99, 0x90, 0x47, 0x04, 0x98, 
0x40, 0x1C, 0x76, 0x1C, 0x04, 0x90, 0x01, 0x99, 0x88, 0x42, 0xF3, 0xDB, 0xE0, 0x03, 0x0C, 0xD5, 
0x21, 0x46, 0x14, 0x9B, 0x13, 0x9A, 0x00, 0x98, 0x00, 0xF0, 0x42, 0xF8, 0x86, 0x19, 0x04, 0xE0, 
0x14, 0x9A, 0x30, 0x20, 0x13, 0x99, 0x90, 0x47, 0x76, 0x1C, 0x02, 0x99, 0x48, 0x1E, 0x02, 0x90, 
0x00, 0x29, 0xF5, 0xDC, 0x08, 0xE0, 0x0F, 0x98, 0x0F, 0x99, 0x00, 0x78, 0x49, 0x1C, 0x0F, 0x91, 
0x14, 0x9A, 0x13, 0x99, 0x90, 0x47, 0x76, 0x1C, 0x03, 0x99, 0x48, 0x1E, 0x03, 0x90, 0x00, 0x29, 
0xF1, 0xDC, 0xFB, 0xE6, 0x09, 0x28, 0x01, 0x00, 0x30, 0x31, 0x32, 0x33, 0x34, 0x35, 0x36, 0x37, 
0x38, 0x39, 0x61, 0x62, 0x63, 0x64, 0x65, 0x66, 0x00, 0x00, 0x00, 0x00, 0x30, 0x31, 0x32, 0x33, 
0x34, 0x35, 0x36, 0x37, 0x38, 0x39, 0x41, 0x42, 0x43, 0x44, 0x45, 0x46, 0x00, 0x00, 0x00, 0x00, 
0xF8, 0xB5, 0x04, 0x46, 0x00, 0x25, 0x1E, 0x46, 0x17, 0x46, 0x88, 0x04, 0x04, 0xD4, 0x05, 0xE0, 
0x39, 0x46, 0x20, 0x20, 0xB0, 0x47, 0x6D, 0x1C, 0x64, 0x1E, 0xF9, 0xD5, 0x28, 0x46, 0xF8, 0xBD, 
0xFF, 0xB5, 0x04, 0x46, 0x00, 0x25, 0x81, 0xB0, 0x1E, 0x46, 0xC8, 0x03, 0x01, 0xD5, 0x30, 0x27, 
0x00, 0xE0, 0x20, 0x27, 0x88, 0x04, 0x04, 0xD5, 0x05, 0xE0, 0x38, 0x46, 0x03, 0x99, 0xB0, 0x47, 
0x6D, 0x1C, 0x64, 0x1E, 0xF9, 0xD5, 0x28, 0x46, 0x05, 0xB0, 0xF0, 0xBD, 0xBC, 0x4D, 0x01, 0x60, 
0x00, 0x00, 0x00, 0x20, 0x38, 0x1B, 0x00, 0x00, 0xF8, 0x48, 0x01, 0x60, 0xF4, 0x68, 0x01, 0x60, 
0x38, 0x1B, 0x00, 0x20, 0xD4, 0x00, 0x00, 0x00, 0xF8, 0x48, 0x01, 0x60, 0xC8, 0x69, 0x01, 0x60, 
0x0C, 0x1C, 0x00, 0x20, 0x10, 0x12, 0x00, 0x00, 0x08, 0x49, 0x01, 0x60, 0x1A, 0x48, 0xC1, 0x68, 
0x01, 0x22, 0x52, 0x04, 0x11, 0x43, 0xC1, 0x60, 0xC1, 0x68, 0x52, 0x00, 0x11, 0x43, 0xC1, 0x60, 
0x70, 0x47, 0x01, 0xF0, 0x9F, 0xFC, 0x01, 0x20, 0x01, 0xF0, 0xA2, 0xFC, 0x01, 0xF0, 0xA6, 0xFC, 
0x12, 0x48, 0x01, 0x78, 0x01, 0x22, 0x11, 0x43, 0x01, 0x70, 0x11, 0x4C, 0x05, 0xE0, 0x01, 0xF0, 
0xA3, 0xFC, 0x01, 0xF0, 0xA7, 0xFC, 0x01, 0xF0, 0xAB, 0xFC, 0x60, 0x7A, 0xC0, 0x07, 0xF6, 0xD0, 
0xFF, 0xF7, 0xDC, 0xFF, 0x01, 0xF0, 0xAA, 0xFC, 0x00, 0xF0, 0x3F, 0xF8, 0x01, 0xF0, 0xAC, 0xFC, 
0x01, 0xF0, 0x92, 0xFC, 0x00, 0xF0, 0xAC, 0xF9, 0x01, 0xF0, 0xAC, 0xFC, 0x01, 0xF0, 0x98, 0xFC, 
0x01, 0xF0, 0x90, 0xFC, 0x20, 0xBF, 0xEB, 0xE7, 0x00, 0x00, 0x01, 0x40, 0x70, 0x00, 0x06, 0x40, 
0x14, 0x38, 0x00, 0x20, 0xFE, 0x49, 0x01, 0x22, 0x09, 0x68, 0x82, 0x40, 0x09, 0x78, 0x11, 0x42, 
0x01, 0xD0, 0x01, 0x20, 0x70, 0x47, 0x00, 0x20, 0x70, 0x47, 0xF8, 0xB5, 0xF8, 0x4D, 0x00, 0x26, 
0x28, 0x68, 0x34, 0x46, 0x46, 0x70, 0x01, 0x27, 0x20, 0x46, 0x01, 0xF0, 0x91, 0xFC, 0x00, 0x28, 
0x01, 0xD0, 0x28, 0x68, 0x47, 0x70, 0x64, 0x1C, 0xE4, 0xB2, 0x07, 0x2C, 0xF4, 0xD3, 0xF1, 0x48, 
0x01, 0x78, 0x00, 0x29, 0x02, 0xD0, 0x29, 0x68, 0x4F, 0x70, 0x06, 0x70, 0x28, 0x68, 0x00, 0x78, 
0x00, 0x28, 0x01, 0xD0, 0x01, 0xF0, 0x82, 0xFC, 0xF8, 0xBD, 0xF8, 0xB5, 0xEB, 0x48, 0xEA, 0x4E, 
0xEB, 0x4F, 0x01, 0x68, 0x32, 0x78, 0xEB, 0x48, 0x3C, 0x46, 0x40, 0x34, 0x00, 0x68, 0x00, 0x25, 
0x13, 0x00, 0x01, 0xF0, 0x79, 0xFC, 0x06, 0x04, 0x2C, 0x55, 0x83, 0xAF, 0xC8, 0xD5, 0xE6, 0x49, 
0x4A, 0x78, 0x00, 0x2A, 0x78, 0xD0, 0x4D, 0x70, 0x40, 0x7D, 0x00, 0x28, 0x75, 0xD1, 0xE3, 0x48, 
0xE3, 0x49, 0x00, 0x78, 0x09, 0x78, 0x08, 0x42, 0xF8, 0xD1, 0x01, 0xF0, 0x6B, 0xFC, 0x00, 0x28, 
0x6B, 0xD0, 0xE1, 0x48, 0xDF, 0x49, 0x01, 0x82, 0xE0, 0x49, 0x09, 0x88, 0x81, 0x80, 0x81, 0x88, 
0xFA, 0x8C, 0x91, 0x42, 0x01, 0xD9, 0x80, 0x88, 0x00, 0xE0, 0xF8, 0x8C, 0xDA, 0x49, 0x20, 0x31, 
0x08, 0x82, 0xDB, 0x49, 0x08, 0x20, 0x88, 0x71, 0x01, 0x20, 0x30, 0x70, 0xA6, 0xE0, 0x48, 0x78, 
0x00, 0x28, 0x51, 0xD0, 0x01, 0xF0, 0x54, 0xFC, 0xCC, 0x48, 0x00, 0x68, 0x45, 0x70, 0x01, 0xF0, 
0x55, 0xFC, 0x01, 0xF0, 0xCB, 0xF8, 0x01, 0xF0, 0xD8, 0xF9, 0xB8, 0x8C, 0xCE, 0x4D, 0xA8, 0x80, 
0x00, 0xF0, 0x9A, 0xFA, 0xCF, 0x48, 0x00, 0x78, 0x02, 0x28, 0x0F, 0xD0, 0xE0, 0x7C, 0x00, 0x28, 
0x0C, 0xD0, 0xE0, 0x8A, 0x68, 0x80, 0xB8, 0x8E, 0x28, 0x82, 0xF9, 0x8C, 0xC6, 0x48, 0x20, 0x30, 
0x01, 0x82, 0xC7, 0x49, 0x08, 0x20, 0x88, 0x71, 0x02, 0x20, 0xD6, 0xE7, 0x38, 0x89, 0xF1, 0xE7, 
0x48, 0x78, 0x00, 0x28, 0x7B, 0xD0, 0x01, 0xF0, 0x2B, 0xFC, 0xB8, 0x48, 0x00, 0x68, 0x45, 0x70, 
0x01, 0xF0, 0x2C, 0xFC, 0x01, 0xF0, 0xA2, 0xF8, 0xBB, 0x48, 0xBA, 0x49, 0x01, 0x82, 0x61, 0x8B, 
0xBA, 0x8C, 0x91, 0x42, 0x01, 0xD9, 0x61, 0x8B, 0x00, 0xE0, 0xB9, 0x8C, 0x81, 0x80, 0x81, 0x88, 
0xFA, 0x8C, 0x91, 0x42, 0x01, 0xD9, 0x80, 0x88, 0x00, 0xE0, 0xF8, 0x8C, 0xB2, 0x49, 0x20, 0x31, 
0x08, 0x82, 0xB1, 0x48, 0x20, 0x38, 0x85, 0x62, 0x05, 0x80, 0xB1, 0x49, 0x08, 0x20, 0x88, 0x71, 
0x00, 0xF0, 0x79, 0xFA, 0x03, 0x20, 0xA8, 0xE7, 0x51, 0xE0, 0x42, 0xE0, 0xA3, 0x4C, 0x48, 0x78, 
0x00, 0x28, 0x4C, 0xD0, 0x01, 0xF0, 0xFC, 0xFB, 0x20, 0x68, 0x45, 0x70, 0x01, 0xF0, 0xFE, 0xFB, 
0xB9, 0x6A, 0xA5, 0x48, 0x20, 0x38, 0x81, 0x62, 0x39, 0x8E, 0x01, 0x80, 0xFF, 0xF7, 0x3D, 0xFF, 
0xA5, 0x48, 0x01, 0x7A, 0xA5, 0x4C, 0xC9, 0x07, 0x06, 0xD0, 0x00, 0x7A, 0x00, 0x07, 0x40, 0x0F, 
0xFF, 0xF7, 0x28, 0xFF, 0x60, 0x70, 0x00, 0xE0, 0x65, 0x70, 0x01, 0xF0, 0x48, 0xF8, 0x20, 0x78, 
0x00, 0x28, 0x01, 0xD0, 0x01, 0xF0, 0xCA, 0xFB, 0x01, 0xF0, 0xE6, 0xFB, 0x01, 0xF0, 0xEA, 0xFB, 
0x04, 0x20, 0x7A, 0xE7, 0x01, 0xF0, 0xEC, 0xFB, 0x8F, 0x4C, 0x99, 0x4D, 0x20, 0x79, 0xE9, 0x79, 
0x08, 0x40, 0x00, 0xD0, 0x01, 0x20, 0x60, 0x71, 0x00, 0x28, 0x04, 0xD0, 0x01, 0xF0, 0xB6, 0xFB, 
0x60, 0x79, 0x00, 0x28, 0x02, 0xD1, 0x28, 0x7A, 0xC0, 0x07, 0x02, 0xD0, 0x91, 0x49, 0x01, 0x20, 
0x08, 0x70, 0x05, 0x20, 0x61, 0xE7, 0x90, 0x49, 0xC5, 0x74, 0x09, 0x68, 0x20, 0x31, 0x89, 0x78, 
0x89, 0x06, 0x02, 0xD5, 0x45, 0x75, 0x8A, 0x48, 0xC5, 0x71, 0x35, 0x70, 0x40, 0xBF, 0xF8, 0xBD, 
0x35, 0x70, 0xF8, 0xBD, 0x01, 0x22, 0x86, 0x49, 0x12, 0x04, 0x40, 0x31, 0x87, 0x48, 0x89, 0x7E, 
0x02, 0x60, 0x70, 0x47, 0x10, 0xB5, 0x01, 0xF0, 0xA3, 0xFB, 0x7D, 0x49, 0x10, 0x20, 0x08, 0x80, 
0x74, 0x49, 0x01, 0x20, 0x09, 0x68, 0xC8, 0x73, 0xFF, 0xF7, 0xEC, 0xFF, 0x01, 0xF0, 0x9E, 0xFB, 
0x10, 0xBD, 0x70, 0xB5, 0x03, 0x25, 0x7A, 0x4C, 0x2D, 0x07, 0x40, 0x34, 0xA0, 0x7E, 0x00, 0x20, 
0x28, 0x5E, 0x01, 0x01, 0x08, 0x1A, 0x0A, 0x21, 0x01, 0xF0, 0xA8, 0xFB, 0xA1, 0x7E, 0x28, 0x80, 
0x70, 0xBD, 0x10, 0xB5, 0x01, 0xF0, 0x84, 0xFB, 0x6D, 0x49, 0x20, 0x20, 0x08, 0x80, 0x65, 0x49, 
0x01, 0x20, 0x09, 0x68, 0x88, 0x74, 0xFF, 0xF7, 0xE4, 0xFF, 0x01, 0xF0, 0x7F, 0xFB, 0x10, 0xBD, 
0x10, 0xB5, 0x04, 0x46, 0x01, 0xF0, 0x74, 0xFB, 0x5E, 0x49, 0x00, 0x20, 0x09, 0x68, 0xC8, 0x75, 
0x00, 0x2C, 0x01, 0xD0, 0x01, 0xF0, 0x90, 0xFB, 0x01, 0xF0, 0x70, 0xFB, 0x10, 0xBD, 0x10, 0xB5, 
0x00, 0x28, 0x06, 0xD1, 0x66, 0x49, 0x48, 0x70, 0x01, 0xF0, 0x8C, 0xFB, 0x01, 0x20, 0xFF, 0xF7, 
0xE7, 0xFF, 0x10, 0xBD, 0x10, 0xB5, 0x54, 0x48, 0x61, 0x49, 0x00, 0x79, 0x48, 0x70, 0x58, 0x49, 
0x20, 0x20, 0x88, 0x71, 0x01, 0xF0, 0x54, 0xFB, 0x4E, 0x48, 0x00, 0x68, 0x01, 0x7E, 0x49, 0x1C, 
0x01, 0x76, 0x01, 0x21, 0xC1, 0x75, 0x00, 0x20, 0x01, 0xF0, 0x7A, 0xFB, 0x01, 0xF0, 0x4E, 0xFB, 
0x10, 0xBD, 0x70, 0xB5, 0x4E, 0x48, 0x08, 0x21, 0x01, 0x80, 0x81, 0x7A, 0x02, 0x22, 0x11, 0x43, 
0x81, 0x72, 0x01, 0x21, 0x81, 0x71, 0x43, 0x4C, 0x20, 0x68, 0xC2, 0x7D, 0x00, 0x2A, 0x0D, 0xD0, 
0x41, 0x75, 0x50, 0x48, 0x00, 0x78, 0x00, 0x28, 0x01, 0xD0, 0x01, 0xF0, 0x67, 0xFB, 0x01, 0x21, 
0x20, 0x68, 0x01, 0xF0, 0x69, 0xFB, 0x21, 0x68, 0x88, 0x60, 0x70, 0xBD, 0x00, 0x25, 0x45, 0x4E, 
0x45, 0x75, 0x30, 0x78, 0x00, 0x28, 0xEC, 0xD0, 0xFF, 0xF7, 0xC4, 0xFF, 0x35, 0x70, 0xE8, 0xE7, 
0x70, 0xB5, 0x01, 0xF0, 0x1D, 0xFB, 0x44, 0x48, 0x05, 0x78, 0x01, 0xF0, 0x1F, 0xFB, 0x3C, 0x4C, 
0x20, 0x34, 0xA0, 0x7A, 0x28, 0x42, 0x01, 0xD0, 0x01, 0xF0, 0x00, 0xFB, 0x01, 0xF0, 0x52, 0xFB, 
0x00, 0x28, 0x04, 0xD0, 0xA0, 0x7A, 0x80, 0x06, 0x01, 0xD5, 0x01, 0xF0, 0xF7, 0xFA, 0x01, 0xF0, 
0x4F, 0xFB, 0x00, 0x28, 0x04, 0xD0, 0xA0, 0x7A, 0x40, 0x06, 0x01, 0xD5, 0x01, 0xF0, 0xEE, 0xFA, 
0x70, 0xBD, 0xF1, 0xB5, 0x2D, 0x48, 0xFF, 0x21, 0x07, 0x78, 0x82, 0xB0, 0x55, 0x31, 0x33, 0x48, 
0x01, 0xF0, 0x44, 0xFB, 0x0B, 0x2F, 0x00, 0xDD, 0x0B, 0x27, 0x1D, 0x48, 0x00, 0x24, 0x60, 0x30, 
0x00, 0x90, 0x20, 0x46, 0x30, 0x21, 0x48, 0x43, 0x2D, 0x49, 0x46, 0x18, 0x30, 0x7E, 0x00, 0x28, 
0x60, 0xD0, 0x00, 0x25, 0x5C, 0xE0, 0x12, 0x20, 0x20, 0x49, 0x68, 0x43, 0x41, 0x18, 0x30, 0x46, 
0x20, 0x30, 0x89, 0x1C, 0x01, 0xF0, 0x30, 0xFB, 0x01, 0xF0, 0x34, 0xFB, 0xF1, 0x7F, 0xC9, 0x09, 
0x08, 0xD1, 0x00, 0x99, 0x89, 0x7E, 0x00, 0x29, 0x04, 0xD0, 0x00, 0x99, 0x89, 0x7E, 0x00, 0x02, 
0x01, 0xF0, 0xEC, 0xFA, 0x02, 0x99, 0x01, 0x29, 0x48, 0xD0, 0x15, 0x4A, 0x51, 0x8A, 0x12, 0x8A, 
0x50, 0x43, 0x01, 0xF0, 0xE3, 0xFA, 0x00, 0x28, 0x00, 0xDC, 0x00, 0x20, 0x2C, 0x21, 0x31, 0xE0, 
0xFC, 0x3A, 0x00, 0x20, 0x9E, 0x1B, 0x00, 0x20, 0x91, 0x1B, 0x00, 0x20, 0x44, 0x3B, 0x00, 0x20, 
0x54, 0x39, 0x00, 0x20, 0xC8, 0x3A, 0x00, 0x20, 0x3E, 0x3B, 0x00, 0x20, 0x3E, 0x1B, 0x00, 0x20, 
0x48, 0x1B, 0x00, 0x20, 0xFF, 0x01, 0x00, 0x00, 0x20, 0x00, 0x07, 0x40, 0x74, 0x3A, 0x00, 0x20, 
0x00, 0x00, 0x01, 0x40, 0x92, 0x1B, 0x00, 0x20, 0x34, 0x3A, 0x00, 0x20, 0x70, 0x3C, 0x00, 0x20, 
0x14, 0x38, 0x00, 0x20, 0x90, 0x1B, 0x00, 0x20, 0x4C, 0x3C, 0x00, 0x20, 0x00, 0x00, 0x03, 0x30, 
0x70, 0x00, 0x06, 0x40, 0x7C, 0x1B, 0x00, 0x20, 0x00, 0x3B, 0x00, 0x20, 0x38, 0x3D, 0x00, 0x20, 
0x8C, 0x3E, 0x00, 0x20, 0x63, 0x4A, 0x61, 0x43, 0x89, 0x18, 0xAA, 0x00, 0x88, 0x50, 0x6D, 0x1C, 
0xBD, 0x42, 0xA0, 0xDB, 0x64, 0x1C, 0x06, 0x2C, 0x93, 0xDB, 0xFE, 0xBD, 0xC0, 0x10, 0xBA, 0xE7, 
0x05, 0x22, 0xD2, 0x01, 0x50, 0x43, 0x30, 0xB5, 0x5B, 0x4A, 0x00, 0x21, 0x82, 0x18, 0x5B, 0x4C, 
0x5B, 0x48, 0x05, 0xE0, 0x4B, 0x00, 0xD5, 0x5A, 0x1B, 0x19, 0x1D, 0x80, 0x49, 0x1C, 0x89, 0xB2, 
0x83, 0x7E, 0x45, 0x7E, 0x6B, 0x43, 0x8B, 0x42, 0xF4, 0xD8, 0x30, 0xBD, 0x30, 0xB5, 0x55, 0x49, 
0x89, 0x78, 0x55, 0x4A, 0x11, 0x54, 0x55, 0x49, 0x49, 0x6F, 0x55, 0x4B, 0x82, 0x00, 0x99, 0x50, 
0x05, 0x22, 0xD2, 0x01, 0x50, 0x43, 0x4C, 0x4A, 0x00, 0x21, 0x82, 0x18, 0x4B, 0x4C, 0x4C, 0x48, 
0x05, 0xE0, 0x4B, 0x00, 0x1D, 0x19, 0x2D, 0x88, 0x49, 0x1C, 0xD5, 0x52, 0x89, 0xB2, 0x83, 0x7E, 
0x45, 0x7E, 0x6B, 0x43, 0x8B, 0x42, 0xF4, 0xD8, 0x30, 0xBD, 0xF8, 0xB5, 0x00, 0x24, 0x06, 0x46, 
0x48, 0x4D, 0x01, 0x27, 0x0E, 0xE0, 0x48, 0x48, 0x87, 0x71, 0x28, 0x68, 0xC1, 0x7B, 0x00, 0x29, 
0xFC, 0xD0, 0x01, 0xF0, 0x3D, 0xFA, 0x29, 0x68, 0x00, 0x20, 0xC8, 0x73, 0x01, 0xF0, 0x3E, 0xFA, 
0x64, 0x1C, 0xE4, 0xB2, 0xB4, 0x42, 0xEE, 0xD3, 0xF8, 0xBD, 0xF8, 0xB5, 0x3F, 0x4D, 0x28, 0x68, 
0x80, 0x47, 0x01, 0x20, 0x3E, 0x4C, 0x40, 0x02, 0xE0, 0x60, 0x3E, 0x48, 0x02, 0x22, 0x00, 0x68, 
0xAB, 0x68, 0x81, 0x7D, 0x10, 0x46, 0x98, 0x47, 0x01, 0xF0, 0x82, 0xFA, 0x00, 0x22, 0x04, 0x21, 
0xAB, 0x68, 0x02, 0x20, 0x98, 0x47, 0x20, 0x46, 0x40, 0x30, 0x01, 0x78, 0x49, 0x08, 0x49, 0x00, 
0x01, 0x70, 0x01, 0x78, 0xFD, 0x22, 0x11, 0x40, 0x01, 0x70, 0x01, 0x78, 0xFB, 0x23, 0x19, 0x40, 
0x01, 0x70, 0x01, 0x78, 0xF7, 0x25, 0x29, 0x40, 0x01, 0x70, 0x01, 0x78, 0xEF, 0x25, 0x29, 0x40, 
0x01, 0x70, 0x01, 0x78, 0xDF, 0x25, 0x29, 0x40, 0x01, 0x70, 0x01, 0x78, 0x40, 0x25, 0x29, 0x43, 
0x01, 0x70, 0x01, 0x78, 0x49, 0x06, 0x49, 0x0E, 0x01, 0x70, 0x10, 0x21, 0x61, 0x81, 0x00, 0x25, 
0xE5, 0x60, 0xA5, 0x25, 0x45, 0x70, 0xEB, 0x25, 0x25, 0x72, 0x04, 0x25, 0x25, 0x75, 0x26, 0x7D, 
0x00, 0x2E, 0xFC, 0xD1, 0x06, 0x78, 0x01, 0x27, 0x3E, 0x43, 0x06, 0x70, 0x06, 0x78, 0x16, 0x40, 
0x06, 0x70, 0x02, 0x78, 0x1A, 0x40, 0x02, 0x70, 0x03, 0x78, 0xF7, 0x22, 0x13, 0x40, 0x03, 0x70, 
0x02, 0x78, 0x0A, 0x43, 0x02, 0x70, 0x02, 0x78, 0xDF, 0x23, 0x1A, 0x40, 0x02, 0x70, 0x02, 0x78, 
0x40, 0x23, 0x1A, 0x43, 0x02, 0x70, 0x02, 0x78, 0x52, 0x06, 0x52, 0x0E, 0x02, 0x70, 0x61, 0x81, 
0x00, 0x20, 0xE0, 0x60, 0xEB, 0x20, 0x20, 0x72, 0x25, 0x75, 0x20, 0x7D, 0x00, 0x28, 0xFC, 0xD1, 
0xF8, 0xBD, 0x00, 0x00, 0x38, 0x3D, 0x00, 0x20, 0x50, 0x1C, 0x00, 0x20, 0x00, 0x00, 0x01, 0x30, 
0x54, 0x38, 0x00, 0x20, 0x00, 0x00, 0x02, 0x40, 0x6E, 0x1B, 0x00, 0x20, 0x00, 0x00, 0x03, 0x40, 
0x5C, 0x2B, 0x00, 0x20, 0xC8, 0x3A, 0x00, 0x20, 0x00, 0x00, 0x01, 0x40, 0xD4, 0x3B, 0x00, 0x20, 
0x18, 0x00, 0x04, 0x40, 0xD0, 0x3B, 0x00, 0x20, 0xF0, 0xB5, 0x03, 0x22, 0x12, 0x07, 0x00, 0x20, 
0xFE, 0x4F, 0xB9, 0x88, 0xFE, 0x4C, 0xE3, 0x8C, 0x99, 0x42, 0x13, 0xD9, 0xFD, 0x49, 0x8B, 0x7E, 
0x4D, 0x7E, 0x6B, 0x43, 0x83, 0x42, 0x0D, 0xD3, 0x43, 0x00, 0xD5, 0x5E, 0xE6, 0x8C, 0xB5, 0x42, 
0x05, 0xDD, 0xD5, 0x5E, 0xBE, 0x88, 0xB5, 0x42, 0x01, 0xDC, 0xE5, 0x8C, 0xD5, 0x52, 0x40, 0x1C, 
0x80, 0xB2, 0xEC, 0xE7, 0xF0, 0xBD, 0xF0, 0xB5, 0x85, 0xB0, 0x00, 0x24, 0xF2, 0x4D, 0x39, 0xE0, 
0x12, 0x20, 0x60, 0x43, 0x40, 0x19, 0x00, 0x90, 0x87, 0x7A, 0xC1, 0x7A, 0x03, 0x91, 0x41, 0x7B, 
0x02, 0x91, 0x00, 0x7B, 0x66, 0x1C, 0x01, 0x90, 0x28, 0xE0, 0x12, 0x20, 0x70, 0x43, 0x40, 0x19, 
0x84, 0x46, 0x83, 0x7A, 0xC2, 0x7A, 0x41, 0x7B, 0x00, 0x7B, 0x97, 0x42, 0x1D, 0xD8, 0x03, 0x9A, 
0x9A, 0x42, 0x1A, 0xD3, 0x02, 0x9A, 0x82, 0x42, 0x17, 0xD8, 0x01, 0x98, 0x88, 0x42, 0x14, 0xD3, 
0x00, 0x99, 0x60, 0x46, 0x80, 0x1C, 0x89, 0x1C, 0x01, 0xF0, 0xB6, 0xF9, 0x10, 0x28, 0x0C, 0xDA, 
0x00, 0x98, 0x80, 0x7C, 0x40, 0x07, 0x04, 0xD0, 0x20, 0x46, 0x01, 0xF0, 0xBF, 0xF9, 0x64, 0x1E, 
0x07, 0xE0, 0x30, 0x46, 0x01, 0xF0, 0xBA, 0xF9, 0x76, 0x1E, 0x76, 0x1C, 0x28, 0x78, 0xB0, 0x42, 
0xD3, 0xDC, 0x64, 0x1C, 0x28, 0x78, 0xA0, 0x42, 0xC2, 0xDC, 0x05, 0xB0, 0xF0, 0xBD, 0x10, 0xB5, 
0xD3, 0x49, 0xD2, 0x48, 0x08, 0x60, 0x01, 0xF0, 0xAF, 0xF9, 0x10, 0xBD, 0x02, 0x7C, 0xDF, 0x23, 
0x1A, 0x40, 0x02, 0x74, 0x4B, 0x78, 0xD2, 0x08, 0x5B, 0x06, 0xD2, 0x00, 0x5B, 0x0F, 0x1A, 0x43, 
0x02, 0x74, 0x4B, 0x88, 0x03, 0x80, 0x8B, 0x88, 0x43, 0x80, 0xF7, 0x23, 0x1A, 0x40, 0x02, 0x74, 
0xCA, 0x88, 0x82, 0x80, 0x0A, 0x89, 0xC2, 0x80, 0x8A, 0x7A, 0x02, 0x73, 0xCB, 0x7A, 0x03, 0x72, 
0x9A, 0x18, 0x52, 0x1E, 0x42, 0x72, 0x4A, 0x7B, 0xC2, 0x72, 0x09, 0x7B, 0x41, 0x73, 0x51, 0x18, 
0x49, 0x1E, 0x81, 0x72, 0x70, 0x47, 0x0A, 0x01, 0xBC, 0x49, 0x10, 0xB5, 0x0C, 0x39, 0x8B, 0x68, 
0xD3, 0x18, 0xDB, 0x7A, 0x03, 0x70, 0x8B, 0x68, 0xD3, 0x18, 0xDC, 0x7A, 0x9B, 0x7A, 0xE3, 0x18, 
0x5B, 0x1E, 0x43, 0x70, 0x8B, 0x68, 0xD3, 0x18, 0x5B, 0x7B, 0x83, 0x70, 0x89, 0x68, 0x51, 0x18, 
0x4A, 0x7B, 0x09, 0x7B, 0x51, 0x18, 0x49, 0x1E, 0xC1, 0x70, 0x10, 0xBD, 0xF3, 0xB5, 0x85, 0xB0, 
0x04, 0x46, 0x68, 0x46, 0x06, 0x99, 0xFF, 0xF7, 0xDE, 0xFF, 0x68, 0x46, 0x00, 0x22, 0x82, 0x56, 
0x12, 0x20, 0x44, 0x43, 0xA8, 0x48, 0x01, 0x23, 0x21, 0x18, 0x88, 0x7A, 0xA4, 0x4E, 0x10, 0x1A, 
0x01, 0x90, 0x68, 0x46, 0xCA, 0x7A, 0xC3, 0x56, 0xD0, 0x1A, 0x02, 0x90, 0x68, 0x46, 0x02, 0x22, 
0x82, 0x56, 0x48, 0x7B, 0x03, 0x23, 0x10, 0x1A, 0x03, 0x90, 0x68, 0x46, 0x0A, 0x7B, 0xC3, 0x56, 
0xD0, 0x1A, 0x00, 0x22, 0x04, 0x90, 0x13, 0x46, 0x10, 0x46, 0x14, 0x46, 0xA7, 0x00, 0x01, 0xAD, 
0xED, 0x59, 0x01, 0x2D, 0x01, 0xDC, 0x52, 0x1C, 0x07, 0xE0, 0xF7, 0x7E, 0x7F, 0x09, 0xBD, 0x42, 
0x03, 0xDD, 0x01, 0x25, 0xA5, 0x40, 0x28, 0x43, 0x5B, 0x1C, 0x64, 0x1C, 0x04, 0x2C, 0xED, 0xDB, 
0xF4, 0x7E, 0xE4, 0x06, 0x17, 0xD0, 0xCC, 0x88, 0xF5, 0x7E, 0xED, 0x06, 0xED, 0x0E, 0xAC, 0x42, 
0x11, 0xD3, 0x01, 0x2B, 0x0D, 0xD0, 0x02, 0x2B, 0x0D, 0xD1, 0x02, 0x2A, 0x0B, 0xD1, 0x03, 0x28, 
0x09, 0xD0, 0x0C, 0x28, 0x07, 0xD0, 0x87, 0x4C, 0x40, 0x34, 0xE5, 0x78, 0x0E, 0x2D, 0x04, 0xD0, 
0x09, 0xE0, 0x02, 0x2A, 0xF7, 0xDA, 0x07, 0xB0, 0xF0, 0xBD, 0x20, 0x71, 0x63, 0x71, 0xA2, 0x71, 
0xE0, 0x79, 0x40, 0x1C, 0xE0, 0x71, 0x06, 0x98, 0x02, 0x01, 0x80, 0x48, 0x0C, 0x38, 0x80, 0x68, 
0x10, 0x18, 0x42, 0x88, 0x4A, 0x80, 0x80, 0x88, 0x88, 0x80, 0x88, 0x7C, 0x08, 0x22, 0x10, 0x43, 
0x88, 0x74, 0xE8, 0xE7, 0xF7, 0xB5, 0x83, 0xB0, 0x00, 0x20, 0x00, 0x90, 0x01, 0x90, 0x02, 0x90, 
0x73, 0x48, 0x96, 0x46, 0x60, 0x30, 0x84, 0x46, 0xC0, 0x7A, 0x00, 0x28, 0x65, 0xD0, 0x00, 0x22, 
0x6C, 0x46, 0x71, 0x48, 0x24, 0xE0, 0x95, 0x00, 0x4B, 0x59, 0xFF, 0x2B, 0x1F, 0xD0, 0x71, 0x4E, 
0x5F, 0x00, 0xF6, 0x5B, 0x67, 0x46, 0xFF, 0x7A, 0xBE, 0x42, 0x0F, 0xD8, 0x03, 0x9F, 0x7D, 0x59, 
0xFF, 0x2D, 0x06, 0xD0, 0x30, 0x27, 0x7D, 0x43, 0x6B, 0x4F, 0xED, 0x19, 0xED, 0x7E, 0x6D, 0x07, 
0x04, 0xD4, 0x68, 0x4D, 0x0C, 0x3D, 0xED, 0x5C, 0x6D, 0x06, 0x08, 0xD5, 0xE5, 0x5C, 0x6D, 0x1C, 
0xED, 0xB2, 0xE5, 0x54, 0x01, 0x2D, 0x09, 0xD0, 0x01, 0x23, 0x75, 0x46, 0xAB, 0x54, 0x52, 0x1C, 
0x03, 0x78, 0x93, 0x42, 0xD7, 0xDC, 0x00, 0x22, 0x01, 0x25, 0x33, 0xE0, 0x9F, 0x00, 0x5D, 0x4B, 
0x12, 0x25, 0x38, 0x3B, 0x55, 0x43, 0xDB, 0x5B, 0x2D, 0x18, 0x6B, 0x80, 0x59, 0x4B, 0x38, 0x3B, 
0xFB, 0x18, 0x5B, 0x88, 0xAB, 0x80, 0x57, 0x4B, 0x64, 0x3B, 0xDB, 0x5D, 0xAB, 0x72, 0x55, 0x4B, 
0x64, 0x3B, 0xFB, 0x18, 0x5F, 0x78, 0xEF, 0x72, 0x9F, 0x78, 0x6F, 0x73, 0xDB, 0x78, 0x2B, 0x73, 
0xEE, 0x80, 0xAB, 0x7C, 0x01, 0x26, 0xDB, 0x08, 0xDB, 0x00, 0xAB, 0x74, 0xEB, 0x7C, 0x33, 0x43, 
0xEB, 0x74, 0xD4, 0xE7, 0x93, 0x00, 0xCB, 0x58, 0xFF, 0x2B, 0x0A, 0xD0, 0xE3, 0x5C, 0x00, 0x2B, 
0x07, 0xD0, 0x12, 0x23, 0x53, 0x43, 0x1B, 0x18, 0xDB, 0x7C, 0xDB, 0x07, 0x01, 0xD1, 0x73, 0x46, 
0x9D, 0x54, 0x52, 0x1C, 0x03, 0x78, 0x93, 0x42, 0xEC, 0xDC, 0x06, 0xB0, 0xF0, 0xBD, 0xF3, 0xB5, 
0x83, 0xB0, 0x03, 0x98, 0x3D, 0x4C, 0x05, 0x01, 0x0C, 0x3C, 0xA0, 0x68, 0x04, 0x99, 0x2A, 0x18, 
0x02, 0x92, 0x0E, 0x01, 0x31, 0x18, 0x17, 0x89, 0x08, 0x89, 0x01, 0x90, 0x38, 0x18, 0x00, 0x90, 
0x52, 0x88, 0x49, 0x88, 0x01, 0x98, 0x7A, 0x43, 0x41, 0x43, 0x50, 0x18, 0x00, 0x99, 0x01, 0xF0, 
0x25, 0xF8, 0x02, 0x9A, 0x50, 0x80, 0xA0, 0x68, 0x29, 0x18, 0x02, 0x91, 0x30, 0x18, 0x82, 0x88, 
0x89, 0x88, 0x01, 0x98, 0x79, 0x43, 0x42, 0x43, 0x88, 0x18, 0x00, 0x99, 0x01, 0xF0, 0x16, 0xF8, 
0x02, 0x99, 0x88, 0x80, 0xA1, 0x68, 0x00, 0x98, 0x69, 0x18, 0x08, 0x81, 0xA0, 0x68, 0x29, 0x18, 
0x30, 0x18, 0xCA, 0x88, 0xC0, 0x88, 0x10, 0x18, 0xC8, 0x80, 0xA0, 0x68, 0x29, 0x18, 0x30, 0x18, 
0x0A, 0x7B, 0x00, 0x7B, 0x10, 0x18, 0x08, 0x73, 0xA0, 0x68, 0x29, 0x18, 0x30, 0x18, 0x8A, 0x7A, 
0x80, 0x7A, 0x10, 0x18, 0x88, 0x72, 0xA0, 0x68, 0x29, 0x18, 0x30, 0x18, 0xCA, 0x7A, 0xC0, 0x7A, 
0x82, 0x42, 0x00, 0xD9, 0xC8, 0x72, 0xA0, 0x68, 0x29, 0x18, 0x30, 0x18, 0x4A, 0x7B, 0x40, 0x7B, 
0x82, 0x42, 0x00, 0xD9, 0x48, 0x73, 0x03, 0x98, 0xA1, 0x68, 0x40, 0x00, 0x40, 0x18, 0x04, 0x9A, 
0x80, 0x30, 0x52, 0x00, 0x51, 0x18, 0x80, 0x31, 0x03, 0x8E, 0x09, 0x8E, 0x8B, 0x42, 0x00, 0xD2, 
0x01, 0x86, 0x72, 0xE6, 0xF0, 0xB5, 0x03, 0x25, 0x2D, 0x07, 0x44, 0x1C, 0x05, 0x9E, 0x94, 0x42, 
0x3A, 0xD1, 0x00, 0x2E, 0x36, 0xD0, 0x4C, 0x1E, 0x9C, 0x42, 0x35, 0xD1, 0x05, 0x4C, 0xA6, 0x7E, 
0x4E, 0x43, 0x36, 0x18, 0x76, 0x00, 0xAE, 0x5F, 0xA7, 0x7E, 0x0F, 0xE0, 0x20, 0x00, 0x07, 0x40, 
0x54, 0x39, 0x00, 0x20, 0x54, 0x38, 0x00, 0x20, 0x70, 0x3C, 0x00, 0x20, 0x08, 0x1C, 0x00, 0x20, 
0x44, 0x3B, 0x00, 0x20, 0x30, 0x2D, 0x00, 0x20, 0x8C, 0x3E, 0x00, 0x20, 0x4F, 0x43, 0xB9, 0x18, 
0x49, 0x00, 0x69, 0x5E, 0xA7, 0x7E, 0x5F, 0x43, 0xBA, 0x18, 0x52, 0x00, 0xAA, 0x5E, 0xA4, 0x7E, 
0x5C, 0x43, 0x20, 0x18, 0x40, 0x00, 0x2B, 0x5E, 0xFE, 0x48, 0x44, 0x8B, 0xB4, 0x42, 0x0B, 0xDA, 
0x44, 0x8B, 0x94, 0x42, 0x08, 0xDA, 0xC0, 0x8B, 0x59, 0x18, 0x40, 0x00, 0x81, 0x42, 0x03, 0xDD, 
0x01, 0x20, 0xF0, 0xBD, 0x4C, 0x1C, 0xC7, 0xE7, 0x00, 0x20, 0xF0, 0xBD, 0xFE, 0xB5, 0xF5, 0x48, 
0xC0, 0x8B, 0x00, 0x28, 0x6A, 0xD0, 0x00, 0x26, 0xF3, 0x4D, 0x64, 0xE0, 0x74, 0x1C, 0x5E, 0xE0, 
0x31, 0x46, 0x01, 0xA8, 0xFF, 0xF7, 0x4F, 0xFE, 0x21, 0x46, 0x02, 0xA8, 0xFF, 0xF7, 0x4B, 0xFE, 
0x01, 0x20, 0x00, 0x90, 0x68, 0x46, 0x05, 0x27, 0x0B, 0x23, 0x08, 0x22, 0x06, 0x21, 0xC7, 0x57, 
0xC3, 0x56, 0x82, 0x56, 0x41, 0x56, 0x38, 0x46, 0xFF, 0xF7, 0x9C, 0xFF, 0x00, 0x28, 0x28, 0xD1, 
0x00, 0x90, 0x6F, 0x46, 0x0A, 0x23, 0x08, 0x22, 0x07, 0x21, 0x05, 0x20, 0xFB, 0x56, 0xBA, 0x56, 
0x79, 0x56, 0x38, 0x56, 0xFF, 0xF7, 0x8E, 0xFF, 0x00, 0x28, 0x1A, 0xD1, 0x00, 0x90, 0x06, 0x23, 
0x04, 0x22, 0x0B, 0x21, 0x09, 0x20, 0xFB, 0x56, 0xBA, 0x56, 0x79, 0x56, 0x38, 0x56, 0xFF, 0xF7, 
0x81, 0xFF, 0x00, 0x28, 0x0D, 0xD1, 0x01, 0x20, 0x00, 0x90, 0x07, 0x23, 0x04, 0x22, 0x0A, 0x21, 
0x09, 0x20, 0xFB, 0x56, 0xBA, 0x56, 0x79, 0x56, 0x38, 0x56, 0xFF, 0xF7, 0x73, 0xFF, 0x00, 0x28, 
0x1C, 0xD0, 0x21, 0x46, 0x30, 0x46, 0xFF, 0xF7, 0x0A, 0xFF, 0xA8, 0x7B, 0xCF, 0x4F, 0x01, 0x01, 
0xB8, 0x68, 0x22, 0x01, 0x09, 0x18, 0x10, 0x18, 0x10, 0x22, 0x10, 0x39, 0x00, 0xF0, 0x92, 0xFF, 
0xA8, 0x7B, 0x62, 0x00, 0x41, 0x00, 0xB8, 0x68, 0x09, 0x18, 0x80, 0x31, 0x10, 0x18, 0xC9, 0x8D, 
0x80, 0x30, 0x01, 0x86, 0xA8, 0x7B, 0x40, 0x1E, 0xA8, 0x73, 0x64, 0x1E, 0x64, 0x1C, 0xA8, 0x7B, 
0xA0, 0x42, 0x9D, 0xDC, 0x76, 0x1C, 0xA8, 0x7B, 0xB0, 0x42, 0x97, 0xDC, 0xFE, 0xBD, 0xFF, 0xB5, 
0x99, 0xB0, 0x00, 0x20, 0x03, 0x90, 0x04, 0x90, 0x05, 0x90, 0x01, 0x90, 0x02, 0x90, 0x00, 0x90, 
0x06, 0x90, 0x07, 0x90, 0x08, 0x90, 0x09, 0x90, 0x0A, 0x90, 0x0B, 0x90, 0x0C, 0x90, 0x0D, 0x90, 
0x0E, 0x90, 0xB4, 0x48, 0x16, 0x90, 0x40, 0x8B, 0x00, 0x28, 0x7D, 0xD0, 0xFF, 0xF7, 0x76, 0xFF, 
0x09, 0xAA, 0x1A, 0x99, 0x19, 0x98, 0xFF, 0xF7, 0x55, 0xFE, 0x00, 0x27, 0x7B, 0xE0, 0x38, 0x46, 
0x12, 0x21, 0x48, 0x43, 0x85, 0x19, 0xA8, 0x7C, 0x41, 0x07, 0x49, 0x0F, 0x02, 0xD0, 0x10, 0x22, 
0x10, 0x43, 0x01, 0xE0, 0xEF, 0x22, 0x10, 0x40, 0xA8, 0x74, 0xBA, 0x00, 0x19, 0x9B, 0x15, 0x92, 
0x9A, 0x58, 0xFF, 0x2A, 0x08, 0xD0, 0x30, 0x23, 0x5A, 0x43, 0xA5, 0x4B, 0xD2, 0x18, 0xD2, 0x7E, 
0xD2, 0x07, 0x92, 0x0E, 0x10, 0x43, 0xA8, 0x74, 0x06, 0xA8, 0x42, 0x5C, 0xFF, 0x24, 0x52, 0x1C, 
0x42, 0x54, 0xA0, 0x48, 0x00, 0x26, 0x11, 0x90, 0x1F, 0xE0, 0x31, 0x46, 0x18, 0xA8, 0xFF, 0xF7, 
0xA2, 0xFD, 0xA9, 0x1C, 0x18, 0xA8, 0x00, 0xF0, 0x41, 0xFE, 0x00, 0x28, 0x14, 0xD0, 0x16, 0x98, 
0x29, 0x8A, 0x40, 0x8B, 0x81, 0x42, 0x0F, 0xD3, 0x01, 0x21, 0x0C, 0xA8, 0x81, 0x55, 0x93, 0x48, 
0x32, 0x01, 0x80, 0x68, 0xA9, 0x1C, 0x10, 0x18, 0x80, 0x1C, 0x00, 0xF0, 0xFD, 0xFE, 0x11, 0x99, 
0x88, 0x42, 0x01, 0xDA, 0x34, 0x46, 0x11, 0x90, 0x76, 0x1C, 0x8B, 0x48, 0x80, 0x7B, 0xB0, 0x42, 
0xDB, 0xDC, 0xFF, 0x2C, 0x2C, 0xD0, 0x15, 0x9A, 0x19, 0x98, 0x00, 0x21, 0x80, 0x58, 0xFF, 0x28, 
0x06, 0xD0, 0x30, 0x21, 0x48, 0x43, 0x86, 0x49, 0x40, 0x18, 0x80, 0x7F, 0x40, 0x06, 0xC1, 0x0F, 
0xA8, 0x7C, 0x42, 0x07, 0x0B, 0xD1, 0x81, 0x4A, 0x23, 0x01, 0x92, 0x68, 0x9A, 0x18, 0xD2, 0x88, 
0x09, 0x2A, 0x04, 0xD3, 0x00, 0x29, 0x02, 0xD1, 0x20, 0x21, 0x08, 0x43, 0xA8, 0x74, 0x7B, 0x48, 
0x21, 0x01, 0x80, 0x68, 0x08, 0x18, 0xC0, 0x88, 0x04, 0x28, 0x03, 0xD2, 0xA8, 0x7C, 0xDF, 0x21, 
0x08, 0x40, 0xA8, 0x74, 0x68, 0x46, 0x00, 0xE0, 0x34, 0xE1, 0x01, 0x5D, 0x49, 0x1C, 0x01, 0x55, 
0x03, 0xA8, 0xC4, 0x55, 0x7F, 0x1C, 0x74, 0x4E, 0x30, 0x78, 0xB8, 0x42, 0x00, 0xDD, 0x7E, 0xE7, 
0x00, 0x25, 0x6D, 0x4F, 0xAE, 0xE0, 0x68, 0x46, 0x40, 0x5D, 0x00, 0x28, 0x7E, 0xD0, 0xFF, 0x20, 
0x11, 0x90, 0x00, 0x20, 0x14, 0x90, 0x04, 0x46, 0x13, 0x90, 0x56, 0xE0, 0x03, 0xA8, 0x00, 0x57, 
0xA8, 0x42, 0x51, 0xD1, 0x09, 0xA8, 0x00, 0x5D, 0x00, 0x28, 0x4D, 0xD1, 0x68, 0x46, 0x40, 0x57, 
0x84, 0x46, 0x02, 0x28, 0x0D, 0xDA, 0x61, 0x48, 0x29, 0x01, 0x80, 0x68, 0x08, 0x18, 0xC0, 0x88, 
0x09, 0x28, 0x06, 0xD2, 0x12, 0x20, 0x60, 0x43, 0x80, 0x19, 0x81, 0x7C, 0xDF, 0x22, 0x11, 0x40, 
0x81, 0x74, 0x12, 0x20, 0x60, 0x43, 0x80, 0x19, 0x83, 0x7C, 0x59, 0x07, 0x14, 0xD0, 0x00, 0x21, 
0x15, 0x91, 0x19, 0x99, 0xA2, 0x00, 0x89, 0x58, 0xFF, 0x29, 0x07, 0xD0, 0x30, 0x22, 0x51, 0x43, 
0x53, 0x4A, 0x89, 0x18, 0x89, 0x7F, 0x49, 0x06, 0xC9, 0x0F, 0x15, 0x91, 0x99, 0x06, 0x15, 0xD4, 
0x15, 0x99, 0x00, 0x29, 0x20, 0xD1, 0x0E, 0xE0, 0x19, 0x98, 0xA1, 0x00, 0x40, 0x58, 0x30, 0x21, 
0x48, 0x43, 0x4B, 0x49, 0x40, 0x18, 0xC0, 0x7E, 0x40, 0x07, 0x15, 0xD4, 0x29, 0x46, 0x20, 0x46, 
0xFF, 0xF7, 0x14, 0xFD, 0x10, 0xE0, 0x61, 0x46, 0x02, 0x29, 0x0D, 0xDB, 0x11, 0x99, 0xFF, 0x29, 
0x35, 0xD0, 0x01, 0x21, 0x09, 0xAA, 0x11, 0x55, 0x02, 0x89, 0x14, 0x99, 0x51, 0x18, 0x14, 0x91, 
0xC1, 0x88, 0x13, 0x98, 0x08, 0x18, 0x13, 0x90, 0x64, 0x1C, 0x30, 0x78, 0xA0, 0x42, 0xA5, 0xDC, 
0x11, 0x98, 0xFF, 0x28, 0x45, 0xD0, 0x12, 0x21, 0x48, 0x43, 0x11, 0x99, 0x80, 0x19, 0x8A, 0x00, 
0x1A, 0x99, 0x80, 0x1C, 0x89, 0x58, 0xFF, 0x29, 0x25, 0xD0, 0x02, 0x7C, 0x53, 0x07, 0x5B, 0x0F, 
0x06, 0xAA, 0xD2, 0x56, 0x6B, 0x46, 0x5B, 0x57, 0x9A, 0x42, 0x1C, 0xD1, 0x1B, 0x9B, 0x89, 0x00, 
0x5B, 0x58, 0x9A, 0x42, 0x17, 0xD1, 0x31, 0x4A, 0x53, 0x5A, 0x00, 0xE0, 0x29, 0xE0, 0x03, 0x80, 
0x89, 0x18, 0x49, 0x88, 0x41, 0x80, 0x01, 0x7C, 0xC9, 0x08, 0xC9, 0x00, 0x18, 0xE0, 0x61, 0x46, 
0x11, 0x94, 0x01, 0x29, 0x02, 0xDD, 0x20, 0x21, 0x0B, 0x43, 0x83, 0x74, 0x81, 0x7C, 0xEF, 0x22, 
0x11, 0x40, 0x81, 0x74, 0xC8, 0xE7, 0x21, 0x49, 0x2A, 0x01, 0x8B, 0x68, 0xD3, 0x18, 0x5B, 0x88, 
0x03, 0x80, 0x89, 0x68, 0x51, 0x18, 0x89, 0x88, 0x41, 0x80, 0x01, 0x7C, 0x08, 0x22, 0x11, 0x43, 
0x01, 0x74, 0xC2, 0x88, 0x14, 0x99, 0x51, 0x18, 0xC1, 0x80, 0x82, 0x88, 0x13, 0x99, 0x51, 0x18, 
0x81, 0x80, 0x6D, 0x1C, 0xB8, 0x7B, 0xA8, 0x42, 0x00, 0xDD, 0x4C, 0xE7, 0x2C, 0x21, 0x1B, 0x98, 
0x00, 0xF0, 0xFC, 0xFD, 0x2C, 0x21, 0x1C, 0x98, 0x00, 0xF0, 0xF8, 0xFD, 0x00, 0x24, 0x25, 0x46, 
0x46, 0xE0, 0x09, 0xA8, 0x40, 0x5D, 0x00, 0x28, 0x37, 0xD1, 0x12, 0x20, 0x68, 0x43, 0x81, 0x19, 
0x20, 0x46, 0x12, 0x22, 0x50, 0x43, 0x80, 0x19, 0x13, 0x91, 0x80, 0x1C, 0x89, 0x1C, 0x00, 0xF0, 
0x09, 0xFE, 0x03, 0xA8, 0x41, 0x5D, 0x01, 0x55, 0x19, 0x98, 0xAB, 0x00, 0xC2, 0x58, 0xA0, 0x00, 
0x19, 0x99, 0x0D, 0xE0, 0x94, 0x39, 0x00, 0x20, 0x40, 0x00, 0x07, 0x40, 0xFC, 0x1B, 0x00, 0x20, 
0x8C, 0x3E, 0x00, 0x20, 0xFF, 0xFF, 0xFF, 0x7F, 0x70, 0x3C, 0x00, 0x20, 0xF8, 0x2C, 0x00, 0x20, 
0x0A, 0x50, 0x1A, 0x99, 0x1A, 0x9A, 0xC9, 0x58, 0x11, 0x50, 0xFF, 0x29, 0x0C, 0xD0, 0x88, 0x00, 
0x1B, 0x99, 0x1B, 0x9A, 0x09, 0x58, 0x49, 0x1C, 0x11, 0x50, 0x1C, 0x99, 0x0A, 0x58, 0x13, 0x99, 
0xC9, 0x88, 0x51, 0x18, 0x1C, 0x9A, 0x11, 0x50, 0x64, 0x1C, 0x12, 0x20, 0x68, 0x43, 0x80, 0x19, 
0x81, 0x7C, 0x49, 0x07, 0x03, 0xD0, 0xC1, 0x7C, 0xFD, 0x22, 0x11, 0x40, 0xC1, 0x74, 0x6D, 0x1C, 
0x30, 0x78, 0xA8, 0x42, 0xB5, 0xDC, 0x00, 0x25, 0x18, 0xE0, 0x0C, 0xA8, 0x40, 0x5D, 0x00, 0x28, 
0x13, 0xD1, 0x0A, 0x2C, 0x11, 0xDA, 0xFC, 0x49, 0x28, 0x01, 0x89, 0x68, 0x41, 0x18, 0x12, 0x20, 
0x60, 0x43, 0x80, 0x19, 0x84, 0x46, 0x80, 0x1C, 0xFF, 0xF7, 0x08, 0xFC, 0x60, 0x46, 0x81, 0x7C, 
0x08, 0x20, 0x01, 0x43, 0x60, 0x46, 0x81, 0x74, 0x64, 0x1C, 0x6D, 0x1C, 0xB8, 0x7B, 0xA8, 0x42, 
0xE3, 0xDC, 0x34, 0x70, 0x1D, 0xB0, 0xF0, 0xBD, 0xF0, 0xB5, 0xB5, 0xB0, 0x2C, 0x21, 0x13, 0xA8, 
0x00, 0xF0, 0x84, 0xFD, 0x2C, 0x21, 0x08, 0xA8, 0x00, 0xF0, 0x80, 0xFD, 0x01, 0x20, 0xFF, 0xF7, 
0x30, 0xFA, 0x00, 0xF0, 0xA5, 0xFD, 0x00, 0xF0, 0xA9, 0xFD, 0x00, 0xF0, 0xAD, 0xFD, 0x00, 0x25, 
0x67, 0xE0, 0xE6, 0x48, 0xFF, 0x22, 0x41, 0x19, 0x3B, 0x32, 0x52, 0x5C, 0x00, 0x2A, 0x0C, 0xD0, 
0xFF, 0x31, 0x41, 0x31, 0x49, 0x79, 0x01, 0x29, 0x07, 0xD0, 0xA9, 0x00, 0x08, 0x18, 0xFF, 0x30, 
0x01, 0x30, 0x82, 0x68, 0x1E, 0xA8, 0x42, 0x50, 0x03, 0xE0, 0xFF, 0x20, 0xAA, 0x00, 0x1E, 0xA9, 
0x88, 0x50, 0x12, 0x20, 0x68, 0x43, 0x84, 0x19, 0xA0, 0x1C, 0x00, 0xF0, 0x93, 0xFD, 0xE1, 0x7C, 
0xF7, 0x22, 0xC0, 0x00, 0x11, 0x40, 0x01, 0x43, 0xE1, 0x74, 0xD5, 0x48, 0xFF, 0x27, 0x00, 0x26, 
0x01, 0x90, 0x15, 0xE0, 0xB0, 0x00, 0xD3, 0x4A, 0x06, 0x90, 0xA1, 0x1C, 0x80, 0x18, 0x00, 0xF0, 
0x7D, 0xFC, 0x00, 0x28, 0x0B, 0xD0, 0xCF, 0x4A, 0x06, 0x98, 0x2C, 0x32, 0xA1, 0x1C, 0x80, 0x18, 
0x00, 0xF0, 0x42, 0xFD, 0x01, 0x99, 0x88, 0x42, 0x01, 0xDA, 0x37, 0x46, 0x01, 0x90, 0x76, 0x1C, 
0xC5, 0x48, 0x00, 0x78, 0x86, 0x42, 0xE5, 0xDB, 0xE0, 0x7C, 0x40, 0x08, 0x40, 0x00, 0xE0, 0x74, 
0xFF, 0x2F, 0x2A, 0xD0, 0xBA, 0x00, 0x08, 0xA9, 0x8B, 0x58, 0x5B, 0x1C, 0x8B, 0x50, 0xDF, 0x21, 
0x08, 0x40, 0xC0, 0x49, 0x58, 0x31, 0xC9, 0x5D, 0x4A, 0x07, 0xD2, 0x0F, 0x52, 0x01, 0x10, 0x43, 
0xFB, 0x22, 0x10, 0x40, 0x0A, 0x07, 0xD2, 0x0F, 0x92, 0x00, 0x10, 0x43, 0x89, 0x07, 0xFD, 0x22, 
0xC9, 0x0F, 0x10, 0x40, 0x49, 0x00, 0x08, 0x43, 0xE0, 0x74, 0xA9, 0x00, 0x13, 0xA8, 0x47, 0x50, 
0x6D, 0x1C, 0xB5, 0x4E, 0x30, 0x78, 0xA8, 0x42, 0x93, 0xDC, 0x29, 0xAB, 0x08, 0xAA, 0x13, 0xA9, 
0x1E, 0xA8, 0xFF, 0xF7, 0xAC, 0xFD, 0x00, 0x20, 0x27, 0xE0, 0xC9, 0x21, 0x08, 0x40, 0xE0, 0x74, 
0xFF, 0x21, 0xAA, 0x00, 0x13, 0xA8, 0x81, 0x50, 0xE7, 0xE7, 0x81, 0x00, 0x13, 0xAA, 0x51, 0x58, 
0x12, 0x22, 0x42, 0x43, 0x92, 0x19, 0x93, 0x7C, 0x5B, 0x07, 0x06, 0xD1, 0xFF, 0x29, 0x13, 0xD0, 
0x8C, 0x00, 0x08, 0xAB, 0x1B, 0x59, 0x01, 0x2B, 0x0E, 0xDD, 0xD3, 0x7C, 0xFD, 0x24, 0x23, 0x40, 
0xD3, 0x74, 0xFF, 0x29, 0x05, 0xD0, 0x9F, 0x4C, 0xEF, 0x27, 0x58, 0x34, 0x65, 0x5C, 0x3D, 0x40, 
0x65, 0x54, 0xDF, 0x21, 0x0B, 0x40, 0xD3, 0x74, 0x40, 0x1C, 0x31, 0x78, 0x81, 0x42, 0xDC, 0xDC, 
0x00, 0x24, 0x34, 0xE0, 0xA0, 0x00, 0x13, 0xA9, 0x0D, 0x58, 0xFF, 0x2D, 0x27, 0xD0, 0xA9, 0x00, 
0x08, 0xA8, 0x40, 0x58, 0x01, 0x28, 0x22, 0xDB, 0x92, 0x4A, 0x92, 0x4B, 0x68, 0x00, 0x64, 0x32, 
0x12, 0x5A, 0x7A, 0x33, 0x18, 0x5A, 0x10, 0x1A, 0x12, 0x22, 0x62, 0x43, 0x97, 0x19, 0xFA, 0x88, 
0x50, 0x43, 0x29, 0xAA, 0x51, 0x58, 0x00, 0xF0, 0x89, 0xFC, 0x8C, 0x49, 0x09, 0x7A, 0x81, 0x42, 
0x04, 0xDD, 0x88, 0x48, 0x58, 0x30, 0x40, 0x5D, 0xC0, 0x06, 0x03, 0xD5, 0xF8, 0x7C, 0x01, 0x21, 
0x08, 0x43, 0x02, 0xE0, 0xF8, 0x7C, 0x40, 0x08, 0x40, 0x00, 0xF8, 0x74, 0x06, 0xE0, 0x12, 0x20, 
0x60, 0x43, 0x80, 0x19, 0xC1, 0x7C, 0x49, 0x08, 0x49, 0x00, 0xC1, 0x74, 0x64, 0x1C, 0x30, 0x78, 
0xA0, 0x42, 0xC7, 0xDC, 0x35, 0xB0, 0xF0, 0xBD, 0xF0, 0xB5, 0x7D, 0x49, 0x87, 0xB0, 0xC8, 0x7A, 
0x00, 0x28, 0x72, 0xD0, 0x78, 0x48, 0x02, 0x78, 0x01, 0x2A, 0x6E, 0xD1, 0x02, 0x89, 0x89, 0x8B, 
0x92, 0x00, 0x12, 0x1F, 0x8A, 0x42, 0x68, 0xDC, 0x45, 0x7B, 0x00, 0x2D, 0x65, 0xD0, 0xC2, 0x7A, 
0x74, 0x49, 0x06, 0x92, 0x0B, 0x79, 0x9A, 0x42, 0x5F, 0xD0, 0x02, 0x7B, 0x05, 0x92, 0x49, 0x79, 
0x8A, 0x42, 0x5A, 0xD0, 0x81, 0x7A, 0x04, 0x91, 0x00, 0x29, 0x56, 0xD0, 0x00, 0x24, 0x03, 0x21, 
0x09, 0x07, 0x00, 0x94, 0x02, 0x94, 0x01, 0x94, 0x03, 0x91, 0x36, 0xE0, 0x04, 0x9E, 0x30, 0xE0, 
0x68, 0x48, 0x00, 0x79, 0x40, 0x1C, 0x68, 0x43, 0x80, 0x19, 0x41, 0x00, 0x03, 0x98, 0x47, 0x5E, 
0x62, 0x48, 0x60, 0x38, 0x81, 0x8C, 0xB9, 0x42, 0x22, 0xDA, 0xC1, 0x8C, 0x79, 0x1A, 0x01, 0xD5, 
0x00, 0x20, 0x01, 0xE0, 0xC0, 0x8C, 0x38, 0x1A, 0x5D, 0x49, 0x8A, 0x89, 0x82, 0x42, 0x0A, 0xDA, 
0x89, 0x89, 0x40, 0x1A, 0x5A, 0x49, 0xC9, 0x7A, 0x48, 0x43, 0x0A, 0x21, 0x00, 0xF0, 0x1E, 0xFC, 
0x57, 0x49, 0x89, 0x89, 0x40, 0x18, 0x00, 0x99, 0x02, 0x9A, 0x09, 0x18, 0x00, 0x91, 0x01, 0x46, 
0x71, 0x43, 0x89, 0x18, 0x02, 0x91, 0x01, 0x99, 0xE4, 0x19, 0x68, 0x43, 0x40, 0x18, 0x01, 0x90, 
0x76, 0x1C, 0x06, 0x98, 0xB0, 0x42, 0xCB, 0xDA, 0x6D, 0x1C, 0x05, 0x98, 0xA8, 0x42, 0xC5, 0xDA, 
0x4B, 0x4A, 0xFF, 0x25, 0xD0, 0x89, 0x01, 0x35, 0xA0, 0x42, 0x0E, 0xDA, 0x50, 0x8B, 0xA0, 0x42, 
0x05, 0xDB, 0x50, 0x8B, 0xD1, 0x89, 0x41, 0x1A, 0xD0, 0x89, 0x20, 0x1A, 0x0F, 0xE0, 0xD0, 0x8B, 
0xA0, 0x42, 0x04, 0xDB, 0x00, 0x98, 0x00, 0x28, 0x12, 0xDC, 0x07, 0xB0, 0xF0, 0xBD, 0x90, 0x8B, 
0xA0, 0x42, 0xFA, 0xDB, 0x90, 0x8B, 0xD1, 0x8B, 0x41, 0x1A, 0x90, 0x8B, 0x00, 0x1B, 0x00, 0x02, 
0x00, 0xF0, 0xE4, 0xFB, 0x05, 0x46, 0x00, 0x98, 0x00, 0x28, 0xEE, 0xDD, 0x00, 0x2D, 0xEC, 0xDD, 
0x35, 0x4C, 0x02, 0x98, 0x67, 0x88, 0xA2, 0x88, 0x03, 0x92, 0xC0, 0x02, 0x00, 0x99, 0x00, 0xF0, 
0xD5, 0xFB, 0x01, 0x46, 0x01, 0x20, 0x80, 0x02, 0x0E, 0x18, 0x01, 0x98, 0x00, 0x99, 0xC0, 0x02, 
0x00, 0xF0, 0xCC, 0xFB, 0x01, 0x21, 0x89, 0x02, 0x41, 0x18, 0xFF, 0x20, 0x01, 0x30, 0x40, 0x1B, 
0x02, 0x46, 0x7A, 0x43, 0x6E, 0x43, 0x92, 0x19, 0x12, 0x02, 0x12, 0x0C, 0x62, 0x80, 0x03, 0x9A, 
0x69, 0x43, 0x50, 0x43, 0x40, 0x18, 0x00, 0x02, 0x00, 0x0C, 0xA0, 0x80, 0xC5, 0xE7, 0x10, 0xB5, 
0xFF, 0xF7, 0x4A, 0xFF, 0xFF, 0xF7, 0x58, 0xFE, 0x23, 0x48, 0xC1, 0x78, 0x00, 0x29, 0x0A, 0xD0, 
0x1E, 0x49, 0x60, 0x39, 0x49, 0x79, 0xC9, 0x06, 0x05, 0xD5, 0x1B, 0x49, 0x00, 0x22, 0x0B, 0x78, 
0x00, 0x2B, 0x01, 0xD0, 0x0A, 0x70, 0x10, 0xBD, 0xC2, 0x70, 0x10, 0xBD, 0x70, 0xB5, 0x1B, 0x48, 
0x80, 0x7B, 0x15, 0x4C, 0x00, 0x25, 0x20, 0x70, 0x0F, 0x4E, 0x09, 0xE0, 0xB1, 0x68, 0x28, 0x01, 
0x41, 0x18, 0x12, 0x20, 0x68, 0x43, 0x00, 0x19, 0x80, 0x1C, 0xFF, 0xF7, 0x2F, 0xFA, 0x6D, 0x1C, 
0x20, 0x78, 0xA8, 0x42, 0xF2, 0xDC, 0x00, 0x20, 0xB1, 0x68, 0x08, 0xE0, 0x42, 0x00, 0x52, 0x18, 
0x80, 0x32, 0x13, 0x8E, 0x12, 0x22, 0x42, 0x43, 0x12, 0x19, 0x13, 0x82, 0x40, 0x1C, 0x22, 0x78, 
0x82, 0x42, 0xF3, 0xDC, 0x70, 0xBD, 0x00, 0x00, 0xFC, 0x1B, 0x00, 0x20, 0x38, 0x3D, 0x00, 0x20, 
0xFF, 0xFF, 0xFF, 0x7F, 0xCC, 0x2C, 0x00, 0x20, 0x70, 0x3C, 0x00, 0x20, 0xB4, 0x39, 0x00, 0x20, 
0x74, 0x3A, 0x00, 0x20, 0x00, 0x00, 0x00, 0x40, 0x8C, 0x3E, 0x00, 0x20, 0x40, 0x00, 0x07, 0x40, 
0x10, 0xB5, 0xF8, 0x4A, 0x11, 0x79, 0x12, 0x23, 0x58, 0x43, 0xF8, 0x4B, 0xCC, 0x07, 0xC3, 0x18, 
0x10, 0x46, 0xF5, 0x49, 0x40, 0x30, 0x00, 0x2C, 0x0A, 0xD0, 0x5B, 0x88, 0x12, 0x79, 0x1B, 0x0A, 
0x92, 0x07, 0x01, 0xD5, 0x89, 0x7E, 0x09, 0xE0, 0x00, 0x7F, 0x98, 0x42, 0x0C, 0xDC, 0x0D, 0xE0, 
0x9B, 0x88, 0x12, 0x79, 0x1B, 0x0A, 0x52, 0x07, 0xF6, 0xD5, 0x49, 0x7E, 0x00, 0x7F, 0xC9, 0x00, 
0xC9, 0x1A, 0x49, 0x1E, 0x81, 0x42, 0x01, 0xDA, 0x01, 0x20, 0x10, 0xBD, 0x00, 0x20, 0x10, 0xBD, 
0x70, 0xB5, 0x03, 0x24, 0x24, 0x07, 0x00, 0xE0, 0x40, 0x18, 0x45, 0x00, 0x65, 0x5F, 0x9D, 0x42, 
0x01, 0xDC, 0x90, 0x42, 0xF8, 0xDD, 0x90, 0x42, 0x02, 0xDD, 0x00, 0x20, 0xB2, 0xE7, 0x52, 0x1A, 
0x55, 0x00, 0x65, 0x5F, 0x9D, 0x42, 0xFA, 0xDD, 0x10, 0x1A, 0x00, 0xF0, 0x27, 0xFB, 0x40, 0x1C, 
0xA8, 0xE7, 0x12, 0x22, 0x50, 0x43, 0x18, 0xB5, 0xD8, 0x4A, 0x80, 0x18, 0x42, 0x7B, 0x00, 0x2A, 
0x0A, 0xD0, 0x00, 0x22, 0x6B, 0x46, 0x1A, 0x70, 0xD3, 0x4A, 0xC4, 0x7A, 0x93, 0x7E, 0x5B, 0x1E, 
0x9C, 0x42, 0x03, 0xD1, 0x01, 0x23, 0x02, 0xE0, 0x01, 0x22, 0xF3, 0xE7, 0x00, 0x23, 0x6C, 0x46, 
0x63, 0x70, 0x03, 0x7B, 0x52, 0x7E, 0x52, 0x1E, 0x93, 0x42, 0x01, 0xD1, 0x01, 0x22, 0x00, 0xE0, 
0x00, 0x22, 0xA2, 0x70, 0x80, 0x7A, 0x23, 0x46, 0x00, 0x28, 0x0A, 0xD0, 0x00, 0x20, 0xC5, 0x4A, 
0xD8, 0x70, 0x10, 0x79, 0x12, 0x79, 0xC3, 0x07, 0x09, 0xD0, 0x92, 0x07, 0x03, 0xD5, 0x49, 0x1C, 
0x02, 0xE0, 0x01, 0x20, 0xF3, 0xE7, 0xC9, 0x1C, 0x89, 0x07, 0x89, 0x0F, 0x03, 0xE0, 0x52, 0x07, 
0x01, 0xD5, 0x89, 0x1C, 0xF8, 0xE7, 0x60, 0x5C, 0x18, 0xBD, 0xF7, 0xB5, 0x0E, 0x46, 0x12, 0x21, 
0x48, 0x43, 0xBA, 0x49, 0xB8, 0x4D, 0x47, 0x18, 0x78, 0x7B, 0xA9, 0x7E, 0x88, 0xB0, 0xBA, 0x7A, 
0x41, 0x43, 0x89, 0x18, 0x02, 0x91, 0xA9, 0x7E, 0x48, 0x43, 0xF9, 0x7A, 0x40, 0x18, 0x03, 0x90, 
0x38, 0x7B, 0xAB, 0x7E, 0x43, 0x43, 0x9A, 0x18, 0x01, 0x92, 0xAA, 0x7E, 0x00, 0x24, 0x50, 0x43, 
0x40, 0x18, 0x04, 0x90, 0x34, 0x60, 0xB8, 0x7A, 0x00, 0x28, 0x08, 0xD1, 0xA9, 0x7E, 0x0A, 0x9B, 
0x01, 0x9A, 0x02, 0x98, 0xFF, 0xF7, 0x84, 0xFF, 0x04, 0x46, 0x01, 0x20, 0x30, 0x60, 0xF9, 0x7A, 
0xA8, 0x7E, 0x40, 0x1E, 0x81, 0x42, 0x09, 0xD1, 0xA9, 0x7E, 0x0A, 0x9B, 0x04, 0x9A, 0x03, 0x98, 
0xFF, 0xF7, 0x76, 0xFF, 0x04, 0x19, 0x30, 0x68, 0x40, 0x1C, 0x30, 0x60, 0x78, 0x7B, 0x00, 0x28, 
0x09, 0xD1, 0x01, 0x21, 0x0A, 0x9B, 0x03, 0x9A, 0x02, 0x98, 0xFF, 0xF7, 0x69, 0xFF, 0x04, 0x19, 
0x30, 0x68, 0x40, 0x1C, 0x30, 0x60, 0x39, 0x7B, 0x68, 0x7E, 0x40, 0x1E, 0x81, 0x42, 0x09, 0xD1, 
0x01, 0x21, 0x0A, 0x9B, 0x04, 0x9A, 0x01, 0x98, 0xFF, 0xF7, 0x5A, 0xFF, 0x04, 0x19, 0x30, 0x68, 
0x40, 0x1C, 0x30, 0x60, 0x20, 0x46, 0x0B, 0xB0, 0xF0, 0xBD, 0xF0, 0xB5, 0x8D, 0x49, 0x9B, 0xB0, 
0x09, 0x79, 0x8E, 0x4D, 0xC9, 0x07, 0x04, 0xD0, 0x12, 0x21, 0x48, 0x43, 0x40, 0x19, 0x80, 0x7B, 
0x03, 0xE0, 0x12, 0x21, 0x48, 0x43, 0x40, 0x19, 0xC0, 0x7B, 0x17, 0x90, 0x85, 0x48, 0x40, 0x30, 
0x16, 0x90, 0x80, 0x7C, 0x64, 0x21, 0x48, 0x43, 0x15, 0x90, 0x00, 0x20, 0x0B, 0x90, 0x0B, 0x21, 
0x83, 0x48, 0x00, 0xF0, 0xE5, 0xFA, 0x01, 0x20, 0xFE, 0xF7, 0x53, 0xFF, 0x00, 0xF0, 0xC8, 0xFA, 
0x00, 0xF0, 0xCC, 0xFA, 0x00, 0xF0, 0xD0, 0xFA, 0x7A, 0x48, 0x00, 0x24, 0x60, 0x30, 0x03, 0x90, 
0x79, 0x48, 0x13, 0x90, 0x68, 0xE1, 0x12, 0x20, 0x60, 0x43, 0x85, 0x18, 0xA8, 0x7A, 0x06, 0x90, 
0xE8, 0x7A, 0x0C, 0x90, 0x68, 0x7B, 0x01, 0x90, 0x28, 0x7B, 0x18, 0x90, 0xE8, 0x88, 0x0B, 0x99, 
0x88, 0x42, 0x00, 0xD2, 0x08, 0x46, 0x0B, 0x90, 0x03, 0x98, 0x06, 0x7A, 0x00, 0x2E, 0x7D, 0xD0, 
0x6C, 0x48, 0x24, 0x22, 0x82, 0x5E, 0x19, 0xA9, 0x20, 0x46, 0xFF, 0xF7, 0x5E, 0xFF, 0x6D, 0x4A, 
0x07, 0x46, 0xFF, 0x21, 0x10, 0x19, 0x3B, 0x31, 0x09, 0x5C, 0x00, 0x29, 0x0A, 0xD0, 0xFF, 0x30, 
0x41, 0x30, 0x40, 0x79, 0x01, 0x28, 0x05, 0xD0, 0xA0, 0x00, 0x80, 0x18, 0xFF, 0x30, 0x01, 0x30, 
0x80, 0x68, 0x00, 0xE0, 0xFF, 0x20, 0x04, 0x90, 0x03, 0x98, 0xC0, 0x7C, 0x00, 0x28, 0x26, 0xD0, 
0x03, 0x98, 0xE9, 0x88, 0xC0, 0x7C, 0x81, 0x42, 0x21, 0xD9, 0x5A, 0x48, 0x00, 0x79, 0xC0, 0x07, 
0x03, 0xD0, 0x13, 0x98, 0xA9, 0x88, 0x40, 0x7E, 0x02, 0xE0, 0x13, 0x98, 0x69, 0x88, 0x80, 0x7E, 
0x80, 0x02, 0x81, 0x42, 0x58, 0x48, 0x09, 0xD2, 0x81, 0x78, 0x04, 0x9A, 0x91, 0x42, 0x01, 0xD1, 
0xFF, 0x29, 0x0C, 0xD1, 0x15, 0x99, 0x81, 0x80, 0x42, 0x70, 0x08, 0xE0, 0x41, 0x78, 0x04, 0x9A, 
0x91, 0x42, 0x01, 0xD1, 0xFF, 0x29, 0x02, 0xD1, 0x15, 0x99, 0xC1, 0x80, 0x82, 0x70, 0xE8, 0x88, 
0xB0, 0x42, 0x04, 0xD3, 0x4A, 0x49, 0x01, 0x23, 0x0A, 0x5D, 0x1A, 0x43, 0x0A, 0x55, 0x19, 0x99, 
0x01, 0x29, 0x0F, 0xD0, 0x03, 0xDD, 0x03, 0x99, 0x49, 0x7B, 0xB9, 0x42, 0x19, 0xDD, 0x03, 0x99, 
0xC9, 0x7B, 0x88, 0x42, 0x1A, 0xD3, 0x00, 0x21, 0x20, 0x46, 0xFF, 0xF7, 0xCA, 0xFE, 0x00, 0x28, 
0x0F, 0xD1, 0x02, 0xE0, 0x03, 0x99, 0x49, 0x7A, 0xEF, 0xE7, 0x03, 0x21, 0x20, 0x46, 0xFF, 0xF7, 
0xC0, 0xFE, 0x00, 0x28, 0x05, 0xD1, 0x01, 0x21, 0x20, 0x46, 0xFF, 0xF7, 0xBA, 0xFE, 0x00, 0x28, 
0x04, 0xD0, 0x37, 0x48, 0x02, 0x22, 0x01, 0x5D, 0x11, 0x43, 0x01, 0x55, 0x03, 0x98, 0x40, 0x78, 
0x00, 0x28, 0x39, 0xD0, 0x03, 0x98, 0xE9, 0x88, 0x40, 0x78, 0x00, 0xE0, 0xAB, 0xE0, 0x81, 0x42, 
0x15, 0xD3, 0x03, 0x98, 0x81, 0x78, 0x17, 0x98, 0x81, 0x42, 0x10, 0xDC, 0x16, 0x98, 0x18, 0x22, 
0x82, 0x5E, 0x14, 0xA9, 0x20, 0x46, 0xFF, 0xF7, 0xD8, 0xFE, 0x03, 0x99, 0xC9, 0x78, 0x88, 0x42, 
0x05, 0xDB, 0x00, 0x21, 0x20, 0x46, 0xFF, 0xF7, 0x94, 0xFE, 0x00, 0x28, 0x17, 0xD1, 0x04, 0x98, 
0xFF, 0x28, 0x07, 0xD0, 0x30, 0x21, 0x48, 0x43, 0x24, 0x49, 0x40, 0x18, 0x20, 0x30, 0x00, 0x7D, 
0x80, 0x07, 0x11, 0xD4, 0x04, 0x98, 0x00, 0xF0, 0x21, 0xFA, 0x01, 0x46, 0x16, 0x98, 0x40, 0x7F, 
0x81, 0x42, 0x09, 0xDA, 0x20, 0x46, 0xFF, 0xF7, 0x3B, 0xFE, 0x00, 0x28, 0x04, 0xD0, 0x18, 0x48, 
0x08, 0x22, 0x01, 0x5D, 0x11, 0x43, 0x01, 0x55, 0xE8, 0x7B, 0x19, 0x4E, 0x84, 0x46, 0xB0, 0x79, 
0x00, 0x28, 0x70, 0xD0, 0x02, 0x21, 0x20, 0x46, 0xFF, 0xF7, 0x6B, 0xFE, 0x00, 0x28, 0x6A, 0xD0, 
0x31, 0x79, 0x30, 0x46, 0x61, 0x45, 0x66, 0xDC, 0x41, 0x79, 0xB9, 0x42, 0x63, 0xDB, 0x00, 0x21, 
0x0F, 0x46, 0x09, 0x91, 0x0A, 0x91, 0x07, 0x49, 0x09, 0x79, 0xC9, 0x07, 0x05, 0x49, 0x09, 0x79, 
0x27, 0xD0, 0x89, 0x07, 0x16, 0xD5, 0x06, 0x9A, 0x10, 0x92, 0x00, 0x22, 0x0C, 0x99, 0xD2, 0x43, 
0x14, 0xE0, 0x00, 0x00, 0x54, 0x39, 0x00, 0x20, 0x54, 0x38, 0x00, 0x20, 0x70, 0x3C, 0x00, 0x20, 
0x24, 0x2D, 0x00, 0x20, 0x38, 0x3D, 0x00, 0x20, 0xFC, 0x1B, 0x00, 0x20, 0x8C, 0x3E, 0x00, 0x20, 
0x74, 0x3A, 0x00, 0x20, 0x0C, 0x9A, 0x06, 0x99, 0x10, 0x92, 0x01, 0x22, 0x08, 0x92, 0x13, 0x9A, 
0x96, 0x7E, 0x01, 0x9A, 0x56, 0x43, 0x13, 0x9A, 0x92, 0x7E, 0x18, 0x9B, 0x5A, 0x43, 0x12, 0x92, 
0x15, 0xE0, 0x49, 0x07, 0x05, 0xD5, 0x01, 0x9A, 0x10, 0x92, 0x00, 0x22, 0x18, 0x99, 0xD2, 0x43, 
0x03, 0xE0, 0x18, 0x9A, 0x01, 0x99, 0x10, 0x92, 0x01, 0x22, 0x08, 0x92, 0x13, 0x9A, 0x56, 0x7E, 
0x01, 0x9A, 0x56, 0x43, 0x13, 0x9A, 0x53, 0x7E, 0x18, 0x9A, 0x53, 0x43, 0x12, 0x93, 0x14, 0x91, 
0x28, 0x8A, 0x0A, 0x21, 0x00, 0xF0, 0xB8, 0xF9, 0x5F, 0x49, 0x8A, 0x79, 0x50, 0x43, 0x03, 0xB2, 
0x18, 0x9A, 0x14, 0x98, 0x90, 0x42, 0x02, 0xD0, 0x01, 0x9A, 0x90, 0x42, 0x01, 0xD1, 0x02, 0x23, 
0xCB, 0x5E, 0x5A, 0x49, 0x09, 0x79, 0xC9, 0x07, 0x06, 0xD0, 0x12, 0x99, 0x0A, 0x18, 0x13, 0x99, 
0x89, 0x7E, 0x30, 0x18, 0x08, 0xE0, 0x26, 0xE0, 0x13, 0x99, 0x8E, 0x7E, 0x01, 0x21, 0x46, 0x43, 
0x0C, 0x98, 0x32, 0x18, 0x06, 0x98, 0x30, 0x18, 0xFF, 0xF7, 0xDA, 0xFD, 0x00, 0x28, 0x07, 0xD0, 
0x09, 0x98, 0x7F, 0x1C, 0xB8, 0x42, 0x00, 0xDA, 0x09, 0x97, 0x14, 0x98, 0x0A, 0x90, 0x00, 0xE0, 
0x00, 0x27, 0x10, 0x99, 0x14, 0x98, 0x88, 0x42, 0x18, 0xD1, 0x47, 0x48, 0x01, 0x79, 0x09, 0x98, 
0x81, 0x42, 0x08, 0xDC, 0x10, 0x99, 0x0A, 0x98, 0x88, 0x42, 0x04, 0xD1, 0x44, 0x49, 0x41, 0x22, 
0x08, 0x5D, 0x10, 0x43, 0x08, 0x55, 0x64, 0x1C, 0x42, 0x4A, 0x15, 0x78, 0xA5, 0x42, 0x00, 0xDD, 
0x91, 0xE6, 0x41, 0x48, 0xC1, 0x78, 0x0C, 0x29, 0x04, 0xD0, 0x08, 0xE0, 0x08, 0x99, 0x40, 0x18, 
0x14, 0x90, 0xAD, 0xE7, 0x0B, 0x99, 0x01, 0x71, 0x0B, 0x99, 0x09, 0x0A, 0x41, 0x71, 0x3B, 0x49, 
0x00, 0x20, 0xCC, 0x88, 0x8E, 0x88, 0x3A, 0x49, 0x27, 0x46, 0x09, 0x68, 0x12, 0xE0, 0x8E, 0x42, 
0x0F, 0xD9, 0x8F, 0x42, 0x0D, 0xD9, 0x12, 0x22, 0x42, 0x43, 0xD2, 0x18, 0xD3, 0x88, 0x03, 0x9A, 
0xD2, 0x7C, 0x93, 0x42, 0x05, 0xD9, 0x2E, 0x4A, 0x10, 0x23, 0x12, 0x5C, 0x1A, 0x43, 0x2C, 0x4B, 
0x1A, 0x54, 0x40, 0x1C, 0x2B, 0x4B, 0x85, 0x42, 0xE9, 0xDC, 0x2C, 0x48, 0xFF, 0x22, 0x8E, 0x42, 
0x02, 0xD9, 0x76, 0x1A, 0x86, 0x80, 0x00, 0xE0, 0x42, 0x70, 0x8C, 0x42, 0x02, 0xD9, 0x61, 0x1A, 
0xC1, 0x80, 0x00, 0xE0, 0x82, 0x70, 0x00, 0x21, 0x1B, 0xE0, 0x12, 0x22, 0x4A, 0x43, 0x20, 0x4E, 
0xD2, 0x18, 0x57, 0x88, 0x8C, 0x00, 0x2C, 0x3E, 0x37, 0x53, 0x97, 0x88, 0xA6, 0x19, 0x77, 0x80, 
0x1B, 0x4E, 0x97, 0x7A, 0x58, 0x3E, 0x37, 0x55, 0xD7, 0x7A, 0xA4, 0x19, 0x67, 0x70, 0x56, 0x7B, 
0xA6, 0x70, 0x16, 0x7B, 0xE6, 0x70, 0x16, 0x4E, 0x4C, 0x00, 0x0C, 0x36, 0xD2, 0x88, 0x32, 0x53, 
0x49, 0x1C, 0x8D, 0x42, 0xE1, 0xDC, 0x05, 0x70, 0x1B, 0xB0, 0xF0, 0xBD, 0x30, 0xB5, 0x08, 0x25, 
0x09, 0x23, 0x0B, 0x22, 0x0A, 0x24, 0x4D, 0x57, 0xCB, 0x56, 0x8A, 0x56, 0x0C, 0x57, 0x01, 0x21, 
0x41, 0x56, 0xA9, 0x42, 0x0D, 0xDB, 0x00, 0x21, 0x41, 0x56, 0x99, 0x42, 0x09, 0xDC, 0x03, 0x21, 
0x41, 0x56, 0x91, 0x42, 0x05, 0xDB, 0x02, 0x21, 0x41, 0x56, 0xA1, 0x42, 0x01, 0xDC, 0x01, 0x20, 
0x30, 0xBD, 0x00, 0x20, 0x30, 0xBD, 0x00, 0x00, 0x74, 0x3A, 0x00, 0x20, 0x54, 0x39, 0x00, 0x20, 
0x24, 0x2D, 0x00, 0x20, 0x70, 0x3C, 0x00, 0x20, 0x94, 0x38, 0x00, 0x20, 0xFC, 0x1B, 0x00, 0x20, 
0xD0, 0x1B, 0x00, 0x20, 0x03, 0xB4, 0x01, 0x48, 0x01, 0x90, 0x01, 0xBD, 0x7D, 0x02, 0x01, 0x60, 
0x03, 0xB4, 0x01, 0x48, 0x01, 0x90, 0x01, 0xBD, 0x49, 0x3F, 0x00, 0x00, 0x03, 0xB4, 0x01, 0x48, 
0x01, 0x90, 0x01, 0xBD, 0xAB, 0x02, 0x01, 0x60, 0x03, 0xB4, 0x01, 0x48, 0x01, 0x90, 0x01, 0xBD, 
0x43, 0x4B, 0x00, 0x00, 0x03, 0xB4, 0x01, 0x48, 0x01, 0x90, 0x01, 0xBD, 0x39, 0x3F, 0x00, 0x00, 
0x03, 0xB4, 0x01, 0x48, 0x01, 0x90, 0x01, 0xBD, 0x73, 0x02, 0x00, 0x00, 0x03, 0xB4, 0x01, 0x48, 
0x01, 0x90, 0x01, 0xBD, 0xF5, 0x05, 0x00, 0x00, 0x03, 0xB4, 0x01, 0x48, 0x01, 0x90, 0x01, 0xBD, 
0x93, 0x06, 0x00, 0x00, 0x03, 0xB4, 0x01, 0x48, 0x01, 0x90, 0x01, 0xBD, 0x5B, 0x32, 0x00, 0x00, 
0x03, 0xB4, 0x01, 0x48, 0x01, 0x90, 0x01, 0xBD, 0x4F, 0x1D, 0x01, 0x60, 0x03, 0xB4, 0x01, 0x48, 
0x01, 0x90, 0x01, 0xBD, 0x5B, 0x33, 0x00, 0x00, 0x03, 0xB4, 0x01, 0x48, 0x01, 0x90, 0x01, 0xBD, 
0x0B, 0x56, 0x00, 0x00, 0x03, 0xB4, 0x01, 0x48, 0x01, 0x90, 0x01, 0xBD, 0xE7, 0x2D, 0x00, 0x00, 
0x03, 0xB4, 0x01, 0x48, 0x01, 0x90, 0x01, 0xBD, 0x1D, 0x03, 0x00, 0x00, 0x03, 0xB4, 0x01, 0x48, 
0x01, 0x90, 0x01, 0xBD, 0x2D, 0x03, 0x00, 0x00, 0x03, 0xB4, 0x01, 0x48, 0x01, 0x90, 0x01, 0xBD, 
0x5D, 0x1C, 0x01, 0x60, 0x03, 0xB4, 0x01, 0x48, 0x01, 0x90, 0x01, 0xBD, 0x89, 0x4C, 0x00, 0x00, 
0x03, 0xB4, 0x01, 0x48, 0x01, 0x90, 0x01, 0xBD, 0x85, 0x13, 0x00, 0x00, 0x03, 0xB4, 0x01, 0x48, 
0x01, 0x90, 0x01, 0xBD, 0x21, 0x55, 0x00, 0x00, 0x03, 0xB4, 0x01, 0x48, 0x01, 0x90, 0x01, 0xBD, 
0x99, 0x0A, 0x00, 0x00, 0x03, 0xB4, 0x01, 0x48, 0x01, 0x90, 0x01, 0xBD, 0x21, 0x05, 0x00, 0x00, 
0x03, 0xB4, 0x01, 0x48, 0x01, 0x90, 0x01, 0xBD, 0x27, 0x0B, 0x00, 0x00, 0x03, 0xB4, 0x01, 0x48, 
0x01, 0x90, 0x01, 0xBD, 0x7D, 0x13, 0x00, 0x00, 0x03, 0xB4, 0x01, 0x48, 0x01, 0x90, 0x01, 0xBD, 
0x79, 0x3A, 0x00, 0x00, 0x03, 0xB4, 0x01, 0x48, 0x01, 0x90, 0x01, 0xBD, 0xE9, 0x1C, 0x01, 0x60, 
0x03, 0xB4, 0x01, 0x48, 0x01, 0x90, 0x01, 0xBD, 0x01, 0x1D, 0x01, 0x60, 0x03, 0xB4, 0x01, 0x48, 
0x01, 0x90, 0x01, 0xBD, 0x7B, 0x55, 0x00, 0x00, 0x03, 0xB4, 0x01, 0x48, 0x01, 0x90, 0x01, 0xBD, 
0x9B, 0x1D, 0x00, 0x00, 0x03, 0xB4, 0x01, 0x48, 0x01, 0x90, 0x01, 0xBD, 0xC3, 0x08, 0x00, 0x00, 
0x03, 0xB4, 0x01, 0x48, 0x01, 0x90, 0x01, 0xBD, 0xA5, 0x36, 0x00, 0x00, 0x03, 0xB4, 0x01, 0x48, 
0x01, 0x90, 0x01, 0xBD, 0xBD, 0x14, 0x00, 0x00, 0x03, 0xB4, 0x01, 0x48, 0x01, 0x90, 0x01, 0xBD, 
0x99, 0x14, 0x00, 0x00, 0x03, 0xB4, 0x01, 0x48, 0x01, 0x90, 0x01, 0xBD, 0x49, 0x55, 0x00, 0x00, 
0x03, 0xB4, 0x01, 0x48, 0x01, 0x90, 0x01, 0xBD, 0x6B, 0x1C, 0x00, 0x00, 0x03, 0xB4, 0x01, 0x48, 
0x01, 0x90, 0x01, 0xBD, 0xB9, 0x1B, 0x00, 0x00, 0x03, 0xB4, 0x01, 0x48, 0x01, 0x90, 0x01, 0xBD, 
0xA3, 0x1A, 0x00, 0x00, 0x03, 0xB4, 0x01, 0x48, 0x01, 0x90, 0x01, 0xBD, 0x47, 0x15, 0x00, 0x00, 
0x03, 0xB4, 0x01, 0x48, 0x01, 0x90, 0x01, 0xBD, 0x7B, 0x55, 0x00, 0x00, 0x03, 0xB4, 0x01, 0x48, 
0x01, 0x90, 0x01, 0xBD, 0x6F, 0x42, 0x01, 0x60, 0x03, 0xB4, 0x01, 0x48, 0x01, 0x90, 0x01, 0xBD, 
0xF5, 0x54, 0x00, 0x00, 0x00, 0x00, 0x00, 0x00, 0x00, 0x00, 0x00, 0x00, 0x00, 0x06, 0x06, 0x00, 
0x00, 0x00, 0x00, 0x00, 0x00, 0x00, 0x00, 0x00, 0x00, 0x00, 0x00, 0x00, 0x00, 0x00, 0x00, 0x00, 
0x00, 0x00, 0x00, 0x00, 0x00, 0x00, 0x00, 0x00, 0x00, 0x00, 0x00, 0x00, 0x00, 0x00, 0x00, 0x00, 
0x00, 0x00, 0x00, 0x00, 0x00, 0x07, 0x02, 0x09, 0x04, 0x0B, 0x00, 0x00, 0x00, 0x00, 0x00, 0x00, 
0x00, 0x00, 0x00, 0x00, 0x00, 0x00, 0x00, 0x00, 0x00, 0x00, 0x00, 0x00, 0x00, 0x00, 0x00, 0x00, 
0x00, 0x00, 0x00, 0x00, 0x00, 0x00, 0x00, 0x00, 0x00, 0x00, 0x00, 0x00, 0x00, 0x00, 0x00, 0x00, 
0x00, 0x00, 0x00, 0x00, 0x00, 0x00, 0x00, 0x00, 0x00, 0x00, 0x00, 0x00, 0x00, 0x00, 0x00, 0x00, 
0x00, 0x00, 0x00, 0x00, 0x00, 0x00, 0x00, 0x00, 0x00, 0x00, 0x00, 0x00, 0x00, 0x00, 0x00, 0x00, 
0x00, 0x00, 0x00, 0x00, 0x00, 0x00, 0x00, 0x00, 0x00, 0x00, 0x00, 0x00, 0x00, 0x00, 0x00, 0x00, 
0x00, 0x00, 0x00, 0x00, 0x00, 0x00, 0x00, 0x00, 0x00, 0x00, 0x00, 0x00, 0x00, 0x00, 0x00, 0x00, 
0x00, 0x00, 0x00, 0x00, 0x00, 0x00, 0x00, 0x00, 0x00, 0x00, 0x00, 0x00, 0x00, 0x00, 0x00, 0x00, 
0x00, 0x00, 0x00, 0x00, 0x04, 0x00, 0x00, 0x00, 0x00, 0x00, 0x00, 0x00, 0x00, 0x00, 0x00, 0x00, 
0x00, 0x00, 0x00, 0x00, 0x00, 0x00, 0x00, 0x00, 0x00, 0xFF, 0xFF, 0x00, 0x00, 0x00, 0x00, 0x00, 
0x00, 0x10, 0x06, 0x40, 0x00, 0x00, 0x00, 0x00, 
};

#define TOUCH_FW_ARRAY_SZ  sizeof(TOUCH_FW)

#define seg 256

uint8_t touch_write_reg(uint16_t addr, uint8_t val)
{
/*
#ifdef CONFIG_TOUCH_DEBUG_IO
	return i2c_1_write(TOUCH_SLAVE_ID, I2C_1_BYTE_ADDRESS,addr,&val,0x01);
#else
	return i2c_0_write(TOUCH_SLAVE_ID, I2C_1_BYTE_ADDRESS,addr,&val,0x01);
#endif
*/
    printf("touch_write_reg addr = %x, val = %x\n", addr, val);
    return 0;
}

uint8_t touch_read_reg(uint16_t addr, uint8_t * p_val)
{
/*
#ifdef CONFIG_TOUCH_DEBUG_IO
	return i2c_1_read(TOUCH_SLAVE_ID, I2C_1_BYTE_ADDRESS,addr,p_val,0x01);
#else
	return i2c_0_read(TOUCH_SLAVE_ID, I2C_1_BYTE_ADDRESS,addr,p_val,0x01);
#endif
*/
//    printf("touch_read_reg addr = %x, val = %x\n", addr, p_val);
    return 0;
}


// Flash Execute函数封装
uint8_t flash_execute(uint8_t cmd, uint8_t flash_cmd, uint16_t cnt)
{
    uint8_t result = 0;
    uint8_t reg_cmd_value;

    // 清理命令寄存器
    if (touch_write_reg(0x2c, 0) != 0)
        return 1; // Error writing to register 0x2c

    // 写入flash命令
    if (touch_write_reg(0x20, flash_cmd) != 0)
        return 1; // Error writing to register 0x20

    // 写入数据计数
    if (touch_write_reg(0x22, (cnt & 0xFF)) != 0 || touch_write_reg(0x23, (cnt >> 8)) != 0)
        return 1; // Error writing to registers 0x22 and 0x23

    // 写入命令
    if (touch_write_reg(0x2c, cmd) != 0)
        return 1; // Error writing to register 0x2c

    // 读取命令状态
    if (touch_read_reg(0x2c, &reg_cmd_value) != 0)
        return 1; // Error reading from register 0x2c

    // 检查命令是否完成
    while ((reg_cmd_value & cmd) != 0)
    {
        if (touch_read_reg(0x2c, &reg_cmd_value) != 0)
            return 1; // Error reading from register 0x2c
    }
    return 0; // Success
}

// Flash Check Write Enable函数封装
uint8_t flash_check_write_enable(uint8_t max_retries)
{
    uint8_t status;
    uint8_t result = 0;
    int retries = 0;

    do {
        // 调用Flash Execute函数
        if (flash_execute(0x08, 0x05, 1) != 0)
            return 1; // Error executing flash command

        // 读取闪存状态
        if (touch_read_reg(0x1c, &status) != 0)
            return 1; // Error reading flash status

        // 检查写使能状态
        if ((status & 2) == 2) {
            result = 0; // Write enable is set
            break;
        }
        
        // 增加重试次数
        retries++;
    } while (retries < max_retries);

    return result;
}

// Flash Write Enable函数封装
uint8_t flash_write_enable(uint8_t max_retries)
{
    // 调用Flash Execute函数来发送写使能命令
    if (flash_execute(0x02, 0x06, 0) != 0)
        return 1; // Error executing flash write enable command

    // 验证写使能状态
    return flash_check_write_enable(max_retries);
}

// Flash Wait Write In Progress函数封装
uint8_t flash_wait_write_in_progress(uint8_t max_retries)
{
    uint8_t status;
    int retries = 0;
    
    do {
        // 调用Flash Execute函数以读取状态
        if (flash_execute(0x08, 0x05, 1) != 0) {
            return 1; // Error executing flash command
        }
        
        // 读取闪存状态
        if (touch_read_reg(0x1c, &status) != 0) {
            return 1; // Error reading flash status
        }
        
        // 检查写入是否还在进行
        if (!(status & 1)) {
            // 写入操作已完成
            return 0;
        }
        
        // 增加重试次数
        retries++;
    } while (retries < max_retries);
    
    return 1; // Failed to finish write operation within retries
}

// Program Flash from SRAM函数封装
uint8_t program_flash_from_sram(uint32_t address, uint16_t len)
{
    uint8_t status;
    uint8_t result = 0;

    // 写入使能
    if (flash_write_enable(3) != 0)
    {
        return 1;
    }

    // 设置闪存地址
    touch_write_reg(0x24, address & 0xFF);
    touch_write_reg(0x25, (address >> 8) & 0xFF);
    touch_write_reg(0x26, (address >> 16) & 0xFF);

    // // 等待写操作完成
    // if (!flash_wait_write_in_progress(10))
    // {
    //     return false;
    // }

    // 初始化SRAM访问偏移量
    touch_write_reg(0x2e, 0);
    touch_write_reg(0x2f, 0);


    // 执行编程命令
    if (flash_execute(0x81, 0x02, len) != 0)
    {
        return 1;
    }

    // 等待写操作完成
    if (flash_wait_write_in_progress(10) != 0)
    {
        return 1;
    }

    return result;
}

// Write SRAM函数封装
uint8_t write_sram(const uint8_t *data, uint16_t data_length)
{
    const uint8_t SRAM_SELECT_REG = 0x09;
    const uint8_t SRAM_NCS_REG = 0x0a;
    const uint8_t SRAM_PORT_REG = 0x0b;
    const uint8_t SRAM_SELECT_VALUE = 0x08;
    const uint16_t MAX_DATA_LENGTH = 4096; // Max 4K bytes

    if(data_length > MAX_DATA_LENGTH)
    {
        // Handle error if data exceeds max length
        return 1;
    }

    // Select SRAM
    if (touch_write_reg(SRAM_SELECT_REG, SRAM_SELECT_VALUE) != 0){
        return 1;
    }

    // Set SRAM NCS to 0 (enable)
    if (touch_write_reg(SRAM_NCS_REG, 0x00) != 0){
        return 1;
    }

    // Write data to SRAM port
    for(uint16_t i = 0; i < data_length; i++)
    {
        if (touch_write_reg(SRAM_PORT_REG, data[i]) != 0){
            break;
        }
    }

    // Set SRAM NCS back to 1 (disable)
    return touch_write_reg(SRAM_NCS_REG, 0x01);
}


// Erase Flash函数封装
uint8_t erase_flash_sector(uint32_t address)
{
    uint8_t status;
    uint8_t result = 0;

    // 写入使能
    if (flash_write_enable(3) != 0)
    {
        return 1;
    }

    // 设置闪存地址
    touch_write_reg(0x24, address & 0xFF);
    touch_write_reg(0x25, (address >> 8) & 0xFF);
    touch_write_reg(0x26, (address >> 16) & 0xFF);

    // 执行擦除命令
    if (flash_execute(0x02, 0x20, 3) != 0)
    {
        return 1;
    }

    // 等待写操作完成
    if (flash_wait_write_in_progress(10) != 0)
    {
        return 1;
    }

    return result;
}

// Write Flash函数封装
uint8_t write_flash(const uint8_t *data, uint32_t address, uint32_t size)
{
    uint8_t success = 0;
    // 初始化M为0
    uint32_t M = 0;

    // 计算目标数量
    uint32_t target_num = (size + 255) / 256;

    // 计算需要擦除的扇区 向上取整
    uint32_t erase_sector = (size + 4095) / 4096;

    printf("--------------4\r\n");
            // 擦除闪存
//    if (erase_flash_sector(address + erase_sector * 4096) != 0){
//        return 1;
//    }
    printf("--------------5\r\n");
    while (success == 0 && M < target_num)
    {
        uint16_t fw_offset = M * 256;
        uint16_t  write_len = (((M + 1) * 256) > size) ? size - M * 256 : 256;
        printf("**************write_len:%d\r\n",write_len);
        memcpy(data, TOUCH_FW + fw_offset , seg);
        // 如果擦除成功，则写入SRAM
        if (success == 0)
        {
            success = write_sram(data, write_len);
        }

        // 如果写入SRAM成功，则编程闪存
        if (success == 0)
        {
            success = program_flash_from_sram(address + M * 256, 256);
        }
        // 更新M值
        M++;
        printf("--------------M:%d\r\n",M);
    }

    return success;
}

// Engineer Mode Key1 and Key2 values
#define ENGINEER_MODE_KEY1 0xaaa
#define ENGINEER_MODE_KEY2 0xccc
#define LEAVING_ENGINEER_MODE_KEY1 0xbbb
#define LEAVING_ENGINEER_MODE_KEY2 0xddd

// Enter Engineer Mode函数封装
uint8_t enter_engineer_mode(void)
{

    // 写入KEY1
    if (touch_write_reg(0x0aa, ENGINEER_MODE_KEY1) != 0) { return 1; }

    // 写入KEY2
    if (touch_write_reg(0x0cc, ENGINEER_MODE_KEY2) != 0) { return 1; }

    return 0;
}

// Leave Engineer Mode函数封装
uint8_t leave_engineer_mode(void)
{

    // 写入KEY1
    if (touch_write_reg(0x0aa, LEAVING_ENGINEER_MODE_KEY1) != 0) { return 1; }

    // 写入KEY2
    if (touch_write_reg(0x0bb, LEAVING_ENGINEER_MODE_KEY2) != 0) { return 1; }

    return 0;
}
// 固件更新
uint8_t update_firmware(const uint8_t *firmware_code, uint32_t firmware_size){
      // 写入闪存
    return write_flash(firmware_code, 0, firmware_size);
}
// 参数更新
uint8_t update_parameter(const uint8_t *parameter_code, uint32_t parameter_size){
    // 写入闪存
    return write_flash(parameter_code, 0xe0, parameter_size);
}

// Main Flow Chart函数封装
uint8_t main_flow_chart(const uint8_t *firmware_code, uint32_t firmware_size)
{
    // 进入工程师模式
//    if (enter_engineer_mode() != 0) { return 1; }
    printf("--------------1");
    // 更新固件
    if (update_firmware(firmware_code, firmware_size) != 0) { return 1; }
    printf("--------------2");
    // 离开工程师模式
//    if (leave_engineer_mode() != 0) { return 1; }
    printf("--------------3");
    return 0;
}

uint8_t start_update(void)
{
    uint8_t buff[seg] = {0};
    memcpy(buff,TOUCH_FW,seg);
    // 更新固件
    return main_flow_chart(buff, TOUCH_FW_ARRAY_SZ);
}