name,type,start_time,duration,"rom_command","data"
"1-Wire","reset",2025-09-04T08:21:49.607052375+00:00,0.015010833,,
"1-Wire","reset",2025-09-04T08:21:49.622128542+00:00,0.01471125,,
"1-Wire","reset",2025-09-04T08:21:49.636895708+00:00,0.014779792,,
"1-Wire","reset",2025-09-04T08:21:49.651750083+00:00,0.015046292,,
"1-Wire","reset",2025-09-04T08:21:49.666871250+00:00,0.014858792,,
"1-Wire","reset",2025-09-04T08:21:49.681814250+00:00,0.014902708,,
"1-Wire","reset",2025-09-04T08:21:49.696791625+00:00,0.014963583,,
"1-Wire","reset",2025-09-04T08:21:49.711829958+00:00,0.014899583,,
"1-Wire","reset",2025-09-04T08:21:49.726823250+00:00,0.014873542,,
"1-Wire","reset",2025-09-04T08:21:49.741780875+00:00,0.014972417,,
"1-Wire","reset",2025-09-04T08:21:49.756828125+00:00,0.014871333,,
"1-Wire","reset",2025-09-04T08:21:49.771764333+00:00,0.01496875,,
"1-Wire","reset",2025-09-04T08:21:49.786797958+00:00,0.014854958,,
"1-Wire","reset",2025-09-04T08:21:49.801727125+00:00,0.014997625,,
"1-Wire","reset",2025-09-04T08:21:49.816798917+00:00,0.014874958,,
"1-Wire","reset",2025-09-04T08:21:49.831710667+00:00,0.01502975,,
"1-Wire","reset",2025-09-04T08:21:49.846786750+00:00,0.014925708,,
"1-Wire","reset",2025-09-04T08:21:49.861739792+00:00,0.014980292,,
"1-Wire","reset",2025-09-04T08:21:49.876766375+00:00,0.0150105,,
"1-Wire","reset",2025-09-04T08:21:49.891823292+00:00,0.014931792,,
"1-Wire","reset",2025-09-04T08:21:49.906801458+00:00,0.014946583,,
"1-Wire","reset",2025-09-04T08:21:49.921841833+00:00,0.014826792,,
"1-Wire","reset",2025-09-04T08:21:49.936752292+00:00,0.014913958,,
"1-Wire","reset",2025-09-04T08:21:49.951721542+00:00,0.014985375,,
"1-Wire","reset",2025-09-04T08:21:49.966771792+00:00,0.014736792,,
"1-Wire","reset",2025-09-04T08:21:49.981582833+00:00,0.015104333,,
"1-Wire","reset",2025-09-04T08:21:49.996761333+00:00,0.014947875,,
"1-Wire","reset",2025-09-04T08:21:50.011783667+00:00,0.014966958,,
"1-Wire","reset",2025-09-04T08:21:50.026824792+00:00,0.014873875,,
"1-Wire","reset",2025-09-04T08:21:50.041763417+00:00,0.014966125,,
"1-Wire","reset",2025-09-04T08:21:50.056803708+00:00,0.014882042,,
"1-Wire","reset",2025-09-04T08:21:50.071769792+00:00,0.014913333,,
"1-Wire","reset",2025-09-04T08:21:50.086719917+00:00,0.015009708,,
"1-Wire","reset",2025-09-04T08:21:50.101775875+00:00,0.0150125,,
"1-Wire","reset",2025-09-04T08:21:50.116834833+00:00,0.014882833,,
"1-Wire","reset",2025-09-04T08:21:50.131763917+00:00,0.0149355,,
"1-Wire","reset",2025-09-04T08:21:50.146764625+00:00,0.01498975,,
"1-Wire","reset",2025-09-04T08:21:50.161791250+00:00,0.014908958,,
"1-Wire","reset",2025-09-04T08:21:50.176736958+00:00,0.015001417,,
"1-Wire","reset",2025-09-04T08:21:50.191803708+00:00,0.014928792,,
"1-Wire","reset",2025-09-04T08:21:50.206797792+00:00,0.014892875,,
"1-Wire","reset",2025-09-04T08:21:50.221784208+00:00,0.014995125,,
"1-Wire","reset",2025-09-04T08:21:50.236844667+00:00,0.014878083,,
"1-Wire","reset",2025-09-04T08:21:50.251816000+00:00,0.014930833,,
"1-Wire","reset",2025-09-04T08:21:50.266830708+00:00,0.014876125,,
"1-Wire","reset",2025-09-04T08:21:50.281771583+00:00,0.015005375,,
"1-Wire","reset",2025-09-04T08:21:50.296832292+00:00,0.0148875,,
"1-Wire","reset",2025-09-04T08:21:50.311794000+00:00,0.014931333,,
"1-Wire","reset",2025-09-04T08:21:50.326799833+00:00,0.014918958,,
"1-Wire","reset",2025-09-04T08:21:50.341765042+00:00,0.014997333,,
"1-Wire","reset",2025-09-04T08:21:50.356827750+00:00,0.014930583,,
"1-Wire","reset",2025-09-04T08:21:50.371785708+00:00,0.014993,,
"1-Wire","reset",2025-09-04T08:21:50.386825167+00:00,0.0149195,,
"1-Wire","reset",2025-09-04T08:21:50.401781458+00:00,0.014953167,,
"1-Wire","reset",2025-09-04T08:21:50.416818833+00:00,0.014938167,,
"1-Wire","reset",2025-09-04T08:21:50.431831792+00:00,0.01489125,,
"1-Wire","reset",2025-09-04T08:21:50.446797333+00:00,0.015076917,,
"1-Wire","reset",2025-09-04T08:21:50.461929750+00:00,0.014952875,,
"1-Wire","reset",2025-09-04T08:21:50.476975625+00:00,0.014851458,,
"1-Wire","reset",2025-09-04T08:21:50.491873458+00:00,0.014956708,,
"1-Wire","reset",2025-09-04T08:21:50.506876583+00:00,0.014935625,,
"1-Wire","reset",2025-09-04T08:21:50.521849167+00:00,0.014996667,,
"1-Wire","reset",2025-09-04T08:21:50.536882750+00:00,0.014910208,,
"1-Wire","reset",2025-09-04T08:21:50.551848917+00:00,0.014951167,,
"1-Wire","reset",2025-09-04T08:21:50.566874875+00:00,0.014985542,,
"1-Wire","reset",2025-09-04T08:21:50.581944833+00:00,0.014909792,,
"1-Wire","reset",2025-09-04T08:21:50.596939250+00:00,0.014873792,,
"1-Wire","reset",2025-09-04T08:21:50.611897417+00:00,0.014967625,,
"1-Wire","reset",2025-09-04T08:21:50.626949458+00:00,0.014889958,,
"1-Wire","reset",2025-09-04T08:21:50.641914292+00:00,0.014935125,,
"1-Wire","reset",2025-09-04T08:21:50.656933792+00:00,0.014905333,,
"1-Wire","reset",2025-09-04T08:21:50.671923500+00:00,0.014952292,,
"1-Wire","reset",2025-09-04T08:21:50.686960208+00:00,0.014905958,,
"1-Wire","reset",2025-09-04T08:21:50.701941042+00:00,0.014816833,,
"1-Wire","reset",2025-09-04T08:21:50.716822750+00:00,0.01500475,,
"1-Wire","reset",2025-09-04T08:21:50.731892458+00:00,0.014893583,,
"1-Wire","reset",2025-09-04T08:21:50.746860583+00:00,0.014753167,,
"1-Wire","reset",2025-09-04T08:21:50.761697417+00:00,0.015118083,,
"1-Wire","reset",2025-09-04T08:21:50.776899042+00:00,0.014906042,,
"1-Wire","reset",2025-09-04T08:21:50.791889042+00:00,0.014931167,,
"1-Wire","reset",2025-09-04T08:21:50.806884833+00:00,0.014932792,,
"1-Wire","reset",2025-09-04T08:21:50.821920500+00:00,0.014935583,,
"1-Wire","reset",2025-09-04T08:21:50.836949958+00:00,0.014889792,,
"1-Wire","reset",2025-09-04T08:21:50.851924208+00:00,0.014976167,,
"1-Wire","reset",2025-09-04T08:21:50.866984792+00:00,0.014829417,,
"1-Wire","reset",2025-09-04T08:21:50.881869625+00:00,0.014969708,,
"1-Wire","reset",2025-09-04T08:21:50.896923458+00:00,0.014880833,,
"1-Wire","reset",2025-09-04T08:21:50.911897375+00:00,0.014898,,
"1-Wire","reset",2025-09-04T08:21:50.926869875+00:00,0.014883333,,
"1-Wire","reset",2025-09-04T08:21:50.941846250+00:00,0.014979042,,
"1-Wire","reset",2025-09-04T08:21:50.956899792+00:00,0.014854958,,
"1-Wire","reset",2025-09-04T08:21:50.971838375+00:00,0.014959458,,
"1-Wire","reset",2025-09-04T08:21:50.986881833+00:00,0.014923625,,
"1-Wire","reset",2025-09-04T08:21:51.001870083+00:00,0.014902917,,
"1-Wire","reset",2025-09-04T08:21:51.016866417+00:00,0.014911542,,
"1-Wire","reset",2025-09-04T08:21:51.031824417+00:00,0.0149965,,
"1-Wire","reset",2025-09-04T08:21:51.046876917+00:00,0.014930708,,
"1-Wire","reset",2025-09-04T08:21:51.061863542+00:00,0.014931292,,
"1-Wire","reset",2025-09-04T08:21:51.076822292+00:00,0.015010542,,
"1-Wire","reset",2025-09-04T08:21:51.091888750+00:00,0.014923042,,
"1-Wire","reset",2025-09-04T08:21:51.106858208+00:00,0.014999792,,
"1-Wire","reset",2025-09-04T08:21:51.121904417+00:00,0.014909542,,
"1-Wire","reset",2025-09-04T08:21:51.136869833+00:00,0.014918375,,
"1-Wire","reset",2025-09-04T08:21:51.151844167+00:00,0.014987625,,
"1-Wire","reset",2025-09-04T08:21:51.166887750+00:00,0.014938875,,
"1-Wire","reset",2025-09-04T08:21:51.181873042+00:00,0.014860458,,
"1-Wire","reset",2025-09-04T08:21:51.196817708+00:00,0.015144542,,
"1-Wire","reset",2025-09-04T08:21:51.212027750+00:00,0.014840958,,
"1-Wire","reset",2025-09-04T08:21:51.226943583+00:00,0.014929083,,
"1-Wire","reset",2025-09-04T08:21:51.241947542+00:00,0.014891917,,
"1-Wire","reset",2025-09-04T08:21:51.256923833+00:00,0.014821917,,
"1-Wire","reset",2025-09-04T08:21:51.271829625+00:00,0.014995958,,
"1-Wire","reset",2025-09-04T08:21:51.286909625+00:00,0.014922208,,
"1-Wire","reset",2025-09-04T08:21:51.301915375+00:00,0.014872833,,
"1-Wire","reset",2025-09-04T08:21:51.316853208+00:00,0.014886333,,
"1-Wire","reset",2025-09-04T08:21:51.331776375+00:00,0.015032042,,
"1-Wire","reset",2025-09-04T08:21:51.346892708+00:00,0.015006708,,
"1-Wire","reset",2025-09-04T08:21:51.361983750+00:00,0.014875667,,
"1-Wire","reset",2025-09-04T08:21:51.376953458+00:00,0.014886167,,
"1-Wire","reset",2025-09-04T08:21:51.391924000+00:00,0.014946208,,
"1-Wire","reset",2025-09-04T08:21:51.406935583+00:00,0.014941583,,
"1-Wire","reset",2025-09-04T08:21:51.421961542+00:00,0.014878708,,
"1-Wire","reset",2025-09-04T08:21:51.436924625+00:00,0.014933708,,
"1-Wire","reset",2025-09-04T08:21:51.451952208+00:00,0.014880542,,
"1-Wire","reset",2025-09-04T08:21:51.466907625+00:00,0.0148945,,
"1-Wire","reset",2025-09-04T08:21:51.481895958+00:00,0.014943,,
"1-Wire","reset",2025-09-04T08:21:51.496923333+00:00,0.014899667,,
"1-Wire","reset",2025-09-04T08:21:51.511916875+00:00,0.014946333,,
"1-Wire","reset",2025-09-04T08:21:51.526938333+00:00,0.01493025,,
"1-Wire","reset",2025-09-04T08:21:51.541934000+00:00,0.014907792,,
"1-Wire","reset",2025-09-04T08:21:51.556897625+00:00,0.014980625,,
"1-Wire","reset",2025-09-04T08:21:51.571943625+00:00,0.014837333,,
"1-Wire","reset",2025-09-04T08:21:51.586864917+00:00,0.014994292,,
"1-Wire","reset",2025-09-04T08:21:51.601943208+00:00,0.01490225,,
"1-Wire","reset",2025-09-04T08:21:51.616919583+00:00,0.014654417,,
"1-Wire","reset",2025-09-04T08:21:51.631620208+00:00,0.015162458,,
"1-Wire","reset",2025-09-04T08:21:51.646838583+00:00,0.014895125,,
"1-Wire","reset",2025-09-04T08:21:51.661808500+00:00,0.015051208,,
"1-Wire","reset",2025-09-04T08:21:51.676934625+00:00,0.014894583,,
"1-Wire","reset",2025-09-04T08:21:51.691904083+00:00,0.014884792,,
"1-Wire","reset",2025-09-04T08:21:51.706863417+00:00,0.014734708,,
"1-Wire","reset",2025-09-04T08:21:51.721672333+00:00,0.015131458,,
"1-Wire","reset",2025-09-04T08:21:51.736896833+00:00,0.014886917,,
"1-Wire","reset",2025-09-04T08:21:51.751848375+00:00,0.014922708,,
"1-Wire","reset",2025-09-04T08:21:51.766845167+00:00,0.014870583,,
"1-Wire","reset",2025-09-04T08:21:51.781799333+00:00,0.014990292,,
"1-Wire","reset",2025-09-04T08:21:51.796873167+00:00,0.014912208,,
"1-Wire","reset",2025-09-04T08:21:51.811850417+00:00,0.0148825,,
"1-Wire","reset",2025-09-04T08:21:51.826798292+00:00,0.015013375,,
"1-Wire","reset",2025-09-04T08:21:51.841867583+00:00,0.014907583,,
"1-Wire","reset",2025-09-04T08:21:51.856831125+00:00,0.014915958,,
"1-Wire","reset",2025-09-04T08:21:51.871821750+00:00,0.014736208,,
"1-Wire","reset",2025-09-04T08:21:51.886622708+00:00,0.015186292,,
"1-Wire","reset",2025-09-04T08:21:51.901883625+00:00,0.014957583,,
"1-Wire","reset",2025-09-04T08:21:51.916924792+00:00,0.014942083,,
"1-Wire","reset",2025-09-04T08:21:51.931913083+00:00,0.014815625,,
"1-Wire","reset",2025-09-04T08:21:51.946775042+00:00,0.014984208,,
"1-Wire","reset",2025-09-04T08:21:51.961824583+00:00,0.015025125,,
"1-Wire","reset",2025-09-04T08:21:51.976943625+00:00,0.014913792,,
"1-Wire","reset",2025-09-04T08:21:51.991932292+00:00,0.014907083,,
"1-Wire","reset",2025-09-04T08:21:52.006933292+00:00,0.0148735,,
"1-Wire","reset",2025-09-04T08:21:52.021891125+00:00,0.014946542,,
"1-Wire","reset",2025-09-04T08:21:52.036912583+00:00,0.0149545,,
"1-Wire","reset",2025-09-04T08:21:52.051951500+00:00,0.014856458,,
"1-Wire","reset",2025-09-04T08:21:52.066892292+00:00,0.014946792,,
"1-Wire","reset",2025-09-04T08:21:52.081923667+00:00,0.014917167,,
"1-Wire","reset",2025-09-04T08:21:52.096915708+00:00,0.014841875,,
"1-Wire","reset",2025-09-04T08:21:52.111813000+00:00,0.014917917,,
"1-Wire","reset",2025-09-04T08:21:52.126824333+00:00,0.014998083,,
"1-Wire","reset",2025-09-04T08:21:52.141896875+00:00,0.014879,,
"1-Wire","reset",2025-09-04T08:21:52.156859417+00:00,0.014947125,,
"1-Wire","reset",2025-09-04T08:21:52.171871125+00:00,0.014809375,,
"1-Wire","reset",2025-09-04T08:21:52.186745208+00:00,0.014999583,,
"1-Wire","reset",2025-09-04T08:21:52.201818875+00:00,0.0149015,,
"1-Wire","reset",2025-09-04T08:21:52.216794458+00:00,0.01498075,,
"1-Wire","reset",2025-09-04T08:21:52.231858958+00:00,0.014932625,,
"1-Wire","reset",2025-09-04T08:21:52.246875208+00:00,0.01490475,,
"1-Wire","reset",2025-09-04T08:21:52.261873333+00:00,0.014832,,
"1-Wire","reset",2025-09-04T08:21:52.276761125+00:00,0.015043083,,
"1-Wire","reset",2025-09-04T08:21:52.291860167+00:00,0.014891958,,
"1-Wire","reset",2025-09-04T08:21:52.306826958+00:00,0.015000333,,
"1-Wire","reset",2025-09-04T08:21:52.321883125+00:00,0.014926083,,
"1-Wire","reset",2025-09-04T08:21:52.336893583+00:00,0.0148445,,
"1-Wire","reset",2025-09-04T08:21:52.351822042+00:00,0.014985083,,
"1-Wire","reset",2025-09-04T08:21:52.366891125+00:00,0.014917625,,
"1-Wire","reset",2025-09-04T08:21:52.381882875+00:00,0.014851667,,
"1-Wire","reset",2025-09-04T08:21:52.396799250+00:00,0.014980042,,
"1-Wire","reset",2025-09-04T08:21:52.411853625+00:00,0.014913083,,
"1-Wire","reset",2025-09-04T08:21:52.426859750+00:00,0.01491275,,
"1-Wire","reset",2025-09-04T08:21:52.441865458+00:00,0.0148035,,
"1-Wire","reset",2025-09-04T08:21:52.456724250+00:00,0.015100292,,
"1-Wire","reset",2025-09-04T08:21:52.471889958+00:00,0.014890042,,
"1-Wire","reset",2025-09-04T08:21:52.486816958+00:00,0.014928,,
"1-Wire","reset",2025-09-04T08:21:52.501819833+00:00,0.015020542,,
"1-Wire","reset",2025-09-04T08:21:52.516934333+00:00,0.014879083,,
"1-Wire","reset",2025-09-04T08:21:52.531888292+00:00,0.01485925,,
"1-Wire","reset",2025-09-04T08:21:52.546822000+00:00,0.01494325,,
"1-Wire","reset",2025-09-04T08:21:52.561849208+00:00,0.014981375,,
"1-Wire","reset",2025-09-04T08:21:52.576914625+00:00,0.014855333,,
"1-Wire","reset",2025-09-04T08:21:52.591834750+00:00,0.014893875,,
"1-Wire","reset",2025-09-04T08:21:52.606802750+00:00,0.014963542,,
"1-Wire","reset",2025-09-04T08:21:52.621850250+00:00,0.01491,,
"1-Wire","reset",2025-09-04T08:21:52.636816208+00:00,0.015069875,,
"1-Wire","reset",2025-09-04T08:21:52.651932500+00:00,0.01490475,,
"1-Wire","reset",2025-09-04T08:21:52.666883708+00:00,0.014929208,,
"1-Wire","reset",2025-09-04T08:21:52.681868833+00:00,0.01497625,,
"1-Wire","reset",2025-09-04T08:21:52.696891542+00:00,0.014945,,
"1-Wire","reset",2025-09-04T08:21:52.711883042+00:00,0.014885875,,
"1-Wire","reset",2025-09-04T08:21:52.726824833+00:00,0.014952917,,
"1-Wire","reset",2025-09-04T08:21:52.741814667+00:00,0.014901875,,
"1-Wire","reset",2025-09-04T08:21:52.756791333+00:00,0.014934917,,
"1-Wire","reset",2025-09-04T08:21:52.771791042+00:00,0.014786792,,
"1-Wire","reset",2025-09-04T08:21:52.786652000+00:00,0.015145958,,
"1-Wire","reset",2025-09-04T08:21:52.801881500+00:00,0.014920458,,
"1-Wire","reset",2025-09-04T08:21:52.816895375+00:00,0.01486175,,
"1-Wire","reset",2025-09-04T08:21:52.831803583+00:00,0.01503125,,
"1-Wire","reset",2025-09-04T08:21:52.846871792+00:00,0.014841375,,
"1-Wire","reset",2025-09-04T08:21:52.861797417+00:00,0.015036083,,
"1-Wire","reset",2025-09-04T08:21:52.876917958+00:00,0.014909708,,
"1-Wire","reset",2025-09-04T08:21:52.891902708+00:00,0.014926125,,
"1-Wire","reset",2025-09-04T08:21:52.906903750+00:00,0.014936417,,
"1-Wire","reset",2025-09-04T08:21:52.921915083+00:00,0.014896917,,
"1-Wire","reset",2025-09-04T08:21:52.936896375+00:00,0.014926917,,
"1-Wire","reset",2025-09-04T08:21:52.951888667+00:00,0.014900625,,
"1-Wire","reset",2025-09-04T08:21:52.966873667+00:00,0.014818125,,
"1-Wire","reset",2025-09-04T08:21:52.981775583+00:00,0.014942958,,
"1-Wire","reset",2025-09-04T08:21:52.996802458+00:00,0.015025458,,
"1-Wire","reset",2025-09-04T08:21:53.011892917+00:00,0.014944833,,
"1-Wire","reset",2025-09-04T08:21:53.026902375+00:00,0.014693958,,
"1-Wire","reset",2025-09-04T08:21:53.041661500+00:00,0.015107208,,
"1-Wire","reset",2025-09-04T08:21:53.056824625+00:00,0.014921,,
"1-Wire","reset",2025-09-04T08:21:53.071830000+00:00,0.014717042,,
"1-Wire","reset",2025-09-04T08:21:53.086621250+00:00,0.015128833,,
"1-Wire","reset",2025-09-04T08:21:53.101843500+00:00,0.014874708,,
"1-Wire","reset",2025-09-04T08:21:53.116792583+00:00,0.015028208,,
"1-Wire","reset",2025-09-04T08:21:53.131875958+00:00,0.014695958,,
"1-Wire","reset",2025-09-04T08:21:53.146618167+00:00,0.015177083,,
"1-Wire","reset",2025-09-04T08:21:53.161832167+00:00,0.014974417,,
"1-Wire","reset",2025-09-04T08:21:53.176862542+00:00,0.014966958,,
"1-Wire","reset",2025-09-04T08:21:53.191885458+00:00,0.014877542,,
"1-Wire","reset",2025-09-04T08:21:53.206809417+00:00,0.014916667,,
"1-Wire","reset",2025-09-04T08:21:53.221800875+00:00,0.015006167,,
"1-Wire","reset",2025-09-04T08:21:53.236891458+00:00,0.014813292,,
"1-Wire","reset",2025-09-04T08:21:53.251779125+00:00,0.0150255,,
"1-Wire","reset",2025-09-04T08:21:53.266879083+00:00,0.014942583,,
"1-Wire","reset",2025-09-04T08:21:53.281886292+00:00,0.014647833,,
"1-Wire","reset",2025-09-04T08:21:53.296589750+00:00,0.01519475,,
"1-Wire","reset",2025-09-04T08:21:53.311849958+00:00,0.014978625,,
"1-Wire","reset",2025-09-04T08:21:53.326884542+00:00,0.014864375,,
"1-Wire","reset",2025-09-04T08:21:53.341814417+00:00,0.014979417,,
"1-Wire","reset",2025-09-04T08:21:53.356878250+00:00,0.014914625,,
"1-Wire","reset",2025-09-04T08:21:53.371877292+00:00,0.01485375,,
"1-Wire","reset",2025-09-04T08:21:53.386796000+00:00,0.015069958,,
"1-Wire","reset",2025-09-04T08:21:53.401949958+00:00,0.014777583,,
"1-Wire","reset",2025-09-04T08:21:53.416792500+00:00,0.014999708,,
"1-Wire","reset",2025-09-04T08:21:53.431875750+00:00,0.014918958,,
"1-Wire","reset",2025-09-04T08:21:53.446850667+00:00,0.014911167,,
"1-Wire","reset",2025-09-04T08:21:53.461817625+00:00,0.015029667,,
"1-Wire","reset",2025-09-04T08:21:53.476903167+00:00,0.014881417,,
"1-Wire","reset",2025-09-04T08:21:53.491868958+00:00,0.014920125,,
"1-Wire","reset",2025-09-04T08:21:53.506873583+00:00,0.01491425,,
"1-Wire","reset",2025-09-04T08:21:53.521853208+00:00,0.014856667,,
"1-Wire","reset",2025-09-04T08:21:53.536784333+00:00,0.014900792,,
"1-Wire","reset",2025-09-04T08:21:53.551768917+00:00,0.015002958,,
"1-Wire","reset",2025-09-04T08:21:53.566855875+00:00,0.014945958,,
"1-Wire","reset",2025-09-04T08:21:53.581885417+00:00,0.01486975,,
"1-Wire","reset",2025-09-04T08:21:53.596792083+00:00,0.015005708,,
"1-Wire","reset",2025-09-04T08:21:53.611853708+00:00,0.014898875,,
"1-Wire","reset",2025-09-04T08:21:53.626799000+00:00,0.014974333,,
"1-Wire","reset",2025-09-04T08:21:53.641819750+00:00,0.01488125,,
"1-Wire","reset",2025-09-04T08:21:53.656785208+00:00,0.014718208,,
"1-Wire","reset",2025-09-04T08:21:53.671596542+00:00,0.015106125,,
"1-Wire","reset",2025-09-04T08:21:53.686777125+00:00,0.015029292,,
"1-Wire","reset",2025-09-04T08:21:53.701871417+00:00,0.01492025,,
"1-Wire","reset",2025-09-04T08:21:53.716865958+00:00,0.014868875,,
"1-Wire","reset",2025-09-04T08:21:53.731781292+00:00,0.015021667,,
"1-Wire","reset",2025-09-04T08:21:53.746849375+00:00,0.014923208,,
"1-Wire","reset",2025-09-04T08:21:53.761828500+00:00,0.014913375,,
"1-Wire","reset",2025-09-04T08:21:53.776797708+00:00,0.014972958,,
"1-Wire","reset",2025-09-04T08:21:53.791845500+00:00,0.014956042,,
"1-Wire","reset",2025-09-04T08:21:53.806885958+00:00,0.014871167,,
"1-Wire","reset",2025-09-04T08:21:53.821831542+00:00,0.014986417,,
"1-Wire","reset",2025-09-04T08:21:53.836892458+00:00,0.014909167,,
"1-Wire","reset",2025-09-04T08:21:53.851875708+00:00,0.014992083,,
"1-Wire","reset",2025-09-04T08:21:53.866914000+00:00,0.014800458,,
"1-Wire","reset",2025-09-04T08:21:53.881760833+00:00,0.014965417,,
"1-Wire","reset",2025-09-04T08:21:53.896791625+00:00,0.014991583,,
"1-Wire","reset",2025-09-04T08:21:53.911867583+00:00,0.014965583,,
"1-Wire","reset",2025-09-04T08:21:53.926908083+00:00,0.014871333,,
"1-Wire","reset",2025-09-04T08:21:53.941854500+00:00,0.014966125,,
"1-Wire","reset",2025-09-04T08:21:53.956905042+00:00,0.014871625,,
"1-Wire","reset",2025-09-04T08:21:53.971851458+00:00,0.014988792,,
"1-Wire","reset",2025-09-04T08:21:53.986905667+00:00,0.014887375,,
"1-Wire","reset",2025-09-04T08:21:54.001867875+00:00,0.01490075,,
"1-Wire","reset",2025-09-04T08:21:54.016852958+00:00,0.01491825,,
"1-Wire","reset",2025-09-04T08:21:54.031855542+00:00,0.014888792,,
"1-Wire","reset",2025-09-04T08:21:54.046809167+00:00,0.014952708,,
"1-Wire","reset",2025-09-04T08:21:54.061817250+00:00,0.01498925,,
"1-Wire","reset",2025-09-04T08:21:54.076880625+00:00,0.014648333,,
"1-Wire","reset",2025-09-04T08:21:54.091584667+00:00,0.015197792,,
"1-Wire","reset",2025-09-04T08:21:54.106838417+00:00,0.014921042,,
"1-Wire","reset",2025-09-04T08:21:54.121805875+00:00,0.01496275,,
"1-Wire","reset",2025-09-04T08:21:54.136824542+00:00,0.014986417,,
"1-Wire","reset",2025-09-04T08:21:54.151866875+00:00,0.014867625,,
"1-Wire","reset",2025-09-04T08:21:54.166780917+00:00,0.015013042,,
"1-Wire","reset",2025-09-04T08:21:54.181859417+00:00,0.014916458,,
"1-Wire","reset",2025-09-04T08:21:54.196831750+00:00,0.014925417,,
"1-Wire","reset",2025-09-04T08:21:54.211813083+00:00,0.014943958,,
"1-Wire","reset",2025-09-04T08:21:54.226812958+00:00,0.014974333,,
"1-Wire","reset",2025-09-04T08:21:54.241824167+00:00,0.014968833,,
"1-Wire","reset",2025-09-04T08:21:54.256829917+00:00,0.014887792,,
"1-Wire","reset",2025-09-04T08:21:54.271754625+00:00,0.015026292,,
"1-Wire","reset",2025-09-04T08:21:54.286827375+00:00,0.014937583,,
"1-Wire","reset",2025-09-04T08:21:54.301820917+00:00,0.01491475,,
"1-Wire","reset",2025-09-04T08:21:54.316801208+00:00,0.014989458,,
"1-Wire","reset",2025-09-04T08:21:54.331875042+00:00,0.014919875,,
"1-Wire","reset",2025-09-04T08:21:54.346879333+00:00,0.014900333,,
"1-Wire","reset",2025-09-04T08:21:54.361854542+00:00,0.014929292,,
"1-Wire","reset",2025-09-04T08:21:54.376858708+00:00,0.014964375,,
"1-Wire","reset",2025-09-04T08:21:54.391907500+00:00,0.014911083,,
"1-Wire","reset",2025-09-04T08:21:54.406893500+00:00,0.014829542,,
"1-Wire","reset",2025-09-04T08:21:54.421797500+00:00,0.014956417,,
"1-Wire","reset",2025-09-04T08:21:54.436837917+00:00,0.014850833,,
"1-Wire","reset",2025-09-04T08:21:54.451763208+00:00,0.015024083,,
"1-Wire","reset",2025-09-04T08:21:54.466861583+00:00,0.014656833,,
"1-Wire","reset",2025-09-04T08:21:54.481564708+00:00,0.015216875,,
"1-Wire","reset",2025-09-04T08:21:54.496828000+00:00,0.014930917,,
"1-Wire","reset",2025-09-04T08:21:54.511814875+00:00,0.014894125,,
"1-Wire","reset",2025-09-04T08:21:54.526765000+00:00,0.014988792,,
"1-Wire","reset",2025-09-04T08:21:54.541809708+00:00,0.014928875,,
"1-Wire","reset",2025-09-04T08:21:54.556785000+00:00,0.014924083,,
"1-Wire","reset",2025-09-04T08:21:54.571765083+00:00,0.014967625,,
"1-Wire","reset",2025-09-04T08:21:54.586788625+00:00,0.014960708,,
"1-Wire","reset",2025-09-04T08:21:54.601814750+00:00,0.014940625,,
"1-Wire","reset",2025-09-04T08:21:54.616792292+00:00,0.014954417,,
"1-Wire","reset",2025-09-04T08:21:54.631802583+00:00,0.014959833,,
"1-Wire","reset",2025-09-04T08:21:54.646799333+00:00,0.014966,,
"1-Wire","reset",2025-09-04T08:21:54.661811750+00:00,0.014978625,,
"1-Wire","reset",2025-09-04T08:21:54.676846333+00:00,0.014888375,,
"1-Wire","reset",2025-09-04T08:21:54.691790625+00:00,0.014936792,,
"1-Wire","reset",2025-09-04T08:21:54.706783292+00:00,0.014991583,,
"1-Wire","reset",2025-09-04T08:21:54.721830875+00:00,0.014899417,,
"1-Wire","reset",2025-09-04T08:21:54.736776708+00:00,0.014984375,,
"1-Wire","reset",2025-09-04T08:21:54.751817042+00:00,0.014947125,,
"1-Wire","reset",2025-09-04T08:21:54.766820125+00:00,0.014962708,,
"1-Wire","reset",2025-09-04T08:21:54.781829250+00:00,0.014928125,,
"1-Wire","reset",2025-09-04T08:21:54.796803792+00:00,0.014937458,,
"1-Wire","reset",2025-09-04T08:21:54.811797167+00:00,0.014953083,,
"1-Wire","reset",2025-09-04T08:21:54.826806208+00:00,0.01495675,,
"1-Wire","reset",2025-09-04T08:21:54.841809417+00:00,0.01491975,,
"1-Wire","reset",2025-09-04T08:21:54.856775625+00:00,0.014988167,,
"1-Wire","reset",2025-09-04T08:21:54.871810208+00:00,0.014923875,,
"1-Wire","reset",2025-09-04T08:21:54.886790000+00:00,0.014954875,,
"1-Wire","reset",2025-09-04T08:21:54.901810333+00:00,0.014950375,,
"1-Wire","reset",2025-09-04T08:21:54.916797625+00:00,0.014970667,,
"1-Wire","reset",2025-09-04T08:21:54.931824167+00:00,0.014942125,,
"1-Wire","reset",2025-09-04T08:21:54.946803250+00:00,0.014952292,,
"1-Wire","reset",2025-09-04T08:21:54.961792458+00:00,0.014980542,,
"1-Wire","reset",2025-09-04T08:21:54.976809917+00:00,0.014928958,,
"1-Wire","reset",2025-09-04T08:21:54.991775792+00:00,0.015006917,,
"1-Wire","reset",2025-09-04T08:21:55.006848250+00:00,0.014930958,,
"1-Wire","reset",2025-09-04T08:21:55.021835167+00:00,0.014979917,,
"1-Wire","reset",2025-09-04T08:21:55.036871042+00:00,0.014869417,,
"1-Wire","reset",2025-09-04T08:21:55.051815292+00:00,0.014925708,,
"1-Wire","reset",2025-09-04T08:21:55.066825292+00:00,0.014956917,,
"1-Wire","reset",2025-09-04T08:21:55.081847625+00:00,0.014912125,,
"1-Wire","reset",2025-09-04T08:21:55.096844125+00:00,0.014941375,,
"1-Wire","reset",2025-09-04T08:21:55.111879375+00:00,0.014879167,,
"1-Wire","reset",2025-09-04T08:21:55.126833375+00:00,0.0148515,,
"1-Wire","reset",2025-09-04T08:21:55.141759333+00:00,0.015025708,,
"1-Wire","reset",2025-09-04T08:21:55.156859583+00:00,0.01483025,,
"1-Wire","reset",2025-09-04T08:21:55.171764208+00:00,0.014712625,,
"1-Wire","reset",2025-09-04T08:21:55.186551250+00:00,0.015082042,,
"1-Wire","reset",2025-09-04T08:21:55.201717042+00:00,0.015060875,,
"1-Wire","reset",2025-09-04T08:21:55.216861542+00:00,0.014855292,,
"1-Wire","reset",2025-09-04T08:21:55.231790917+00:00,0.014939208,,
"1-Wire","reset",2025-09-04T08:21:55.246814042+00:00,0.014770583,,
"1-Wire","reset",2025-09-04T08:21:55.261678125+00:00,0.015028208,,
"1-Wire","reset",2025-09-04T08:21:55.276771292+00:00,0.014998667,,
"1-Wire","reset",2025-09-04T08:21:55.291853958+00:00,0.014957417,,
"1-Wire","reset",2025-09-04T08:21:55.306894958+00:00,0.014838417,,
"1-Wire","reset",2025-09-04T08:21:55.321789208+00:00,0.014744042,,
"1-Wire","reset",2025-09-04T08:21:55.336607833+00:00,0.015218792,,
"1-Wire","reset",2025-09-04T08:21:55.351911250+00:00,0.014825292,,
"1-Wire","reset",2025-09-04T08:21:55.366811000+00:00,0.015005833,,
"1-Wire","reset",2025-09-04T08:21:55.381900875+00:00,0.014857208,,
"1-Wire","reset",2025-09-04T08:21:55.396832125+00:00,0.014948208,,
"1-Wire","reset",2025-09-04T08:21:55.411845500+00:00,0.014869167,,
"1-Wire","reset",2025-09-04T08:21:55.426770583+00:00,0.014976458,,
"1-Wire","reset",2025-09-04T08:21:55.441802958+00:00,0.014961,,
"1-Wire","reset",2025-09-04T08:21:55.456810417+00:00,0.014918125,,
"1-Wire","reset",2025-09-04T08:21:55.471774958+00:00,0.014970083,,
"1-Wire","reset",2025-09-04T08:21:55.486800917+00:00,0.014935667,,
"1-Wire","reset",2025-09-04T08:21:55.501783000+00:00,0.014961292,,
"1-Wire","reset",2025-09-04T08:21:55.516800167+00:00,0.014902917,,
"1-Wire","reset",2025-09-04T08:21:55.531768542+00:00,0.014959542,,
"1-Wire","reset",2025-09-04T08:21:55.546784000+00:00,0.014929,,
"1-Wire","reset",2025-09-04T08:21:55.561806792+00:00,0.014956167,,
"1-Wire","reset",2025-09-04T08:21:55.576837833+00:00,0.014884292,,
"1-Wire","reset",2025-09-04T08:21:55.591777917+00:00,0.015012,,
"1-Wire","reset",2025-09-04T08:21:55.606874333+00:00,0.014871875,,
"1-Wire","reset",2025-09-04T08:21:55.621830583+00:00,0.014941958,,
"1-Wire","reset",2025-09-04T08:21:55.636847417+00:00,0.014913208,,
"1-Wire","reset",2025-09-04T08:21:55.651835583+00:00,0.014885542,,
"1-Wire","reset",2025-09-04T08:21:55.666805458+00:00,0.014955625,,
"1-Wire","reset",2025-09-04T08:21:55.681835917+00:00,0.014882542,,
"1-Wire","reset",2025-09-04T08:21:55.696793250+00:00,0.014964292,,
"1-Wire","reset",2025-09-04T08:21:55.711813375+00:00,0.014864,,
"1-Wire","reset",2025-09-04T08:21:55.726761292+00:00,0.015010292,,
"1-Wire","reset",2025-09-04T08:21:55.741846083+00:00,0.014807625,,
"1-Wire","reset",2025-09-04T08:21:55.756737542+00:00,0.015016458,,
"1-Wire","reset",2025-09-04T08:21:55.771828083+00:00,0.014725792,,
"1-Wire","reset",2025-09-04T08:21:55.786618625+00:00,0.015107667,,
"1-Wire","reset",2025-09-04T08:21:55.801772708+00:00,0.014969,,
"1-Wire","reset",2025-09-04T08:21:55.816797625+00:00,0.014976583,,
"1-Wire","reset",2025-09-04T08:21:55.831830167+00:00,0.014913958,,
"1-Wire","reset",2025-09-04T08:21:55.846790500+00:00,0.014963583,,
"1-Wire","reset",2025-09-04T08:21:55.861800542+00:00,0.014912667,,
"1-Wire","reset",2025-09-04T08:21:55.876788250+00:00,0.014921875,,
"1-Wire","reset",2025-09-04T08:21:55.891794458+00:00,0.014999583,,
"1-Wire","reset",2025-09-04T08:21:55.906868958+00:00,0.014836042,,
"1-Wire","reset",2025-09-04T08:21:55.921770000+00:00,0.014973583,,
"1-Wire","reset",2025-09-04T08:21:55.936827583+00:00,0.014932792,,
"1-Wire","reset",2025-09-04T08:21:55.951843917+00:00,0.014736375,,
"1-Wire","reset",2025-09-04T08:21:55.966645000+00:00,0.015075333,,
"1-Wire","reset",2025-09-04T08:21:55.981766750+00:00,0.014996583,,
"1-Wire","reset",2025-09-04T08:21:55.996819292+00:00,0.014903333,,
"1-Wire","reset",2025-09-04T08:21:56.011778583+00:00,0.01491725,,
"1-Wire","reset",2025-09-04T08:21:56.026780042+00:00,0.014743458,,
"1-Wire","reset",2025-09-04T08:21:56.041607167+00:00,0.015133375,,
"1-Wire","reset",2025-09-04T08:21:56.056815042+00:00,0.014745,,
"1-Wire","reset",2025-09-04T08:21:56.071606333+00:00,0.015123625,,
"1-Wire","reset",2025-09-04T08:21:56.086776375+00:00,0.014918625,,
"1-Wire","reset",2025-09-04T08:21:56.101770083+00:00,0.0149275,,
"1-Wire","reset",2025-09-04T08:21:56.116753083+00:00,0.015033583,,
"1-Wire","reset",2025-09-04T08:21:56.131870750+00:00,0.014854125,,
"1-Wire","reset",2025-09-04T08:21:56.146799292+00:00,0.014968125,,
"1-Wire","reset",2025-09-04T08:21:56.161850958+00:00,0.01485325,,
"1-Wire","reset",2025-09-04T08:21:56.176778292+00:00,0.014922667,,
"1-Wire","reset",2025-09-04T08:21:56.191775042+00:00,0.014919958,,
"1-Wire","reset",2025-09-04T08:21:56.206769083+00:00,0.015012958,,
"1-Wire","reset",2025-09-04T08:21:56.221866208+00:00,0.014680167,,
"1-Wire","reset",2025-09-04T08:21:56.236620583+00:00,0.015048125,,
"1-Wire","reset",2025-09-04T08:21:56.251752875+00:00,0.014912875,,
"1-Wire","reset",2025-09-04T08:21:56.266712125+00:00,0.014975458,,
"1-Wire","reset",2025-09-04T08:21:56.281771875+00:00,0.014857875,,
"1-Wire","reset",2025-09-04T08:21:56.296694542+00:00,0.01506425,,
"1-Wire","reset",2025-09-04T08:21:56.311842792+00:00,0.01487,,
"1-Wire","reset",2025-09-04T08:21:56.326796708+00:00,0.014948458,,
"1-Wire","reset",2025-09-04T08:21:56.341819250+00:00,0.014918,,
"1-Wire","reset",2025-09-04T08:21:56.356783667+00:00,0.0149515,,
"1-Wire","reset",2025-09-04T08:21:56.371772125+00:00,0.014913625,,
"1-Wire","reset",2025-09-04T08:21:56.386751208+00:00,0.015038667,,
"1-Wire","reset",2025-09-04T08:21:56.401836375+00:00,0.014884167,,
"1-Wire","reset",2025-09-04T08:21:56.416776500+00:00,0.014949292,,
"1-Wire","reset",2025-09-04T08:21:56.431772208+00:00,0.014993708,,
"1-Wire","reset",2025-09-04T08:21:56.446812375+00:00,0.014931917,,
"1-Wire","reset",2025-09-04T08:21:56.461790708+00:00,0.014917,,
"1-Wire","reset",2025-09-04T08:21:56.476754125+00:00,0.014950458,,
"1-Wire","reset",2025-09-04T08:21:56.491769958+00:00,0.015010083,,
"1-Wire","reset",2025-09-04T08:21:56.506836000+00:00,0.014894875,,
"1-Wire","reset",2025-09-04T08:21:56.521786792+00:00,0.014973125,,
"1-Wire","reset",2025-09-04T08:21:56.536806375+00:00,0.014931792,,
"1-Wire","reset",2025-09-04T08:21:56.551775083+00:00,0.014958458,,
"1-Wire","reset",2025-09-04T08:21:56.566789458+00:00,0.0148995,,
"1-Wire","reset",2025-09-04T08:21:56.581735417+00:00,0.015007083,,
"1-Wire","reset",2025-09-04T08:21:56.596798417+00:00,0.01492625,,
"1-Wire","reset",2025-09-04T08:21:56.611790042+00:00,0.01492425,,
"1-Wire","reset",2025-09-04T08:21:56.626760667+00:00,0.014974333,,
"1-Wire","reset",2025-09-04T08:21:56.641771917+00:00,0.014962917,,
"1-Wire","reset",2025-09-04T08:21:56.656790708+00:00,0.014907208,,
"1-Wire","reset",2025-09-04T08:21:56.671753875+00:00,0.015010083,,
"1-Wire","reset",2025-09-04T08:21:56.686800875+00:00,0.014905292,,
"1-Wire","reset",2025-09-04T08:21:56.701762125+00:00,0.014985083,,
"1-Wire","reset",2025-09-04T08:21:56.716793667+00:00,0.014945667,,
"1-Wire","reset",2025-09-04T08:21:56.731785708+00:00,0.014964833,,
"1-Wire","reset",2025-09-04T08:21:56.746796917+00:00,0.014879833,,
"1-Wire","reset",2025-09-04T08:21:56.761742083+00:00,0.01501425,,
"1-Wire","reset",2025-09-04T08:21:56.776840708+00:00,0.014901875,,
"1-Wire","reset",2025-09-04T08:21:56.791836458+00:00,0.014899917,,
"1-Wire","reset",2025-09-04T08:21:56.806820708+00:00,0.014882833,,
"1-Wire","reset",2025-09-04T08:21:56.821778542+00:00,0.014851125,,
"1-Wire","reset",2025-09-04T08:21:56.836704000+00:00,0.015065167,,
"1-Wire","reset",2025-09-04T08:21:56.851834208+00:00,0.0149015,,
"1-Wire","reset",2025-09-04T08:21:56.866809792+00:00,0.014878708,,
"1-Wire","reset",2025-09-04T08:21:56.881772042+00:00,0.014889875,,
"1-Wire","reset",2025-09-04T08:21:56.896736333+00:00,0.01491025,,
"1-Wire","reset",2025-09-04T08:21:56.911702458+00:00,0.014983417,,
"1-Wire","reset",2025-09-04T08:21:56.926751292+00:00,0.015015833,,
"1-Wire","reset",2025-09-04T08:21:56.941823125+00:00,0.014905625,,
"1-Wire","reset",2025-09-04T08:21:56.956794167+00:00,0.014930333,,
"1-Wire","reset",2025-09-04T08:21:56.971780375+00:00,0.014949958,,
"1-Wire","reset",2025-09-04T08:21:56.986786292+00:00,0.014931208,,
"1-Wire","reset",2025-09-04T08:21:57.001763917+00:00,0.014994458,,
"1-Wire","reset",2025-09-04T08:21:57.016795292+00:00,0.014889667,,
"1-Wire","reset",2025-09-04T08:21:57.031740917+00:00,0.01499375,,
"1-Wire","reset",2025-09-04T08:21:57.046771583+00:00,0.014938083,,
"1-Wire","reset",2025-09-04T08:21:57.061756083+00:00,0.0149045,,
"1-Wire","reset",2025-09-04T08:21:57.076706958+00:00,0.015037875,,
"1-Wire","reset",2025-09-04T08:21:57.091800750+00:00,0.014889083,,
"1-Wire","reset",2025-09-04T08:21:57.106764667+00:00,0.01497425,,
"1-Wire","reset",2025-09-04T08:21:57.121823250+00:00,0.0148825,,
"1-Wire","reset",2025-09-04T08:21:57.136790125+00:00,0.014946417,,
"1-Wire","reset",2025-09-04T08:21:57.151811417+00:00,0.014938375,,
"1-Wire","reset",2025-09-04T08:21:57.166824875+00:00,0.014918208,,
"1-Wire","reset",2025-09-04T08:21:57.181817958+00:00,0.0149465,,
"1-Wire","reset",2025-09-04T08:21:57.196820375+00:00,0.014886875,,
"1-Wire","reset",2025-09-04T08:21:57.211791583+00:00,0.014920542,,
"1-Wire","reset",2025-09-04T08:21:57.226786917+00:00,0.01493775,,
"1-Wire","reset",2025-09-04T08:21:57.241799542+00:00,0.0148665,,
"1-Wire","reset",2025-09-04T08:21:57.256749958+00:00,0.014985125,,
"1-Wire","reset",2025-09-04T08:21:57.271819083+00:00,0.014903083,,
"1-Wire","reset",2025-09-04T08:21:57.286796250+00:00,0.014877042,,
"1-Wire","reset",2025-09-04T08:21:57.301747333+00:00,0.014966708,,
"1-Wire","reset",2025-09-04T08:21:57.316797792+00:00,0.014882458,,
"1-Wire","reset",2025-09-04T08:21:57.331754708+00:00,0.014887292,,
"1-Wire","reset",2025-09-04T08:21:57.346725625+00:00,0.014997083,,
"1-Wire","reset",2025-09-04T08:21:57.361806708+00:00,0.01483125,,
"1-Wire","reset",2025-09-04T08:21:57.376712125+00:00,0.01492175,,
"1-Wire","reset",2025-09-04T08:21:57.391698583+00:00,0.01493025,,
"1-Wire","reset",2025-09-04T08:21:57.406712417+00:00,0.014928625,,
"1-Wire","reset",2025-09-04T08:21:57.421705667+00:00,0.014966167,,
"1-Wire","reset",2025-09-04T08:21:57.436755417+00:00,0.014921792,,
"1-Wire","reset",2025-09-04T08:21:57.451760750+00:00,0.01490625,,
"1-Wire","reset",2025-09-04T08:21:57.466750750+00:00,0.014882208,,
"1-Wire","reset",2025-09-04T08:21:57.481716625+00:00,0.014970375,,
"1-Wire","reset",2025-09-04T08:21:57.496770583+00:00,0.014848417,,
"1-Wire","reset",2025-09-04T08:21:57.511693125+00:00,0.014966375,,
"1-Wire","reset",2025-09-04T08:21:57.526752542+00:00,0.014900167,,
"1-Wire","reset",2025-09-04T08:21:57.541726833+00:00,0.014970125,,
"1-Wire","reset",2025-09-04T08:21:57.556771417+00:00,0.014775083,,
"1-Wire","reset",2025-09-04T08:21:57.571630542+00:00,0.015101833,,
"1-Wire","reset",2025-09-04T08:21:57.586816833+00:00,0.014825667,,
"1-Wire","reset",2025-09-04T08:21:57.601707417+00:00,0.01500825,,
"1-Wire","reset",2025-09-04T08:21:57.616780792+00:00,0.014924167,,
"1-Wire","reset",2025-09-04T08:21:57.631798042+00:00,0.014898375,,
"1-Wire","reset",2025-09-04T08:21:57.646780375+00:00,0.014840542,,
"1-Wire","reset",2025-09-04T08:21:57.661676750+00:00,0.015064625,,
"1-Wire","reset",2025-09-04T08:21:57.676797333+00:00,0.014880833,,
"1-Wire","reset",2025-09-04T08:21:57.691734125+00:00,0.014977042,,
"1-Wire","reset",2025-09-04T08:21:57.706757583+00:00,0.014917375,,
"1-Wire","reset",2025-09-04T08:21:57.721759333+00:00,0.015011583,,
"1-Wire","reset",2025-09-04T08:21:57.736845792+00:00,0.014822,,
"1-Wire","reset",2025-09-04T08:21:57.751742250+00:00,0.014947417,,
"1-Wire","reset",2025-09-04T08:21:57.766773583+00:00,0.01487775,,
"1-Wire","reset",2025-09-04T08:21:57.781725750+00:00,0.015010292,,
"1-Wire","reset",2025-09-04T08:21:57.796810167+00:00,0.014855042,,
"1-Wire","reset",2025-09-04T08:21:57.811739292+00:00,0.014893875,,
"1-Wire","reset",2025-09-04T08:21:57.826716917+00:00,0.014942333,,
"1-Wire","reset",2025-09-04T08:21:57.841752292+00:00,0.014831333,,
"1-Wire","reset",2025-09-04T08:21:57.856657833+00:00,0.015018833,,
"1-Wire","reset",2025-09-04T08:21:57.871750750+00:00,0.014817458,,
"1-Wire","reset",2025-09-04T08:21:57.886642417+00:00,0.015031583,,
"1-Wire","reset",2025-09-04T08:21:57.901757542+00:00,0.014822042,,
"1-Wire","reset",2025-09-04T08:21:57.916653792+00:00,0.015007667,,
"1-Wire","reset",2025-09-04T08:21:57.931735542+00:00,0.014898125,,
"1-Wire","reset",2025-09-04T08:21:57.946688917+00:00,0.01505175,,
"1-Wire","reset",2025-09-04T08:21:57.961824583+00:00,0.014830917,,
"1-Wire","reset",2025-09-04T08:21:57.976729792+00:00,0.014874875,,
"1-Wire","reset",2025-09-04T08:21:57.991688625+00:00,0.014959667,,
"1-Wire","reset",2025-09-04T08:21:58.006722417+00:00,0.014928625,,
"1-Wire","reset",2025-09-04T08:21:58.021706250+00:00,0.014935542,,
"1-Wire","reset",2025-09-04T08:21:58.036725333+00:00,0.014828958,,
"1-Wire","reset",2025-09-04T08:21:58.051647417+00:00,0.015077958,,
"1-Wire","reset",2025-09-04T08:21:58.066808958+00:00,0.014840833,,
"1-Wire","reset",2025-09-04T08:21:58.081733375+00:00,0.014951375,,
"1-Wire","reset",2025-09-04T08:21:58.096768250+00:00,0.014838583,,
"1-Wire","reset",2025-09-04T08:21:58.111671500+00:00,0.014959042,,
"1-Wire","reset",2025-09-04T08:21:58.126704833+00:00,0.014950292,,
"1-Wire","reset",2025-09-04T08:21:58.141719792+00:00,0.014934333,,
"1-Wire","reset",2025-09-04T08:21:58.156718750+00:00,0.014929625,,
"1-Wire","reset",2025-09-04T08:21:58.171722500+00:00,0.0149985,,
"1-Wire","reset",2025-09-04T08:21:58.186814000+00:00,0.014819,,
"1-Wire","reset",2025-09-04T08:21:58.201707125+00:00,0.014948708,,
"1-Wire","reset",2025-09-04T08:21:58.216729917+00:00,0.014930417,,
"1-Wire","reset",2025-09-04T08:21:58.231743875+00:00,0.014960583,,
"1-Wire","reset",2025-09-04T08:21:58.246778542+00:00,0.014929667,,
"1-Wire","reset",2025-09-04T08:21:58.261782292+00:00,0.014912625,,
"1-Wire","reset",2025-09-04T08:21:58.276788125+00:00,0.01470075,,
"1-Wire","reset",2025-09-04T08:21:58.291563083+00:00,0.015149417,,
"1-Wire","reset",2025-09-04T08:21:58.306768375+00:00,0.014915375,,
"1-Wire","reset",2025-09-04T08:21:58.321768042+00:00,0.014873292,,
"1-Wire","reset",2025-09-04T08:21:58.336715750+00:00,0.01489275,,
"1-Wire","reset",2025-09-04T08:21:58.351673333+00:00,0.015057083,,
"1-Wire","reset",2025-09-04T08:21:58.366814417+00:00,0.014919292,,
"1-Wire","reset",2025-09-04T08:21:58.381826750+00:00,0.014885,,
"1-Wire","reset",2025-09-04T08:21:58.396786250+00:00,0.014864875,,
"1-Wire","reset",2025-09-04T08:21:58.411725833+00:00,0.014731333,,
"1-Wire","reset",2025-09-04T08:21:58.426540875+00:00,0.01511225,,
"1-Wire","reset",2025-09-04T08:21:58.441737292+00:00,0.014894,,
"1-Wire","reset",2025-09-04T08:21:58.456696208+00:00,0.015080792,,
"1-Wire","reset",2025-09-04T08:21:58.471860583+00:00,0.014773208,,
"1-Wire","reset",2025-09-04T08:21:58.486707958+00:00,0.014944,,
"1-Wire","reset",2025-09-04T08:21:58.501726042+00:00,0.014811208,,
"1-Wire","reset",2025-09-04T08:21:58.516620917+00:00,0.015056542,,
"1-Wire","reset",2025-09-04T08:21:58.531761667+00:00,0.014733458,,
"1-Wire","reset",2025-09-04T08:21:58.546569333+00:00,0.015128,,
"1-Wire","reset",2025-09-04T08:21:58.561790750+00:00,0.014717833,,
"1-Wire","reset",2025-09-04T08:21:58.576554875+00:00,0.015117792,,
"1-Wire","reset",2025-09-04T08:21:58.591719125+00:00,0.014886667,,
"1-Wire","reset",2025-09-04T08:21:58.606699500+00:00,0.015049042,,
"1-Wire","reset",2025-09-04T08:21:58.621823625+00:00,0.014782833,,
"1-Wire","reset",2025-09-04T08:21:58.636680833+00:00,0.0150295,,
"1-Wire","reset",2025-09-04T08:21:58.651784833+00:00,0.01486,,
"1-Wire","reset",2025-09-04T08:21:58.666719125+00:00,0.014785583,,
"1-Wire","reset",2025-09-04T08:21:58.681569417+00:00,0.015118708,,
"1-Wire","reset",2025-09-04T08:21:58.696734542+00:00,0.014961667,,
"1-Wire","reset",2025-09-04T08:21:58.711752125+00:00,0.014911958,,
"1-Wire","reset",2025-09-04T08:21:58.726720042+00:00,0.014992875,,
"1-Wire","reset",2025-09-04T08:21:58.741768833+00:00,0.014876958,,
"1-Wire","reset",2025-09-04T08:21:58.756701750+00:00,0.01499175,,
"1-Wire","reset",2025-09-04T08:21:58.771749417+00:00,0.014934458,,
"1-Wire","reset",2025-09-04T08:21:58.786739792+00:00,0.014960917,,
"1-Wire","reset",2025-09-04T08:21:58.801756583+00:00,0.014923375,,
"1-Wire","reset",2025-09-04T08:21:58.816745375+00:00,0.014949958,,
"1-Wire","reset",2025-09-04T08:21:58.831760750+00:00,0.0148885,,
"1-Wire","reset",2025-09-04T08:21:58.846733583+00:00,0.014890292,,
"1-Wire","reset",2025-09-04T08:21:58.861688750+00:00,0.014993208,,
"1-Wire","reset",2025-09-04T08:21:58.876765875+00:00,0.014915625,,
"1-Wire","reset",2025-09-04T08:21:58.891755625+00:00,0.014914958,,
"1-Wire","reset",2025-09-04T08:21:58.906745000+00:00,0.014894792,,
"1-Wire","reset",2025-09-04T08:21:58.921695750+00:00,0.015011375,,
"1-Wire","reset",2025-09-04T08:21:58.936753542+00:00,0.014942,,
"1-Wire","reset",2025-09-04T08:21:58.951751500+00:00,0.014923458,,
"1-Wire","reset",2025-09-04T08:21:58.966740375+00:00,0.014950333,,
"1-Wire","reset",2025-09-04T08:21:58.981737125+00:00,0.014887458,,
"1-Wire","reset",2025-09-04T08:21:58.996709125+00:00,0.015019958,,
"1-Wire","reset",2025-09-04T08:21:59.011813500+00:00,0.014820542,,
"1-Wire","reset",2025-09-04T08:21:59.026698875+00:00,0.014746208,,
"1-Wire","reset",2025-09-04T08:21:59.041519250+00:00,0.0151715,,
"1-Wire","reset",2025-09-04T08:21:59.056755667+00:00,0.014919208,,
"1-Wire","reset",2025-09-04T08:21:59.071748958+00:00,0.014902375,,
"1-Wire","reset",2025-09-04T08:21:59.086735083+00:00,0.014716167,,
"1-Wire","reset",2025-09-04T08:21:59.101515917+00:00,0.015096958,,
"1-Wire","reset",2025-09-04T08:21:59.116696458+00:00,0.014917958,,
"1-Wire","reset",2025-09-04T08:21:59.131697958+00:00,0.014972292,,
"1-Wire","reset",2025-09-04T08:21:59.146744542+00:00,0.014869958,,
"1-Wire","reset",2025-09-04T08:21:59.161679208+00:00,0.015011417,,
"1-Wire","reset",2025-09-04T08:21:59.176755667+00:00,0.01488,,
"1-Wire","reset",2025-09-04T08:21:59.191719458+00:00,0.014747042,,
"1-Wire","reset",2025-09-04T08:21:59.206550125+00:00,0.015134667,,
"1-Wire","reset",2025-09-04T08:21:59.221749750+00:00,0.014881167,,
"1-Wire","reset",2025-09-04T08:21:59.236705333+00:00,0.014937042,,
"1-Wire","reset",2025-09-04T08:21:59.251716833+00:00,0.0150365,,
"1-Wire","reset",2025-09-04T08:21:59.266808500+00:00,0.014812167,,
"1-Wire","reset",2025-09-04T08:21:59.281694750+00:00,0.014940625,,
"1-Wire","reset",2025-09-04T08:21:59.296719125+00:00,0.014871208,,
"1-Wire","reset",2025-09-04T08:21:59.311603958+00:00,0.015096125,,
"1-Wire","reset",2025-09-04T08:21:59.326783875+00:00,0.014680042,,
"1-Wire","reset",2025-09-04T08:21:59.341477542+00:00,0.014782625,,
"1-Wire","reset",2025-09-04T08:21:59.356273833+00:00,0.015391625,,
"1-Wire","reset",2025-09-04T08:21:59.371749042+00:00,0.014897875,,
"1-Wire","reset",2025-09-04T08:21:59.386730750+00:00,0.014735292,,
"1-Wire","reset",2025-09-04T08:21:59.401549792+00:00,0.015125792,,
"1-Wire","reset",2025-09-04T08:21:59.416749958+00:00,0.014712,,
"1-Wire","reset",2025-09-04T08:21:59.431536208+00:00,0.015085625,,
"1-Wire","reset",2025-09-04T08:21:59.446626042+00:00,0.01497425,,
"1-Wire","reset",2025-09-04T08:21:59.461613917+00:00,0.0150605,,
"1-Wire","reset",2025-09-04T08:21:59.476757875+00:00,0.0148755,,
"1-Wire","reset",2025-09-04T08:21:59.491716833+00:00,0.014897458,,
"1-Wire","reset",2025-09-04T08:21:59.506698083+00:00,0.014717042,,
"1-Wire","reset",2025-09-04T08:21:59.521480083+00:00,0.015219708,,
"1-Wire","reset",2025-09-04T08:21:59.536783375+00:00,0.01487025,,
"1-Wire","reset",2025-09-04T08:21:59.551737208+00:00,0.014909958,,
"1-Wire","reset",2025-09-04T08:21:59.566730708+00:00,0.014866792,,
"1-Wire","reset",2025-09-04T08:21:59.581662208+00:00,0.014977917,,
"1-Wire","reset",2025-09-04T08:21:59.596723708+00:00,0.014921792,,
"1-Wire","reset",2025-09-04T08:21:59.611719958+00:00,0.014890875,,
"1-Wire","reset",2025-09-04T08:21:59.626676208+00:00,0.01499325,,
"1-Wire","reset",2025-09-04T08:21:59.641763333+00:00,0.014992708,,
"1-Wire","reset",2025-09-04T08:21:59.656830958+00:00,0.014811792,,
"1-Wire","reset",2025-09-04T08:21:59.671726667+00:00,0.014981583,,
"1-Wire","reset",2025-09-04T08:21:59.686782958+00:00,0.014900083,,
"1-Wire","reset",2025-09-04T08:21:59.701757125+00:00,0.014844208,,
"1-Wire","reset",2025-09-04T08:21:59.716684958+00:00,0.014943583,,
"1-Wire","reset",2025-09-04T08:21:59.731702625+00:00,0.014935625,,
"1-Wire","reset",2025-09-04T08:21:59.746712333+00:00,0.014936458,,
"1-Wire","reset",2025-09-04T08:21:59.761732292+00:00,0.014913042,,
"1-Wire","reset",2025-09-04T08:21:59.776710333+00:00,0.014844625,,
"1-Wire","reset",2025-09-04T08:21:59.791620083+00:00,0.014997208,,
"1-Wire","reset",2025-09-04T08:21:59.806682167+00:00,0.01475375,,
"1-Wire","reset",2025-09-04T08:21:59.821519583+00:00,0.015147,,
"1-Wire","reset",2025-09-04T08:21:59.836750250+00:00,0.014920792,,
"1-Wire","reset",2025-09-04T08:21:59.851755000+00:00,0.014870958,,
"1-Wire","reset",2025-09-04T08:21:59.866690583+00:00,0.014912792,,
"1-Wire","reset",2025-09-04T08:21:59.881686958+00:00,0.014904792,,
"1-Wire","reset",2025-09-04T08:21:59.896675333+00:00,0.015015583,,
"1-Wire","reset",2025-09-04T08:21:59.911765458+00:00,0.014855292,,
"1-Wire","reset",2025-09-04T08:21:59.926694833+00:00,0.015013125,,
"1-Wire","reset",2025-09-04T08:21:59.941782500+00:00,0.014846458,,
"1-Wire","reset",2025-09-04T08:21:59.956712958+00:00,0.015015375,,
"1-Wire","reset",2025-09-04T08:21:59.971792958+00:00,0.014842167,,
"1-Wire","reset",2025-09-04T08:21:59.986691042+00:00,0.014985333,,
"1-Wire","reset",2025-09-04T08:22:00.001732333+00:00,0.015004167,,
"1-Wire","reset",2025-09-04T08:22:00.016792500+00:00,0.014792,,
"1-Wire","reset",2025-09-04T08:22:00.031659417+00:00,0.014771708,,
"1-Wire","reset",2025-09-04T08:22:00.046505375+00:00,0.01517025,,
"1-Wire","reset",2025-09-04T08:22:00.061750083+00:00,0.0147325,,
"1-Wire","reset",2025-09-04T08:22:00.076557167+00:00,0.015144167,,
"1-Wire","reset",2025-09-04T08:22:00.091795208+00:00,0.014862792,,
"1-Wire","reset",2025-09-04T08:22:00.106742417+00:00,0.014943125,,
"1-Wire","reset",2025-09-04T08:22:00.121760417+00:00,0.014919208,,
"1-Wire","reset",2025-09-04T08:22:00.136764000+00:00,0.014981125,,
"1-Wire","reset",2025-09-04T08:22:00.151810500+00:00,0.014864417,,
"1-Wire","reset",2025-09-04T08:22:00.166768792+00:00,0.01497825,,
"1-Wire","reset",2025-09-04T08:22:00.181822167+00:00,0.014784542,,
"1-Wire","reset",2025-09-04T08:22:00.196681167+00:00,0.01501525,,
"1-Wire","reset",2025-09-04T08:22:00.211789875+00:00,0.014871083,,
"1-Wire","reset",2025-09-04T08:22:00.226744542+00:00,0.014889375,,
"1-Wire","reset",2025-09-04T08:22:00.241717792+00:00,0.014913167,,
"1-Wire","reset",2025-09-04T08:22:00.256705833+00:00,0.014992292,,
"1-Wire","reset",2025-09-04T08:22:00.271763542+00:00,0.014944333,,
"1-Wire","reset",2025-09-04T08:22:00.286754375+00:00,0.014918292,,
"1-Wire","reset",2025-09-04T08:22:00.301728542+00:00,0.014927125,,
"1-Wire","reset",2025-09-04T08:22:00.316711542+00:00,0.014985625,,
"1-Wire","reset",2025-09-04T08:22:00.331743583+00:00,0.014889667,,
"1-Wire","reset",2025-09-04T08:22:00.346689208+00:00,0.014966917,,
"1-Wire","reset",2025-09-04T08:22:00.361693083+00:00,0.014995958,,
"1-Wire","reset",2025-09-04T08:22:00.376735458+00:00,0.014932708,,
"1-Wire","reset",2025-09-04T08:22:00.391714542+00:00,0.01491575,,
"1-Wire","reset",2025-09-04T08:22:00.406695708+00:00,0.014949667,,
"1-Wire","reset",2025-09-04T08:22:00.421710750+00:00,0.014925708,,
"1-Wire","reset",2025-09-04T08:22:00.436682792+00:00,0.015042125,,
"1-Wire","reset",2025-09-04T08:22:00.451799833+00:00,0.014814333,,
"1-Wire","reset",2025-09-04T08:22:00.466688625+00:00,0.015010542,,
"1-Wire","reset",2025-09-04T08:22:00.481773625+00:00,0.014909292,,
"1-Wire","reset",2025-09-04T08:22:00.496738083+00:00,0.014910917,,
"1-Wire","reset",2025-09-04T08:22:00.511733083+00:00,0.014930833,,
"1-Wire","reset",2025-09-04T08:22:00.526729375+00:00,0.014964208,,
"1-Wire","reset",2025-09-04T08:22:00.541740000+00:00,0.014922833,,
"1-Wire","reset",2025-09-04T08:22:00.556737708+00:00,0.014874625,,
"1-Wire","reset",2025-09-04T08:22:00.571686833+00:00,0.015034625,,
"1-Wire","reset",2025-09-04T08:22:00.586795958+00:00,0.014828625,,
"1-Wire","reset",2025-09-04T08:22:00.601689500+00:00,0.015053458,,
"1-Wire","reset",2025-09-04T08:22:00.616807625+00:00,0.014851208,,
"1-Wire","reset",2025-09-04T08:22:00.631742375+00:00,0.014916917,,
"1-Wire","reset",2025-09-04T08:22:00.646742833+00:00,0.014944625,,
"1-Wire","reset",2025-09-04T08:22:00.661752917+00:00,0.0148905,,
"1-Wire","reset",2025-09-04T08:22:00.676699375+00:00,0.01497475,,
"1-Wire","reset",2025-09-04T08:22:00.691720542+00:00,0.014957125,,
"1-Wire","reset",2025-09-04T08:22:00.706743083+00:00,0.01488275,,
"1-Wire","reset",2025-09-04T08:22:00.721672250+00:00,0.014985625,,
"1-Wire","reset",2025-09-04T08:22:00.736713750+00:00,0.014943792,,
"1-Wire","reset",2025-09-04T08:22:00.751694458+00:00,0.014976583,,
"1-Wire","reset",2025-09-04T08:22:00.766727000+00:00,0.014944208,,
"1-Wire","reset",2025-09-04T08:22:00.781727083+00:00,0.014926542,,
"1-Wire","reset",2025-09-04T08:22:00.796700042+00:00,0.014925667,,
"1-Wire","reset",2025-09-04T08:22:00.811681667+00:00,0.014865333,,
"1-Wire","reset",2025-09-04T08:22:00.826631167+00:00,0.015045708,,
"1-Wire","reset",2025-09-04T08:22:00.841761292+00:00,0.014878833,,
"1-Wire","reset",2025-09-04T08:22:00.856715125+00:00,0.014944375,,
"1-Wire","reset",2025-09-04T08:22:00.871724792+00:00,0.01493,,
"1-Wire","reset",2025-09-04T08:22:00.886729625+00:00,0.014942875,,
"1-Wire","reset",2025-09-04T08:22:00.901756833+00:00,0.014979625,,
"1-Wire","reset",2025-09-04T08:22:00.916820833+00:00,0.014876625,,
"1-Wire","reset",2025-09-04T08:22:00.931772333+00:00,0.014922417,,
"1-Wire","reset",2025-09-04T08:22:00.946779125+00:00,0.014917375,,
"1-Wire","reset",2025-09-04T08:22:00.961780875+00:00,0.014892292,,
"1-Wire","reset",2025-09-04T08:22:00.976757583+00:00,0.014920167,,
"1-Wire","reset",2025-09-04T08:22:00.991752583+00:00,0.014985333,,
"1-Wire","reset",2025-09-04T08:22:01.006812958+00:00,0.014879208,,
"1-Wire","reset",2025-09-04T08:22:01.021776542+00:00,0.014916875,,
"1-Wire","reset",2025-09-04T08:22:01.036768333+00:00,0.01494575,,
"1-Wire","reset",2025-09-04T08:22:01.051798542+00:00,0.014923833,,
"1-Wire","reset",2025-09-04T08:22:01.066806792+00:00,0.014864208,,
"1-Wire","reset",2025-09-04T08:22:01.081755292+00:00,0.014970875,,
"1-Wire","reset",2025-09-04T08:22:01.096820083+00:00,0.014895125,,
"1-Wire","reset",2025-09-04T08:22:01.111780625+00:00,0.014886625,,
"1-Wire","reset",2025-09-04T08:22:01.126742083+00:00,0.014959667,,
"1-Wire","reset",2025-09-04T08:22:01.141786208+00:00,0.014907375,,
"1-Wire","reset",2025-09-04T08:22:01.156768667+00:00,0.014891333,,
"1-Wire","reset",2025-09-04T08:22:01.171734792+00:00,0.014925542,,
"1-Wire","reset",2025-09-04T08:22:01.186735208+00:00,0.014598208,,
"1-Wire","reset",2025-09-04T08:22:01.201407625+00:00,0.015281583,,
"1-Wire","reset",2025-09-04T08:22:01.216754250+00:00,0.014869667,,
"1-Wire","reset",2025-09-04T08:22:01.231707458+00:00,0.014955792,,
"1-Wire","reset",2025-09-04T08:22:01.246737708+00:00,0.014909583,,
"1-Wire","reset",2025-09-04T08:22:01.261703208+00:00,0.014930292,,
"1-Wire","reset",2025-09-04T08:22:01.276698833+00:00,0.0150105,,
"1-Wire","reset",2025-09-04T08:22:01.291784250+00:00,0.014817875,,
"1-Wire","reset",2025-09-04T08:22:01.306686083+00:00,0.015016625,,
"1-Wire","reset",2025-09-04T08:22:01.321777458+00:00,0.014879792,,
"1-Wire","reset",2025-09-04T08:22:01.336731375+00:00,0.014675208,,
"1-Wire","reset",2025-09-04T08:22:01.351462250+00:00,0.015217625,,
"1-Wire","reset",2025-09-04T08:22:01.366726292+00:00,0.014971208,,
"1-Wire","reset",2025-09-04T08:22:01.381753458+00:00,0.014913792,,
"1-Wire","reset",2025-09-04T08:22:01.396694667+00:00,0.014962,,
"1-Wire","reset",2025-09-04T08:22:01.411703083+00:00,0.01491625,,
"1-Wire","reset",2025-09-04T08:22:01.426694042+00:00,0.014745208,,
"1-Wire","reset",2025-09-04T08:22:01.441504000+00:00,0.015145375,,
"1-Wire","reset",2025-09-04T08:22:01.456714417+00:00,0.014721042,,
"1-Wire","reset",2025-09-04T08:22:01.471481708+00:00,0.015144125,,
"1-Wire","reset",2025-09-04T08:22:01.486662792+00:00,0.014900583,,
"1-Wire","reset",2025-09-04T08:22:01.501647583+00:00,0.015040708,,
"1-Wire","reset",2025-09-04T08:22:01.516772667+00:00,0.014912375,,
"1-Wire","reset",2025-09-04T08:22:01.531759958+00:00,0.014923292,,
"1-Wire","reset",2025-09-04T08:22:01.546767667+00:00,0.014902833,,
"1-Wire","reset",2025-09-04T08:22:01.561745333+00:00,0.014905292,,
"1-Wire","reset",2025-09-04T08:22:01.576735250+00:00,0.014933458,,
"1-Wire","reset",2025-09-04T08:22:01.591753083+00:00,0.014841292,,
"1-Wire","reset",2025-09-04T08:22:01.606659333+00:00,0.014951083,,
"1-Wire","reset",2025-09-04T08:22:01.621665917+00:00,0.015005917,,
"1-Wire","reset",2025-09-04T08:22:01.636755875+00:00,0.014931792,,
"1-Wire","reset",2025-09-04T08:22:01.651761750+00:00,0.014655667,,
"1-Wire","reset",2025-09-04T08:22:01.666463708+00:00,0.015144208,,
"1-Wire","reset",2025-09-04T08:22:01.681673375+00:00,0.014961875,,
"1-Wire","reset",2025-09-04T08:22:01.696672208+00:00,0.014943167,,
"1-Wire","reset",2025-09-04T08:22:01.711671333+00:00,0.01494275,,
"1-Wire","reset",2025-09-04T08:22:01.726651083+00:00,0.014992792,,
"1-Wire","reset",2025-09-04T08:22:01.741699833+00:00,0.014950708,,
"1-Wire","reset",2025-09-04T08:22:01.756696917+00:00,0.014945792,,
"1-Wire","reset",2025-09-04T08:22:01.771689125+00:00,0.014963625,,
"1-Wire","reset",2025-09-04T08:22:01.786718250+00:00,0.014934917,,
"1-Wire","reset",2025-09-04T08:22:01.801699583+00:00,0.014915,,
"1-Wire","reset",2025-09-04T08:22:01.816670542+00:00,0.01495575,,
"1-Wire","reset",2025-09-04T08:22:01.831672708+00:00,0.014974792,,
"1-Wire","reset",2025-09-04T08:22:01.846693917+00:00,0.0149135,,
"1-Wire","reset",2025-09-04T08:22:01.861653875+00:00,0.014948708,,
"1-Wire","reset",2025-09-04T08:22:01.876668083+00:00,0.015003625,,
"1-Wire","reset",2025-09-04T08:22:01.891737208+00:00,0.014876958,,
"1-Wire","reset",2025-09-04T08:22:01.906660625+00:00,0.014976375,,
"1-Wire","reset",2025-09-04T08:22:01.921683417+00:00,0.01491575,,
"1-Wire","reset",2025-09-04T08:22:01.936645625+00:00,0.01498525,,
"1-Wire","reset",2025-09-04T08:22:01.951686792+00:00,0.014968208,,
"1-Wire","reset",2025-09-04T08:22:01.966720375+00:00,0.0149075,,
"1-Wire","reset",2025-09-04T08:22:01.981664792+00:00,0.014993583,,
"1-Wire","reset",2025-09-04T08:22:01.996704792+00:00,0.014916875,,
"1-Wire","reset",2025-09-04T08:22:02.011677583+00:00,0.014963917,,
"1-Wire","reset",2025-09-04T08:22:02.026678375+00:00,0.01498525,,
"1-Wire","reset",2025-09-04T08:22:02.041719583+00:00,0.014954708,,
"1-Wire","reset",2025-09-04T08:22:02.056730292+00:00,0.014964375,,
"1-Wire","reset",2025-09-04T08:22:02.071750667+00:00,0.014904958,,
"1-Wire","reset",2025-09-04T08:22:02.086692583+00:00,0.014878542,,
"1-Wire","reset",2025-09-04T08:22:02.101645917+00:00,0.015053875,,
"1-Wire","reset",2025-09-04T08:22:02.116784208+00:00,0.014869125,,
"1-Wire","reset",2025-09-04T08:22:02.131737667+00:00,0.014932292,,
"1-Wire","reset",2025-09-04T08:22:02.146754333+00:00,0.014956333,,
"1-Wire","reset",2025-09-04T08:22:02.161785792+00:00,0.014916083,,
"1-Wire","reset",2025-09-04T08:22:02.176786292+00:00,0.014947375,,
"1-Wire","reset",2025-09-04T08:22:02.191818042+00:00,0.014885042,,
"1-Wire","reset",2025-09-04T08:22:02.206787500+00:00,0.014887,,
"1-Wire","reset",2025-09-04T08:22:02.221749375+00:00,0.014975833,,
"1-Wire","reset",2025-09-04T08:22:02.236800083+00:00,0.01483575,,
"1-Wire","reset",2025-09-04T08:22:02.251720167+00:00,0.014938125,,
"1-Wire","reset",2025-09-04T08:22:02.266752167+00:00,0.014911875,,
"1-Wire","reset",2025-09-04T08:22:02.281748458+00:00,0.01496025,,
"1-Wire","reset",2025-09-04T08:22:02.296793125+00:00,0.014860583,,
"1-Wire","reset",2025-09-04T08:22:02.311728708+00:00,0.014900333,,
"1-Wire","reset",2025-09-04T08:22:02.326713333+00:00,0.0149695,,
"1-Wire","reset",2025-09-04T08:22:02.341767250+00:00,0.014901583,,
"1-Wire","reset",2025-09-04T08:22:02.356734250+00:00,0.014942042,,
"1-Wire","reset",2025-09-04T08:22:02.371760708+00:00,0.014881792,,
"1-Wire","reset",2025-09-04T08:22:02.386726833+00:00,0.014913375,,
"1-Wire","reset",2025-09-04T08:22:02.401715125+00:00,0.014888125,,
"1-Wire","reset",2025-09-04T08:22:02.416687167+00:00,0.014983625,,
"1-Wire","reset",2025-09-04T08:22:02.431745333+00:00,0.014877917,,
"1-Wire","reset",2025-09-04T08:22:02.446706792+00:00,0.014872375,,
"1-Wire","reset",2025-09-04T08:22:02.461672750+00:00,0.014929083,,
"1-Wire","reset",2025-09-04T08:22:02.476648250+00:00,0.015012292,,
"1-Wire","reset",2025-09-04T08:22:02.491726042+00:00,0.014894917,,
"1-Wire","reset",2025-09-04T08:22:02.506676875+00:00,0.0149825,,
"1-Wire","reset",2025-09-04T08:22:02.521715375+00:00,0.014928375,,
"1-Wire","reset",2025-09-04T08:22:02.536671125+00:00,0.014991292,,
"1-Wire","reset",2025-09-04T08:22:02.551718417+00:00,0.014944667,,
"1-Wire","reset",2025-09-04T08:22:02.566719083+00:00,0.014981542,,
"1-Wire","reset",2025-09-04T08:22:02.581756625+00:00,0.014866042,,
"1-Wire","reset",2025-09-04T08:22:02.596678583+00:00,0.014975875,,
"1-Wire","reset",2025-09-04T08:22:02.611710375+00:00,0.014942417,,
"1-Wire","reset",2025-09-04T08:22:02.626699167+00:00,0.014935125,,
"1-Wire","reset",2025-09-04T08:22:02.641680708+00:00,0.014972,,
"1-Wire","reset",2025-09-04T08:22:02.656708708+00:00,0.014946375,,
"1-Wire","reset",2025-09-04T08:22:02.671701458+00:00,0.014881958,,
"1-Wire","reset",2025-09-04T08:22:02.686639375+00:00,0.015002625,,
"1-Wire","reset",2025-09-04T08:22:02.701669417+00:00,0.014937083,,
"1-Wire","reset",2025-09-04T08:22:02.716662458+00:00,0.0149405,,
"1-Wire","reset",2025-09-04T08:22:02.731658917+00:00,0.0149825,,
"1-Wire","reset",2025-09-04T08:22:02.746678333+00:00,0.014878417,,
"1-Wire","reset",2025-09-04T08:22:02.761641042+00:00,0.015077167,,
"1-Wire","reset",2025-09-04T08:22:02.776802583+00:00,0.014875625,,
"1-Wire","reset",2025-09-04T08:22:02.791772083+00:00,0.014877458,,
"1-Wire","reset",2025-09-04T08:22:02.806733917+00:00,0.014922625,,
"1-Wire","reset",2025-09-04T08:22:02.821731375+00:00,0.014934375,,
"1-Wire","reset",2025-09-04T08:22:02.836750208+00:00,0.014842208,,
"1-Wire","reset",2025-09-04T08:22:02.851666875+00:00,0.0149315,,
"1-Wire","reset",2025-09-04T08:22:02.866691833+00:00,0.014952333,,
"1-Wire","reset",2025-09-04T08:22:02.881699333+00:00,0.014921875,,
"1-Wire","reset",2025-09-04T08:22:02.896705333+00:00,0.014723208,,
"1-Wire","reset",2025-09-04T08:22:02.911484250+00:00,0.015092,,
"1-Wire","reset",2025-09-04T08:22:02.926622708+00:00,0.01503275,,
"1-Wire","reset",2025-09-04T08:22:02.941711417+00:00,0.014905792,,
"1-Wire","reset",2025-09-04T08:22:02.956654125+00:00,0.014874375,,
"1-Wire","reset",2025-09-04T08:22:02.971612708+00:00,0.015095708,,
"1-Wire","reset",2025-09-04T08:22:02.986802292+00:00,0.014817917,,
"1-Wire","reset",2025-09-04T08:22:03.001695042+00:00,0.014916208,,
"1-Wire","reset",2025-09-04T08:22:03.016695583+00:00,0.014970083,,
"1-Wire","reset",2025-09-04T08:22:03.031740583+00:00,0.014792333,,
"1-Wire","reset",2025-09-04T08:22:03.046597708+00:00,0.015043083,,
"1-Wire","reset",2025-09-04T08:22:03.061715292+00:00,0.014951,,
"1-Wire","reset",2025-09-04T08:22:03.076730917+00:00,0.014620042,,
"1-Wire","reset",2025-09-04T08:22:03.091416125+00:00,0.015128167,,
"1-Wire","reset",2025-09-04T08:22:03.106600125+00:00,0.015002042,,
"1-Wire","reset",2025-09-04T08:22:03.121639125+00:00,0.014977458,,
"1-Wire","reset",2025-09-04T08:22:03.136672458+00:00,0.014959458,,
"1-Wire","reset",2025-09-04T08:22:03.151697375+00:00,0.014917083,,
"1-Wire","reset",2025-09-04T08:22:03.166670375+00:00,0.014934875,,
"1-Wire","reset",2025-09-04T08:22:03.181651667+00:00,0.014971417,,
"1-Wire","reset",2025-09-04T08:22:03.196669500+00:00,0.014935625,,
"1-Wire","reset",2025-09-04T08:22:03.211679917+00:00,0.014966375,,
"1-Wire","reset",2025-09-04T08:22:03.226730833+00:00,0.014911667,,
"1-Wire","reset",2025-09-04T08:22:03.241717333+00:00,0.014903625,,
"1-Wire","reset",2025-09-04T08:22:03.256705292+00:00,0.01496375,,
"1-Wire","reset",2025-09-04T08:22:03.271734417+00:00,0.014925375,,
"1-Wire","reset",2025-09-04T08:22:03.286753708+00:00,0.014825958,,
"1-Wire","reset",2025-09-04T08:22:03.301654125+00:00,0.014988167,,
"1-Wire","reset",2025-09-04T08:22:03.316726292+00:00,0.014848208,,
"1-Wire","reset",2025-09-04T08:22:03.331648958+00:00,0.015006833,,
"1-Wire","reset",2025-09-04T08:22:03.346729875+00:00,0.014885583,,
"1-Wire","reset",2025-09-04T08:22:03.361671333+00:00,0.0149645,,
"1-Wire","reset",2025-09-04T08:22:03.376701292+00:00,0.014884625,,
"1-Wire","reset",2025-09-04T08:22:03.391641875+00:00,0.014945042,,
"1-Wire","reset",2025-09-04T08:22:03.406652375+00:00,0.015031875,,
"1-Wire","reset",2025-09-04T08:22:03.421730708+00:00,0.014896458,,
"1-Wire","reset",2025-09-04T08:22:03.436673583+00:00,0.014961208,,
"1-Wire","reset",2025-09-04T08:22:03.451681167+00:00,0.014951833,,
"1-Wire","reset",2025-09-04T08:22:03.466698417+00:00,0.01486075,,
"1-Wire","reset",2025-09-04T08:22:03.481643500+00:00,0.014998958,,
"1-Wire","reset",2025-09-04T08:22:03.496736542+00:00,0.014945333,,
"1-Wire","reset",2025-09-04T08:22:03.511775750+00:00,0.014856833,,
"1-Wire","reset",2025-09-04T08:22:03.526707458+00:00,0.014841292,,
"1-Wire","reset",2025-09-04T08:22:03.541632667+00:00,0.01501775,,
"1-Wire","reset",2025-09-04T08:22:03.556734375+00:00,0.014872167,,
"1-Wire","reset",2025-09-04T08:22:03.571690083+00:00,0.01494125,,
"1-Wire","reset",2025-09-04T08:22:03.586715292+00:00,0.014862333,,
"1-Wire","reset",2025-09-04T08:22:03.601614583+00:00,0.015000875,,
"1-Wire","reset",2025-09-04T08:22:03.616671375+00:00,0.014927417,,
"1-Wire","reset",2025-09-04T08:22:03.631645250+00:00,0.014960625,,
"1-Wire","reset",2025-09-04T08:22:03.646652250+00:00,0.014923875,,
"1-Wire","reset",2025-09-04T08:22:03.661632083+00:00,0.014955958,,
"1-Wire","reset",2025-09-04T08:22:03.676653458+00:00,0.014972833,,
"1-Wire","reset",2025-09-04T08:22:03.691672708+00:00,0.014931167,,
"1-Wire","reset",2025-09-04T08:22:03.706659792+00:00,0.014901167,,
"1-Wire","reset",2025-09-04T08:22:03.721635792+00:00,0.014955583,,
"1-Wire","reset",2025-09-04T08:22:03.736656000+00:00,0.014998375,,
"1-Wire","reset",2025-09-04T08:22:03.751738417+00:00,0.014815708,,
"1-Wire","reset",2025-09-04T08:22:03.766638250+00:00,0.014955708,,
"1-Wire","reset",2025-09-04T08:22:03.781668083+00:00,0.014927917,,
"1-Wire","reset",2025-09-04T08:22:03.796679500+00:00,0.014942625,,
"1-Wire","reset",2025-09-04T08:22:03.811715542+00:00,0.014892042,,
"1-Wire","reset",2025-09-04T08:22:03.826691500+00:00,0.014929667,,
"1-Wire","reset",2025-09-04T08:22:03.841695958+00:00,0.014905167,,
"1-Wire","reset",2025-09-04T08:22:03.856675958+00:00,0.014975875,,
"1-Wire","reset",2025-09-04T08:22:03.871745750+00:00,0.014921917,,
"1-Wire","reset",2025-09-04T08:22:03.886733083+00:00,0.0148845,,
"1-Wire","reset",2025-09-04T08:22:03.901682917+00:00,0.014977958,,
"1-Wire","reset",2025-09-04T08:22:03.916735917+00:00,0.014930667,,
"1-Wire","reset",2025-09-04T08:22:03.931722500+00:00,0.014865333,,
"1-Wire","reset",2025-09-04T08:22:03.946672167+00:00,0.014987625,,
"1-Wire","reset",2025-09-04T08:22:03.961744167+00:00,0.014901833,,
"1-Wire","reset",2025-09-04T08:22:03.976711333+00:00,0.014921625,,
"1-Wire","reset",2025-09-04T08:22:03.991717333+00:00,0.014850917,,
"1-Wire","reset",2025-09-04T08:22:04.006633208+00:00,0.014986083,,
"1-Wire","reset",2025-09-04T08:22:04.021693750+00:00,0.014851708,,
"1-Wire","reset",2025-09-04T08:22:04.036629417+00:00,0.015033917,,
"1-Wire","reset",2025-09-04T08:22:04.051737458+00:00,0.014843792,,
"1-Wire","reset",2025-09-04T08:22:04.066627708+00:00,0.014959625,,
"1-Wire","reset",2025-09-04T08:22:04.081643250+00:00,0.014960792,,
"1-Wire","reset",2025-09-04T08:22:04.096650458+00:00,0.014957375,,
"1-Wire","reset",2025-09-04T08:22:04.111654250+00:00,0.014951292,,
"1-Wire","reset",2025-09-04T08:22:04.126642458+00:00,0.014971583,,
"1-Wire","reset",2025-09-04T08:22:04.141660458+00:00,0.014953958,,
"1-Wire","reset",2025-09-04T08:22:04.156670333+00:00,0.0149635,,
"1-Wire","reset",2025-09-04T08:22:04.171689708+00:00,0.014897083,,
"1-Wire","reset",2025-09-04T08:22:04.186642708+00:00,0.014915833,,
"1-Wire","reset",2025-09-04T08:22:04.201633458+00:00,0.014742542,,
"1-Wire","reset",2025-09-04T08:22:04.216459708+00:00,0.01517825,,
"1-Wire","reset",2025-09-04T08:22:04.231712500+00:00,0.01487175,,
"1-Wire","reset",2025-09-04T08:22:04.246659042+00:00,0.014985042,,
"1-Wire","reset",2025-09-04T08:22:04.261719000+00:00,0.01494625,,
"1-Wire","reset",2025-09-04T08:22:04.276740167+00:00,0.014868583,,
"1-Wire","reset",2025-09-04T08:22:04.291693125+00:00,0.014990167,,
"1-Wire","reset",2025-09-04T08:22:04.306767667+00:00,0.014856583,,
"1-Wire","reset",2025-09-04T08:22:04.321680083+00:00,0.014975917,,
"1-Wire","reset",2025-09-04T08:22:04.336740417+00:00,0.014906083,,
"1-Wire","reset",2025-09-04T08:22:04.351731083+00:00,0.014807583,,
"1-Wire","reset",2025-09-04T08:22:04.366613125+00:00,0.0150345,,
"1-Wire","reset",2025-09-04T08:22:04.381722208+00:00,0.014897042,,
"1-Wire","reset",2025-09-04T08:22:04.396712250+00:00,0.014865333,,
"1-Wire","reset",2025-09-04T08:22:04.411651667+00:00,0.014946958,,
"1-Wire","reset",2025-09-04T08:22:04.426672708+00:00,0.014921417,,
"1-Wire","reset",2025-09-04T08:22:04.441678042+00:00,0.014721,,
"1-Wire","reset",2025-09-04T08:22:04.456454792+00:00,0.0151525,,
"1-Wire","reset",2025-09-04T08:22:04.471653708+00:00,0.014974292,,
"1-Wire","reset",2025-09-04T08:22:04.486674458+00:00,0.014965167,,
"1-Wire","reset",2025-09-04T08:22:04.501686083+00:00,0.014926,,
"1-Wire","reset",2025-09-04T08:22:04.516658458+00:00,0.014950167,,
"1-Wire","reset",2025-09-04T08:22:04.531664583+00:00,0.014858458,,
"1-Wire","reset",2025-09-04T08:22:04.546616833+00:00,0.015065875,,
"1-Wire","reset",2025-09-04T08:22:04.561767083+00:00,0.014827208,,
"1-Wire","reset",2025-09-04T08:22:04.576659625+00:00,0.014938542,,
"1-Wire","reset",2025-09-04T08:22:04.591682750+00:00,0.014965583,,
"1-Wire","reset",2025-09-04T08:22:04.606732667+00:00,0.014913458,,
"1-Wire","reset",2025-09-04T08:22:04.621730542+00:00,0.014916167,,
"1-Wire","reset",2025-09-04T08:22:04.636731125+00:00,0.014867,,
"1-Wire","reset",2025-09-04T08:22:04.651682458+00:00,0.014958333,,
"1-Wire","reset",2025-09-04T08:22:04.666725208+00:00,0.014912458,,
"1-Wire","reset",2025-09-04T08:22:04.681731583+00:00,0.014896542,,
"1-Wire","reset",2025-09-04T08:22:04.696722000+00:00,0.014872583,,
"1-Wire","reset",2025-09-04T08:22:04.711669417+00:00,0.014976458,,
"1-Wire","reset",2025-09-04T08:22:04.726720792+00:00,0.014958042,,
"1-Wire","reset",2025-09-04T08:22:04.741744417+00:00,0.014808708,,
"1-Wire","reset",2025-09-04T08:22:04.756646625+00:00,0.014963417,,
"1-Wire","reset",2025-09-04T08:22:04.771684500+00:00,0.014910917,,
"1-Wire","reset",2025-09-04T08:22:04.786669500+00:00,0.014929375,,
"1-Wire","reset",2025-09-04T08:22:04.801682458+00:00,0.014895208,,
"1-Wire","reset",2025-09-04T08:22:04.816642333+00:00,0.014817458,,
"1-Wire","reset",2025-09-04T08:22:04.831524500+00:00,0.015071833,,
"1-Wire","reset",2025-09-04T08:22:04.846642750+00:00,0.014950375,,
"1-Wire","reset",2025-09-04T08:22:04.861630042+00:00,0.014957208,,
"1-Wire","reset",2025-09-04T08:22:04.876662083+00:00,0.014941917,,
"1-Wire","reset",2025-09-04T08:22:04.891669292+00:00,0.0149345,,
"1-Wire","reset",2025-09-04T08:22:04.906678625+00:00,0.014933125,,
"1-Wire","reset",2025-09-04T08:22:04.921696292+00:00,0.014877292,,
"1-Wire","reset",2025-09-04T08:22:04.936657917+00:00,0.014970458,,
"1-Wire","reset",2025-09-04T08:22:04.951712750+00:00,0.014921792,,
"1-Wire","reset",2025-09-04T08:22:04.966709417+00:00,0.0149245,,
"1-Wire","reset",2025-09-04T08:22:04.981699333+00:00,0.014859833,,
"1-Wire","reset",2025-09-04T08:22:04.996633625+00:00,0.014947083,,
"1-Wire","reset",2025-09-04T08:22:05.011655208+00:00,0.014997917,,
"1-Wire","reset",2025-09-04T08:22:05.026717792+00:00,0.014908167,,
"1-Wire","reset",2025-09-04T08:22:05.041700625+00:00,0.014894333,,
"1-Wire","reset",2025-09-04T08:22:05.056650875+00:00,0.014974,,
"1-Wire","reset",2025-09-04T08:22:05.071680792+00:00,0.014927083,,
"1-Wire","reset",2025-09-04T08:22:05.086635292+00:00,0.014968792,,
"1-Wire","reset",2025-09-04T08:22:05.101660000+00:00,0.014946208,,
"1-Wire","reset",2025-09-04T08:22:05.116671667+00:00,0.014957958,,
"1-Wire","reset",2025-09-04T08:22:05.131685542+00:00,0.01491875,,
"1-Wire","reset",2025-09-04T08:22:05.146660208+00:00,0.014950542,,
"1-Wire","reset",2025-09-04T08:22:05.161666667+00:00,0.0148775,,
"1-Wire","reset",2025-09-04T08:22:05.176619042+00:00,0.015032458,,
"1-Wire","reset",2025-09-04T08:22:05.191716917+00:00,0.014909833,,
"1-Wire","reset",2025-09-04T08:22:05.206720875+00:00,0.014907708,,
"1-Wire","reset",2025-09-04T08:22:05.221684500+00:00,0.014832833,,
"1-Wire","reset",2025-09-04T08:22:05.236601250+00:00,0.015008667,,
"1-Wire","reset",2025-09-04T08:22:05.251703375+00:00,0.014918375,,
"1-Wire","reset",2025-09-04T08:22:05.266714833+00:00,0.014675875,,
"1-Wire","reset",2025-09-04T08:22:05.281446375+00:00,0.01514175,,
"1-Wire","reset",2025-09-04T08:22:05.296625042+00:00,0.01497175,,
"1-Wire","reset",2025-09-04T08:22:05.311652750+00:00,0.014907542,,
"1-Wire","reset",2025-09-04T08:22:05.326606708+00:00,0.014968417,,
"1-Wire","reset",2025-09-04T08:22:05.341621542+00:00,0.014958792,,
"1-Wire","reset",2025-09-04T08:22:05.356626750+00:00,0.014973625,,
"1-Wire","reset",2025-09-04T08:22:05.371646833+00:00,0.014945333,,
"1-Wire","reset",2025-09-04T08:22:05.386638583+00:00,0.014937125,,
"1-Wire","reset",2025-09-04T08:22:05.401631625+00:00,0.01497825,,
"1-Wire","reset",2025-09-04T08:22:05.416646750+00:00,0.014927208,,
"1-Wire","reset",2025-09-04T08:22:05.431639375+00:00,0.014960875,,
"1-Wire","reset",2025-09-04T08:22:05.446656208+00:00,0.014941292,,
"1-Wire","reset",2025-09-04T08:22:05.461653417+00:00,0.014942625,,
"1-Wire","reset",2025-09-04T08:22:05.476642417+00:00,0.01495875,,
"1-Wire","reset",2025-09-04T08:22:05.491638042+00:00,0.014944125,,
"1-Wire","reset",2025-09-04T08:22:05.506628583+00:00,0.0149585,,
"1-Wire","reset",2025-09-04T08:22:05.521624000+00:00,0.014913792,,
"1-Wire","reset",2025-09-04T08:22:05.536622125+00:00,0.014903833,,
"1-Wire","reset",2025-09-04T08:22:05.551581375+00:00,0.015000958,,
"1-Wire","reset",2025-09-04T08:22:05.566675833+00:00,0.014943042,,
"1-Wire","reset",2025-09-04T08:22:05.581702458+00:00,0.01493975,,
"1-Wire","reset",2025-09-04T08:22:05.596707375+00:00,0.014840333,,
"1-Wire","reset",2025-09-04T08:22:05.611594083+00:00,0.014877042,,
"1-Wire","reset",2025-09-04T08:22:05.626555250+00:00,0.015051042,,
"1-Wire","reset",2025-09-04T08:22:05.641681375+00:00,0.014902625,,
"1-Wire","reset",2025-09-04T08:22:05.656668417+00:00,0.014956292,,
"1-Wire","reset",2025-09-04T08:22:05.671699667+00:00,0.014900792,,
"1-Wire","reset",2025-09-04T08:22:05.686675375+00:00,0.014923042,,
"1-Wire","reset",2025-09-04T08:22:05.701682792+00:00,0.014911125,,
"1-Wire","reset",2025-09-04T08:22:05.716687833+00:00,0.014923667,,
"1-Wire","reset",2025-09-04T08:22:05.731676875+00:00,0.014902792,,
"1-Wire","reset",2025-09-04T08:22:05.746654542+00:00,0.014977458,,
"1-Wire","reset",2025-09-04T08:22:05.761716417+00:00,0.014902375,,
"1-Wire","reset",2025-09-04T08:22:05.776703208+00:00,0.014941875,,
"1-Wire","reset",2025-09-04T08:22:05.791729708+00:00,0.014910875,,
"1-Wire","reset",2025-09-04T08:22:05.806724917+00:00,0.014880417,,
"1-Wire","reset",2025-09-04T08:22:05.821670750+00:00,0.014960583,,
"1-Wire","reset",2025-09-04T08:22:05.836706208+00:00,0.014783,,
"1-Wire","reset",2025-09-04T08:22:05.851563583+00:00,0.015073208,,
"1-Wire","reset",2025-09-04T08:22:05.866711292+00:00,0.014858875,,
"1-Wire","reset",2025-09-04T08:22:05.881644250+00:00,0.014872167,,
"1-Wire","reset",2025-09-04T08:22:05.896590500+00:00,0.014951417,,
"1-Wire","reset",2025-09-04T08:22:05.911625458+00:00,0.014920375,,
"1-Wire","reset",2025-09-04T08:22:05.926629750+00:00,0.014864417,,
"1-Wire","reset",2025-09-04T08:22:05.941559542+00:00,0.0149575,,
"1-Wire","reset",2025-09-04T08:22:05.956601625+00:00,0.0150675,,
"1-Wire","reset",2025-09-04T08:22:05.971753500+00:00,0.014831458,,
"1-Wire","reset",2025-09-04T08:22:05.986650333+00:00,0.014945458,,
"1-Wire","reset",2025-09-04T08:22:06.001670667+00:00,0.014949167,,
"1-Wire","reset",2025-09-04T08:22:06.016694667+00:00,0.014900792,,
"1-Wire","reset",2025-09-04T08:22:06.031670417+00:00,0.014898,,
"1-Wire","reset",2025-09-04T08:22:06.046652750+00:00,0.014996375,,
"1-Wire","reset",2025-09-04T08:22:06.061714542+00:00,0.014921792,,
"1-Wire","reset",2025-09-04T08:22:06.076711292+00:00,0.014924417,,
"1-Wire","reset",2025-09-04T08:22:06.091691583+00:00,0.014848167,,
"1-Wire","reset",2025-09-04T08:22:06.106614417+00:00,0.014860792,,
"1-Wire","reset",2025-09-04T08:22:06.121549583+00:00,0.014956333,,
"1-Wire","reset",2025-09-04T08:22:06.136589917+00:00,0.014930958,,
"1-Wire","reset",2025-09-04T08:22:06.151585917+00:00,0.0150495,,
"1-Wire","reset",2025-09-04T08:22:06.166710042+00:00,0.014915125,,
"1-Wire","reset",2025-09-04T08:22:06.181708833+00:00,0.014882375,,
"1-Wire","reset",2025-09-04T08:22:06.196674833+00:00,0.014657458,,
"1-Wire","reset",2025-09-04T08:22:06.211387958+00:00,0.015227125,,
"1-Wire","reset",2025-09-04T08:22:06.226652083+00:00,0.014933208,,
"1-Wire","reset",2025-09-04T08:22:06.241650792+00:00,0.003577125,,
"1-Wire","reset",2025-09-04T08:22:06.249474125+00:00,0.000842667,,
"1-Wire","reset",2025-09-04T08:22:06.250318375+00:00,0.004982708,,
"1-Wire","presence",2025-09-04T08:22:06.262567250+00:00,0.000241125,,
"1-Wire","invalid_rom_command",2025-09-04T08:22:06.262809958+00:00,0.004518583,0xE0,
"1-Wire","data",2025-09-04T08:22:06.267453375+00:00,0.000247292,,0x2F
"1-Wire","data",2025-09-04T08:22:06.267733250+00:00,0.000168958,,0x05
"1-Wire","data",2025-09-04T08:22:06.267922208+00:00,0.000165458,,0x82
"1-Wire","data",2025-09-04T08:22:06.268107458+00:00,0.000158833,,0x4A
"1-Wire","data",2025-09-04T08:22:06.268282667+00:00,0.000160333,,0x20
"1-Wire","data",2025-09-04T08:22:06.268470917+00:00,0.000195917,,0x10
"1-Wire","data",2025-09-04T08:22:06.268681542+00:00,0.000163958,,0xA5
"1-Wire","data",2025-09-04T08:22:06.268864792+00:00,0.000186542,,0x00
"1-Wire","data",2025-09-04T08:22:06.269077833+00:00,0.000191292,,0x08
"1-Wire","data",2025-09-04T08:22:06.269284708+00:00,0.000184458,,0x00
"1-Wire","reset",2025-09-04T08:22:06.270445708+00:00,0.001182083,,
"1-Wire","reset",2025-09-04T08:22:06.271683792+00:00,0.014896125,,
"1-Wire","reset",2025-09-04T08:22:06.286635917+00:00,0.014894292,,
"1-Wire","reset",2025-09-04T08:22:06.301605125+00:00,0.014998917,,
"1-Wire","reset",2025-09-04T08:22:06.316688500+00:00,0.014938958,,
"1-Wire","reset",2025-09-04T08:22:06.331673875+00:00,0.014982583,,
"1-Wire","reset",2025-09-04T08:22:06.346722083+00:00,0.0148985,,
"1-Wire","reset",2025-09-04T08:22:06.361686042+00:00,0.014821458,,
"1-Wire","reset",2025-09-04T08:22:06.376572500+00:00,0.015018708,,
"1-Wire","reset",2025-09-04T08:22:06.391665708+00:00,0.014949875,,
"1-Wire","reset",2025-09-04T08:22:06.406699208+00:00,0.0149065,,
"1-Wire","reset",2025-09-04T08:22:06.421680417+00:00,0.014895792,,
"1-Wire","reset",2025-09-04T08:22:06.436641708+00:00,0.01495075,,
"1-Wire","reset",2025-09-04T08:22:06.451648417+00:00,0.014944375,,
"1-Wire","reset",2025-09-04T08:22:06.466639292+00:00,0.014909625,,
"1-Wire","reset",2025-09-04T08:22:06.481614375+00:00,0.014957458,,
"1-Wire","reset",2025-09-04T08:22:06.496618250+00:00,0.014927333,,
"1-Wire","reset",2025-09-04T08:22:06.511582542+00:00,0.015012958,,
"1-Wire","reset",2025-09-04T08:22:06.526632458+00:00,0.014831292,,
"1-Wire","reset",2025-09-04T08:22:06.541548000+00:00,0.015034833,,
"1-Wire","reset",2025-09-04T08:22:06.556648250+00:00,0.014904042,,
"1-Wire","reset",2025-09-04T08:22:06.571626750+00:00,0.014941167,,
"1-Wire","reset",2025-09-04T08:22:06.586632917+00:00,0.014962625,,
"1-Wire","reset",2025-09-04T08:22:06.601669708+00:00,0.014810625,,
"1-Wire","reset",2025-09-04T08:22:06.616573667+00:00,0.014962125,,
"1-Wire","reset",2025-09-04T08:22:06.631619458+00:00,0.014919167,,
"1-Wire","reset",2025-09-04T08:22:06.646622583+00:00,0.014885958,,
"1-Wire","reset",2025-09-04T08:22:06.661583583+00:00,0.015045583,,
"1-Wire","reset",2025-09-04T08:22:06.676694708+00:00,0.014886875,,
"1-Wire","reset",2025-09-04T08:22:06.691647042+00:00,0.014929542,,
"1-Wire","reset",2025-09-04T08:22:06.706623042+00:00,0.01496975,,
"1-Wire","reset",2025-09-04T08:22:06.721639250+00:00,0.014916208,,
"1-Wire","reset",2025-09-04T08:22:06.736639875+00:00,0.014895917,,
"1-Wire","reset",2025-09-04T08:22:06.751610667+00:00,0.015001208,,
"1-Wire","reset",2025-09-04T08:22:06.766686833+00:00,0.014903375,,
"1-Wire","reset",2025-09-04T08:22:06.781665167+00:00,0.014920292,,
"1-Wire","reset",2025-09-04T08:22:06.796669833+00:00,0.01488925,,
"1-Wire","reset",2025-09-04T08:22:06.811643500+00:00,0.014939417,,
"1-Wire","reset",2025-09-04T08:22:06.826667333+00:00,0.01492,,
"1-Wire","reset",2025-09-04T08:22:06.841662458+00:00,0.014904917,,
"1-Wire","reset",2025-09-04T08:22:06.856651750+00:00,0.014939333,,
"1-Wire","reset",2025-09-04T08:22:06.871685042+00:00,0.01495825,,
"1-Wire","reset",2025-09-04T08:22:06.886718208+00:00,0.014798583,,
"1-Wire","reset",2025-09-04T08:22:06.901591250+00:00,0.014981792,,
"1-Wire","reset",2025-09-04T08:22:06.916647542+00:00,0.014929042,,
"1-Wire","reset",2025-09-04T08:22:06.931669667+00:00,0.014953792,,
"1-Wire","reset",2025-09-04T08:22:06.946660250+00:00,0.014846,,
"1-Wire","reset",2025-09-04T08:22:06.961571750+00:00,0.015020542,,
"1-Wire","reset",2025-09-04T08:22:06.976629250+00:00,0.014864667,,
"1-Wire","reset",2025-09-04T08:22:06.991578292+00:00,0.014984083,,
"1-Wire","reset",2025-09-04T08:22:07.006646792+00:00,0.0148285,,
"1-Wire","reset",2025-09-04T08:22:07.021540208+00:00,0.015033875,,
"1-Wire","reset",2025-09-04T08:22:07.036658333+00:00,0.014910375,,
"1-Wire","reset",2025-09-04T08:22:07.051633417+00:00,0.014866,,
"1-Wire","reset",2025-09-04T08:22:07.066583083+00:00,0.014983125,,
"1-Wire","reset",2025-09-04T08:22:07.081640333+00:00,0.014944792,,
"1-Wire","reset",2025-09-04T08:22:07.096650292+00:00,0.014917333,,
"1-Wire","reset",2025-09-04T08:22:07.111623542+00:00,0.014911083,,
"1-Wire","reset",2025-09-04T08:22:07.126590583+00:00,0.015022792,,
"1-Wire","reset",2025-09-04T08:22:07.141669375+00:00,0.0148765,,
"1-Wire","reset",2025-09-04T08:22:07.156592333+00:00,0.015027208,,
"1-Wire","reset",2025-09-04T08:22:07.171675542+00:00,0.014875042,,
"1-Wire","reset",2025-09-04T08:22:07.186635000+00:00,0.013706958,,
"1-Wire","reset",2025-09-04T08:22:07.200425667+00:00,0.016115292,,
"1-Wire","reset",2025-09-04T08:22:07.216634375+00:00,0.014908667,,
"1-Wire","reset",2025-09-04T08:22:07.231598958+00:00,0.014971792,,
"1-Wire","reset",2025-09-04T08:22:07.246626708+00:00,0.014939917,,
"1-Wire","reset",2025-09-04T08:22:07.261603542+00:00,0.014918333,,
"1-Wire","reset",2025-09-04T08:22:07.276596750+00:00,0.015039833,,
"1-Wire","reset",2025-09-04T08:22:07.291702000+00:00,0.014842417,,
"1-Wire","reset",2025-09-04T08:22:07.306609792+00:00,0.014996875,,
"1-Wire","reset",2025-09-04T08:22:07.321700750+00:00,0.0148435,,
"1-Wire","reset",2025-09-04T08:22:07.336619083+00:00,0.014967417,,
"1-Wire","reset",2025-09-04T08:22:07.351670917+00:00,0.01490575,,
"1-Wire","reset",2025-09-04T08:22:07.366651625+00:00,0.014900583,,
"1-Wire","reset",2025-09-04T08:22:07.381636625+00:00,0.0149275,,
"1-Wire","reset",2025-09-04T08:22:07.396648542+00:00,0.014977667,,
"1-Wire","reset",2025-09-04T08:22:07.411691667+00:00,0.01480925,,
"1-Wire","reset",2025-09-04T08:22:07.426565917+00:00,0.0149975,,
"1-Wire","reset",2025-09-04T08:22:07.441647458+00:00,0.014918167,,
"1-Wire","reset",2025-09-04T08:22:07.456630292+00:00,0.014926667,,
"1-Wire","reset",2025-09-04T08:22:07.471612667+00:00,0.014889792,,
"1-Wire","reset",2025-09-04T08:22:07.486548917+00:00,0.014974458,,
"1-Wire","reset",2025-09-04T08:22:07.501579333+00:00,0.014944917,,
"1-Wire","reset",2025-09-04T08:22:07.516580208+00:00,0.014903083,,
"1-Wire","reset",2025-09-04T08:22:07.531558333+00:00,0.015060167,,
"1-Wire","reset",2025-09-04T08:22:07.546693458+00:00,0.014817125,,
"1-Wire","reset",2025-09-04T08:22:07.561585083+00:00,0.014966875,,
"1-Wire","reset",2025-09-04T08:22:07.576636000+00:00,0.014935667,,
"1-Wire","reset",2025-09-04T08:22:07.591655250+00:00,0.014954417,,
"1-Wire","reset",2025-09-04T08:22:07.606674875+00:00,0.014885375,,
"1-Wire","reset",2025-09-04T08:22:07.621616250+00:00,0.01495175,,
"1-Wire","reset",2025-09-04T08:22:07.636614458+00:00,0.014968833,,
"1-Wire","reset",2025-09-04T08:22:07.651629708+00:00,0.014947333,,
"1-Wire","reset",2025-09-04T08:22:07.666613958+00:00,0.0149585,,
"1-Wire","reset",2025-09-04T08:22:07.681618917+00:00,0.014940042,,
"1-Wire","reset",2025-09-04T08:22:07.696624417+00:00,0.014880042,,
"1-Wire","reset",2025-09-04T08:22:07.711560417+00:00,0.014986667,,
"1-Wire","reset",2025-09-04T08:22:07.726603083+00:00,0.014948042,,
"1-Wire","reset",2025-09-04T08:22:07.741597542+00:00,0.01490325,,
"1-Wire","reset",2025-09-04T08:22:07.756575708+00:00,0.014997917,,
"1-Wire","reset",2025-09-04T08:22:07.771648583+00:00,0.014918458,,
"1-Wire","reset",2025-09-04T08:22:07.786651458+00:00,0.014918667,,
"1-Wire","reset",2025-09-04T08:22:07.801664083+00:00,0.014911042,,
"1-Wire","reset",2025-09-04T08:22:07.816650042+00:00,0.014875042,,
"1-Wire","reset",2025-09-04T08:22:07.831609667+00:00,0.01502575,,
"1-Wire","reset",2025-09-04T08:22:07.846700792+00:00,0.014870375,,
"1-Wire","reset",2025-09-04T08:22:07.861655625+00:00,0.014921917,,
"1-Wire","reset",2025-09-04T08:22:07.876661958+00:00,0.01486075,,
"1-Wire","reset",2025-09-04T08:22:07.891607042+00:00,0.0149785,,
"1-Wire","reset",2025-09-04T08:22:07.906669958+00:00,0.014891917,,
"1-Wire","reset",2025-09-04T08:22:07.921627292+00:00,0.014932792,,
"1-Wire","reset",2025-09-04T08:22:07.936654000+00:00,0.0149365,,
"1-Wire","reset",2025-09-04T08:22:07.951674917+00:00,0.014892,,
"1-Wire","reset",2025-09-04T08:22:07.966660417+00:00,0.014947083,,
"1-Wire","reset",2025-09-04T08:22:07.981691750+00:00,0.014921917,,
"1-Wire","reset",2025-09-04T08:22:07.996706792+00:00,0.014920583,,
"1-Wire","reset",2025-09-04T08:22:08.011692583+00:00,0.014820708,,
"1-Wire","reset",2025-09-04T08:22:08.026559708+00:00,0.015031917,,
"1-Wire","reset",2025-09-04T08:22:08.041628583+00:00,0.014928625,,
"1-Wire","reset",2025-09-04T08:22:08.056613167+00:00,0.0149445,,
"1-Wire","reset",2025-09-04T08:22:08.071604042+00:00,0.014937542,,
"1-Wire","reset",2025-09-04T08:22:08.086578542+00:00,0.014954875,,
"1-Wire","reset",2025-09-04T08:22:08.101579875+00:00,0.014939,,
"1-Wire","reset",2025-09-04T08:22:08.116565375+00:00,0.014940167,,
"1-Wire","reset",2025-09-04T08:22:08.131571042+00:00,0.015005,,
"1-Wire","reset",2025-09-04T08:22:08.146622500+00:00,0.014953875,,
"1-Wire","reset",2025-09-04T08:22:08.161632333+00:00,0.014921792,,
"1-Wire","reset",2025-09-04T08:22:08.176610083+00:00,0.014956875,,
"1-Wire","reset",2025-09-04T08:22:08.191613375+00:00,0.014893625,,
"1-Wire","reset",2025-09-04T08:22:08.206553458+00:00,0.014971208,,
"1-Wire","reset",2025-09-04T08:22:08.221571083+00:00,0.015010458,,
"1-Wire","reset",2025-09-04T08:22:08.236618500+00:00,0.014910958,,
"1-Wire","reset",2025-09-04T08:22:08.251575917+00:00,0.01499875,,
"1-Wire","reset",2025-09-04T08:22:08.266630625+00:00,0.014935208,,
"1-Wire","reset",2025-09-04T08:22:08.281621792+00:00,0.014978458,,
"1-Wire","reset",2025-09-04T08:22:08.296665750+00:00,0.014881833,,
"1-Wire","reset",2025-09-04T08:22:08.311594042+00:00,0.014918792,,
"1-Wire","reset",2025-09-04T08:22:08.326559333+00:00,0.014995833,,
"1-Wire","reset",2025-09-04T08:22:08.341611167+00:00,0.014970083,,
"1-Wire","reset",2025-09-04T08:22:08.356637250+00:00,0.01494025,,
"1-Wire","reset",2025-09-04T08:22:08.371633500+00:00,0.014911208,,
"1-Wire","reset",2025-09-04T08:22:08.386600708+00:00,0.014943833,,
"1-Wire","reset",2025-09-04T08:22:08.401628958+00:00,0.014913417,,
"1-Wire","reset",2025-09-04T08:22:08.416626875+00:00,0.014987458,,
"1-Wire","reset",2025-09-04T08:22:08.431689250+00:00,0.014886833,,
"1-Wire","reset",2025-09-04T08:22:08.446660500+00:00,0.014951875,,
"1-Wire","reset",2025-09-04T08:22:08.461696792+00:00,0.014903583,,
"1-Wire","reset",2025-09-04T08:22:08.476675292+00:00,0.014865417,,
"1-Wire","reset",2025-09-04T08:22:08.491625125+00:00,0.014951708,,
"1-Wire","reset",2025-09-04T08:22:08.506661292+00:00,0.014934083,,
"1-Wire","reset",2025-09-04T08:22:08.521661000+00:00,0.01496525,,
"1-Wire","reset",2025-09-04T08:22:08.536710625+00:00,0.014874083,,
"1-Wire","reset",2025-09-04T08:22:08.551640625+00:00,0.014974667,,
"1-Wire","reset",2025-09-04T08:22:08.566680667+00:00,0.014899417,,
"1-Wire","reset",2025-09-04T08:22:08.581655083+00:00,0.01488625,,
"1-Wire","reset",2025-09-04T08:22:08.596625750+00:00,0.014973125,,
"1-Wire","reset",2025-09-04T08:22:08.611683292+00:00,0.014884542,,
"1-Wire","reset",2025-09-04T08:22:08.626661792+00:00,0.014909708,,
"1-Wire","reset",2025-09-04T08:22:08.641646458+00:00,0.014918167,,
"1-Wire","reset",2025-09-04T08:22:08.656639542+00:00,0.014923667,,
"1-Wire","reset",2025-09-04T08:22:08.671628833+00:00,0.014896375,,
"1-Wire","reset",2025-09-04T08:22:08.686600125+00:00,0.014976917,,
"1-Wire","reset",2025-09-04T08:22:08.701661500+00:00,0.014945542,,
"1-Wire","reset",2025-09-04T08:22:08.716672458+00:00,0.014823875,,
"1-Wire","reset",2025-09-04T08:22:08.731580750+00:00,0.014891292,,
"1-Wire","reset",2025-09-04T08:22:08.746546542+00:00,0.015007458,,
"1-Wire","reset",2025-09-04T08:22:08.761619000+00:00,0.014906958,,
"1-Wire","reset",2025-09-04T08:22:08.776600125+00:00,0.014889792,,
"1-Wire","reset",2025-09-04T08:22:08.791564000+00:00,0.014936333,,
"1-Wire","reset",2025-09-04T08:22:08.806583875+00:00,0.0149135,,
"1-Wire","reset",2025-09-04T08:22:08.821581542+00:00,0.014872958,,
"1-Wire","reset",2025-09-04T08:22:08.836519958+00:00,0.015057167,,
"1-Wire","reset",2025-09-04T08:22:08.851642667+00:00,0.014908875,,
"1-Wire","reset",2025-09-04T08:22:08.866588458+00:00,0.014939875,,
"1-Wire","reset",2025-09-04T08:22:08.881593750+00:00,0.014978542,,
"1-Wire","reset",2025-09-04T08:22:08.896628292+00:00,0.014879625,,
"1-Wire","reset",2025-09-04T08:22:08.911554417+00:00,0.014904417,,
"1-Wire","reset",2025-09-04T08:22:08.926514667+00:00,0.015008625,,
"1-Wire","reset",2025-09-04T08:22:08.941607708+00:00,0.014941333,,
"1-Wire","reset",2025-09-04T08:22:08.956633458+00:00,0.014937042,,
"1-Wire","reset",2025-09-04T08:22:08.971635958+00:00,0.014940917,,
"1-Wire","reset",2025-09-04T08:22:08.986661333+00:00,0.014876958,,
"1-Wire","reset",2025-09-04T08:22:09.001613208+00:00,0.014929667,,
"1-Wire","reset",2025-09-04T08:22:09.016627292+00:00,0.014885125,,
"1-Wire","reset",2025-09-04T08:22:09.031577333+00:00,0.014982667,,
"1-Wire","reset",2025-09-04T08:22:09.046644042+00:00,0.014891208,,
"1-Wire","reset",2025-09-04T08:22:09.061619042+00:00,0.014834625,,
"1-Wire","reset",2025-09-04T08:22:09.076527875+00:00,0.014925,,
"1-Wire","reset",2025-09-04T08:22:09.091527125+00:00,0.014984458,,
"1-Wire","reset",2025-09-04T08:22:09.106595583+00:00,0.014907125,,
"1-Wire","reset",2025-09-04T08:22:09.121549208+00:00,0.014974083,,
"1-Wire","reset",2025-09-04T08:22:09.136579208+00:00,0.014968458,,
"1-Wire","reset",2025-09-04T08:22:09.151603667+00:00,0.014955333,,
"1-Wire","reset",2025-09-04T08:22:09.166615000+00:00,0.014933833,,
"1-Wire","reset",2025-09-04T08:22:09.181585792+00:00,0.014952792,,
"1-Wire","reset",2025-09-04T08:22:09.196594542+00:00,0.014942792,,
"1-Wire","reset",2025-09-04T08:22:09.211593250+00:00,0.014955708,,
"1-Wire","reset",2025-09-04T08:22:09.226604958+00:00,0.014906042,,
"1-Wire","reset",2025-09-04T08:22:09.241557417+00:00,0.014928875,,
"1-Wire","reset",2025-09-04T08:22:09.256532792+00:00,0.014993583,,
"1-Wire","reset",2025-09-04T08:22:09.271572792+00:00,0.014891042,,
"1-Wire","reset",2025-09-04T08:22:09.286529208+00:00,0.015028125,,
"1-Wire","reset",2025-09-04T08:22:09.301641833+00:00,0.014880917,,
"1-Wire","reset",2025-09-04T08:22:09.316607167+00:00,0.014937875,,
"1-Wire","reset",2025-09-04T08:22:09.331620000+00:00,0.0149375,,
"1-Wire","reset",2025-09-04T08:22:09.346641958+00:00,0.014878792,,
"1-Wire","reset",2025-09-04T08:22:09.361595708+00:00,0.014872208,,
"1-Wire","reset",2025-09-04T08:22:09.376542583+00:00,0.01501675,,
"1-Wire","reset",2025-09-04T08:22:09.391633875+00:00,0.014852417,,
"1-Wire","reset",2025-09-04T08:22:09.406569875+00:00,0.014921792,,
"1-Wire","reset",2025-09-04T08:22:09.421566167+00:00,0.0148785,,
"1-Wire","reset",2025-09-04T08:22:09.436500583+00:00,0.015032833,,
"1-Wire","reset",2025-09-04T08:22:09.451598958+00:00,0.014908042,,
"1-Wire","reset",2025-09-04T08:22:09.466553417+00:00,0.014927333,,
"1-Wire","reset",2025-09-04T08:22:09.481536708+00:00,0.014995208,,
"1-Wire","reset",2025-09-04T08:22:09.496578333+00:00,0.014977208,,
"1-Wire","reset",2025-09-04T08:22:09.511611542+00:00,0.014860458,,
"1-Wire","reset",2025-09-04T08:22:09.526528042+00:00,0.014947458,,
"1-Wire","reset",2025-09-04T08:22:09.541531458+00:00,0.015042792,,
"1-Wire","reset",2025-09-04T08:22:09.556611250+00:00,0.014950583,,
"1-Wire","reset",2025-09-04T08:22:09.571617792+00:00,0.014908458,,
"1-Wire","reset",2025-09-04T08:22:09.586572708+00:00,0.014932333,,
"1-Wire","reset",2025-09-04T08:22:09.601570458+00:00,0.014975833,,
"1-Wire","reset",2025-09-04T08:22:09.616611833+00:00,0.014873292,,
"1-Wire","reset",2025-09-04T08:22:09.631531625+00:00,0.015022125,,
"1-Wire","reset",2025-09-04T08:22:09.646590750+00:00,0.014908542,,
"1-Wire","reset",2025-09-04T08:22:09.661545750+00:00,0.014930958,,
"1-Wire","reset",2025-09-04T08:22:09.676532667+00:00,0.015033917,,
"1-Wire","reset",2025-09-04T08:22:09.691613083+00:00,0.014927625,,
"1-Wire","reset",2025-09-04T08:22:09.706587167+00:00,0.014972042,,
"1-Wire","reset",2025-09-04T08:22:09.721624750+00:00,0.014908333,,
"1-Wire","reset",2025-09-04T08:22:09.736579458+00:00,0.014890208,,
"1-Wire","reset",2025-09-04T08:22:09.751544583+00:00,0.015016583,,
"1-Wire","reset",2025-09-04T08:22:09.766645625+00:00,0.014910708,,
"1-Wire","reset",2025-09-04T08:22:09.781631250+00:00,0.014906125,,
"1-Wire","reset",2025-09-04T08:22:09.796612292+00:00,0.014955,,
"1-Wire","reset",2025-09-04T08:22:09.811642208+00:00,0.014893833,,
"1-Wire","reset",2025-09-04T08:22:09.826620458+00:00,0.014873417,,
"1-Wire","reset",2025-09-04T08:22:09.841578500+00:00,0.014927042,,
"1-Wire","reset",2025-09-04T08:22:09.856590000+00:00,0.014948,,
"1-Wire","reset",2025-09-04T08:22:09.871631958+00:00,0.014921458,,
"1-Wire","reset",2025-09-04T08:22:09.886628333+00:00,0.014902833,,
"1-Wire","reset",2025-09-04T08:22:09.901606125+00:00,0.014962542,,
"1-Wire","reset",2025-09-04T08:22:09.916634125+00:00,0.014891292,,
"1-Wire","reset",2025-09-04T08:22:09.931609875+00:00,0.014873667,,
"1-Wire","reset",2025-09-04T08:22:09.946558042+00:00,0.01500325,,
"1-Wire","reset",2025-09-04T08:22:09.961645333+00:00,0.014905583,,
"1-Wire","reset",2025-09-04T08:22:09.976625042+00:00,0.014838833,,
"1-Wire","reset",2025-09-04T08:22:09.991538167+00:00,0.014934417,,
"1-Wire","reset",2025-09-04T08:22:10.006546750+00:00,0.014982208,,
"1-Wire","reset",2025-09-04T08:22:10.021603458+00:00,0.014943208,,
"1-Wire","reset",2025-09-04T08:22:10.036583583+00:00,0.0149645,,
"1-Wire","reset",2025-09-04T08:22:10.051604083+00:00,0.014945125,,
"1-Wire","reset",2025-09-04T08:22:10.066605208+00:00,0.014873542,,
"1-Wire","reset",2025-09-04T08:22:10.081563125+00:00,0.015019792,,
"1-Wire","reset",2025-09-04T08:22:10.096667333+00:00,0.014842917,,
"1-Wire","reset",2025-09-04T08:22:10.111575708+00:00,0.014959375,,
"1-Wire","reset",2025-09-04T08:22:10.126600458+00:00,0.014964625,,
"1-Wire","reset",2025-09-04T08:22:10.141649500+00:00,0.014860625,,
"1-Wire","reset",2025-09-04T08:22:10.156585000+00:00,0.014950917,,
"1-Wire","reset",2025-09-04T08:22:10.171610833+00:00,0.014899625,,
"1-Wire","reset",2025-09-04T08:22:10.186595125+00:00,0.014866417,,
"1-Wire","reset",2025-09-04T08:22:10.201536083+00:00,0.015016125,,
"1-Wire","reset",2025-09-04T08:22:10.216617250+00:00,0.014908667,,
"1-Wire","reset",2025-09-04T08:22:10.231590583+00:00,0.014663958,,
"1-Wire","reset",2025-09-04T08:22:10.246310292+00:00,0.015254417,,
"1-Wire","reset",2025-09-04T08:22:10.261611208+00:00,0.014956167,,
"1-Wire","reset",2025-09-04T08:22:10.276604375+00:00,0.014905,,
"1-Wire","reset",2025-09-04T08:22:10.291565375+00:00,0.014992667,,
"1-Wire","reset",2025-09-04T08:22:10.306614083+00:00,0.014878583,,
"1-Wire","reset",2025-09-04T08:22:10.321567417+00:00,0.014673083,,
"1-Wire","reset",2025-09-04T08:22:10.336324208+00:00,0.015215667,,
"1-Wire","reset",2025-09-04T08:22:10.351623917+00:00,0.014877708,,
"1-Wire","reset",2025-09-04T08:22:10.366548083+00:00,0.014962458,,
"1-Wire","reset",2025-09-04T08:22:10.381557000+00:00,0.0149945,,
"1-Wire","reset",2025-09-04T08:22:10.396588417+00:00,0.014907833,,
"1-Wire","reset",2025-09-04T08:22:10.411542708+00:00,0.014918333,,
"1-Wire","reset",2025-09-04T08:22:10.426535917+00:00,0.015004,,
"1-Wire","reset",2025-09-04T08:22:10.441624417+00:00,0.014934417,,
"1-Wire","reset",2025-09-04T08:22:10.456633708+00:00,0.014831875,,
"1-Wire","reset",2025-09-04T08:22:10.471530750+00:00,0.015006083,,
"1-Wire","reset",2025-09-04T08:22:10.486611417+00:00,0.014944167,,
"1-Wire","reset",2025-09-04T08:22:10.501648667+00:00,0.0149005,,
"1-Wire","reset",2025-09-04T08:22:10.516595417+00:00,0.014935375,,
"1-Wire","reset",2025-09-04T08:22:10.531605875+00:00,0.015023,,
"1-Wire","reset",2025-09-04T08:22:10.546665833+00:00,0.014835792,,
"1-Wire","reset",2025-09-04T08:22:10.561557583+00:00,0.014982125,,
"1-Wire","reset",2025-09-04T08:22:10.576586167+00:00,0.014939417,,
"1-Wire","reset",2025-09-04T08:22:10.591581542+00:00,0.014885583,,
"1-Wire","reset",2025-09-04T08:22:10.606523125+00:00,0.014968833,,
"1-Wire","reset",2025-09-04T08:22:10.621538417+00:00,0.014968792,,
"1-Wire","reset",2025-09-04T08:22:10.636553667+00:00,0.014977167,,
"1-Wire","reset",2025-09-04T08:22:10.651577333+00:00,0.014917792,,
"1-Wire","reset",2025-09-04T08:22:10.666541583+00:00,0.014967917,,
"1-Wire","reset",2025-09-04T08:22:10.681555917+00:00,0.01491875,,
"1-Wire","reset",2025-09-04T08:22:10.696530625+00:00,0.015030667,,
"1-Wire","reset",2025-09-04T08:22:10.711607792+00:00,0.014894625,,
"1-Wire","reset",2025-09-04T08:22:10.726548833+00:00,0.015019458,,
"1-Wire","reset",2025-09-04T08:22:10.741624292+00:00,0.014903,,
"1-Wire","reset",2025-09-04T08:22:10.756592792+00:00,0.014883333,,
"1-Wire","reset",2025-09-04T08:22:10.771522583+00:00,0.014980125,,
"1-Wire","reset",2025-09-04T08:22:10.786549167+00:00,0.014884333,,
"1-Wire","reset",2025-09-04T08:22:10.801517875+00:00,0.015013042,,
"1-Wire","reset",2025-09-04T08:22:10.816596292+00:00,0.014912625,,
"1-Wire","reset",2025-09-04T08:22:10.831593375+00:00,0.014974792,,
"1-Wire","reset",2025-09-04T08:22:10.846624083+00:00,0.014923667,,
"1-Wire","reset",2025-09-04T08:22:10.861632208+00:00,0.014900417,,
"1-Wire","reset",2025-09-04T08:22:10.876607583+00:00,0.014880875,,
"1-Wire","reset",2025-09-04T08:22:10.891562958+00:00,0.014995292,,
"1-Wire","reset",2025-09-04T08:22:10.906642542+00:00,0.014854167,,
"1-Wire","reset",2025-09-04T08:22:10.921570875+00:00,0.01499625,,
"1-Wire","reset",2025-09-04T08:22:10.936632333+00:00,0.014850833,,
"1-Wire","reset",2025-09-04T08:22:10.951539125+00:00,0.015004625,,
"1-Wire","reset",2025-09-04T08:22:10.966599750+00:00,0.01486,,
"1-Wire","reset",2025-09-04T08:22:10.981515708+00:00,0.014969333,,
"1-Wire","reset",2025-09-04T08:22:10.996550500+00:00,0.014972917,,
"1-Wire","reset",2025-09-04T08:22:11.011579458+00:00,0.01491,,
"1-Wire","reset",2025-09-04T08:22:11.026526417+00:00,0.014977208,,
"1-Wire","reset",2025-09-04T08:22:11.041559625+00:00,0.014885167,,
"1-Wire","reset",2025-09-04T08:22:11.056529208+00:00,0.014980042,,
"1-Wire","reset",2025-09-04T08:22:11.071603250+00:00,0.014926583,,
"1-Wire","reset",2025-09-04T08:22:11.086623833+00:00,0.014908542,,
"1-Wire","reset",2025-09-04T08:22:11.101626375+00:00,0.01488075,,
"1-Wire","reset",2025-09-04T08:22:11.116582083+00:00,0.014967917,,
"1-Wire","reset",2025-09-04T08:22:11.131634458+00:00,0.014829708,,
"1-Wire","reset",2025-09-04T08:22:11.146539083+00:00,0.014947,,
"1-Wire","reset",2025-09-04T08:22:11.161570458+00:00,0.014972917,,
"1-Wire","reset",2025-09-04T08:22:11.176609000+00:00,0.014848667,,
"1-Wire","reset",2025-09-04T08:22:11.191523000+00:00,0.015050792,,
"1-Wire","reset",2025-09-04T08:22:11.206658208+00:00,0.014916958,,
"1-Wire","reset",2025-09-04T08:22:11.221669125+00:00,0.014898458,,
"1-Wire","reset",2025-09-04T08:22:11.236633000+00:00,0.014920583,,
"1-Wire","reset",2025-09-04T08:22:11.251638042+00:00,0.014868042,,
"1-Wire","reset",2025-09-04T08:22:11.266590542+00:00,0.014966542,,
"1-Wire","reset",2025-09-04T08:22:11.281641542+00:00,0.014925417,,
"1-Wire","reset",2025-09-04T08:22:11.296641917+00:00,0.014871375,,
"1-Wire","reset",2025-09-04T08:22:11.311588250+00:00,0.014939042,,
"1-Wire","reset",2025-09-04T08:22:11.326611958+00:00,0.014937833,,
"1-Wire","reset",2025-09-04T08:22:11.341624750+00:00,0.014776583,,
"1-Wire","reset",2025-09-04T08:22:11.356485250+00:00,0.014798333,,
"1-Wire","reset",2025-09-04T08:22:11.371348375+00:00,0.015149208,,
"1-Wire","reset",2025-09-04T08:22:11.386571708+00:00,0.014739708,,
"1-Wire","reset",2025-09-04T08:22:11.401348208+00:00,0.01512975,,
"1-Wire","reset",2025-09-04T08:22:11.416524417+00:00,0.014909,,
"1-Wire","reset",2025-09-04T08:22:11.431527333+00:00,0.014933042,,
"1-Wire","reset",2025-09-04T08:22:11.446544375+00:00,0.014959542,,
"1-Wire","reset",2025-09-04T08:22:11.461588000+00:00,0.014927208,,
"1-Wire","reset",2025-09-04T08:22:11.476598833+00:00,0.014930708,,
"1-Wire","reset",2025-09-04T08:22:11.491575792+00:00,0.014878042,,
"1-Wire","reset",2025-09-04T08:22:11.506519292+00:00,0.014987542,,
"1-Wire","reset",2025-09-04T08:22:11.521572375+00:00,0.014842583,,
"1-Wire","reset",2025-09-04T08:22:11.536499208+00:00,0.015017083,,
"1-Wire","reset",2025-09-04T08:22:11.551600917+00:00,0.014864,,
"1-Wire","reset",2025-09-04T08:22:11.566530292+00:00,0.014968292,,
"1-Wire","reset",2025-09-04T08:22:11.581573500+00:00,0.014974208,,
"1-Wire","reset",2025-09-04T08:22:11.596632208+00:00,0.014855875,,
"1-Wire","reset",2025-09-04T08:22:11.611553417+00:00,0.0149325,,
"1-Wire","reset",2025-09-04T08:22:11.626570375+00:00,0.0148395,,
"1-Wire","reset",2025-09-04T08:22:11.641474833+00:00,0.015032,,
"1-Wire","reset",2025-09-04T08:22:11.656581375+00:00,0.014864083,,
"1-Wire","reset",2025-09-04T08:22:11.671519625+00:00,0.014917958,,
"1-Wire","reset",2025-09-04T08:22:11.686521542+00:00,0.014918583,,
"1-Wire","reset",2025-09-04T08:22:11.701505583+00:00,0.015020833,,
"1-Wire","reset",2025-09-04T08:22:11.716601458+00:00,0.014827167,,
"1-Wire","reset",2025-09-04T08:22:11.731532250+00:00,0.014978875,,
"1-Wire","reset",2025-09-04T08:22:11.746595583+00:00,0.014912083,,
"1-Wire","reset",2025-09-04T08:22:11.761592083+00:00,0.014980792,,
"1-Wire","reset",2025-09-04T08:22:11.776657250+00:00,0.01485925,,
"1-Wire","reset",2025-09-04T08:22:11.791591458+00:00,0.014887375,,
"1-Wire","reset",2025-09-04T08:22:11.806563208+00:00,0.014934333,,
"1-Wire","reset",2025-09-04T08:22:11.821572458+00:00,0.014930125,,
"1-Wire","reset",2025-09-04T08:22:11.836587083+00:00,0.014863708,,
"1-Wire","reset",2025-09-04T08:22:11.851544250+00:00,0.014917458,,
"1-Wire","reset",2025-09-04T08:22:11.866536208+00:00,0.014969167,,
"1-Wire","reset",2025-09-04T08:22:11.881589167+00:00,0.014852792,,
"1-Wire","reset",2025-09-04T08:22:11.896525583+00:00,0.014944208,,
"1-Wire","reset",2025-09-04T08:22:11.911544292+00:00,0.014879458,,
"1-Wire","reset",2025-09-04T08:22:11.926498750+00:00,0.014995542,,
"1-Wire","reset",2025-09-04T08:22:11.941550208+00:00,0.014932167,,
"1-Wire","reset",2025-09-04T08:22:11.956538333+00:00,0.014913417,,
"1-Wire","reset",2025-09-04T08:22:11.971517042+00:00,0.014736875,,
"1-Wire","reset",2025-09-04T08:22:11.986337667+00:00,0.015158042,,
"1-Wire","reset",2025-09-04T08:22:12.001570250+00:00,0.014943208,,
"1-Wire","reset",2025-09-04T08:22:12.016569458+00:00,0.014909958,,
"1-Wire","reset",2025-09-04T08:22:12.031525833+00:00,0.014926708,,
"1-Wire","reset",2025-09-04T08:22:12.046527417+00:00,0.014992375,,
"1-Wire","reset",2025-09-04T08:22:12.061604250+00:00,0.014894375,,
"1-Wire","reset",2025-09-04T08:22:12.076564042+00:00,0.014914875,,
"1-Wire","reset",2025-09-04T08:22:12.091563375+00:00,0.014878292,,
"1-Wire","reset",2025-09-04T08:22:12.106525875+00:00,0.014697375,,
